{"type":"FeatureCollection","provenance":{"source":"Natural Earth 1:10m physical land, via world-atlas@2.0.2 (land-10m.json)","naturalEarth":"https://www.naturalearthdata.com/ — public domain, no restrictions","redistribution":"world-atlas by Michael Bostock, ISC licence","clippedTo":{"lon0":-32,"lat0":17,"lon1":62,"lat1":61},"note":"Clipped to the Mediterranean frame; unsimplified. tools/build_terrain.mjs simplifies from here."},"features":[{"type":"Feature","properties":{},"geometry":{"type":"Polygon","coordinates":[[[62,61],[62,25.107],[61.9908,25.108],[61.9296,25.1097],[61.8828,25.1029],[61.8684,25.0844],[61.8648,25.0759],[61.8576,25.0675],[61.8468,25.0371],[61.836,25.0388],[61.8144,25.027],[61.7892,25.0185],[61.7532,25.0135],[61.728,25.0219],[61.7208,25.0371],[61.7244,25.059],[61.7352,25.0692],[61.728,25.0827],[61.7316,25.0911],[61.7496,25.1046],[61.7604,25.1148],[61.764,25.1215],[61.764,25.135],[61.7676,25.1452],[61.7784,25.162],[61.782,25.1739],[61.782,25.1874],[61.7784,25.1908],[61.7748,25.1891],[61.7676,25.1857],[61.764,25.184],[61.7568,25.1756],[61.7496,25.1739],[61.746,25.1756],[61.7316,25.184],[61.7244,25.1857],[61.7136,25.1874],[61.7064,25.1924],[61.7028,25.1975],[61.6956,25.2009],[61.6812,25.2009],[61.6488,25.2009],[61.6344,25.2043],[61.6236,25.2043],[61.6128,25.2009],[61.5876,25.2026],[61.5804,25.2161],[61.5804,25.233],[61.5624,25.2448],[61.5588,25.2515],[61.5552,25.2549],[61.5444,25.2482],[61.5408,25.2431],[61.5408,25.2262],[61.5372,25.2211],[61.5444,25.2161],[61.5516,25.2043],[61.5588,25.2009],[61.5372,25.2026],[61.5192,25.2093],[61.5048,25.2093],[61.4832,25.1941],[61.5048,25.1874],[61.5156,25.1823],[61.5228,25.1739],[61.5192,25.1637],[61.5048,25.1452],[61.4976,25.135],[61.4976,25.13],[61.4976,25.1249],[61.4904,25.1181],[61.476,25.1114],[61.422,25.0962],[61.4364,25.0877],[61.4112,25.059],[61.242,25.1114],[61.1844,25.1232],[61.1844,25.1401],[61.17,25.1637],[61.0296,25.2093],[60.8676,25.2347],[60.7272,25.2651],[60.6336,25.2752],[60.6156,25.2836],[60.6336,25.2954],[60.6084,25.3275],[60.6048,25.341],[60.6048,25.3968],[60.6012,25.4052],[60.5652,25.439],[60.5508,25.4474],[60.5328,25.4491],[60.5148,25.4474],[60.4464,25.4288],[60.4284,25.4204],[60.4176,25.4052],[60.4032,25.3883],[60.396,25.3782],[60.396,25.3714],[60.3996,25.3647],[60.4032,25.3444],[60.4068,25.3427],[60.414,25.341],[60.4248,25.336],[60.432,25.336],[60.4392,25.3343],[60.4428,25.3275],[60.4536,25.3174],[60.4428,25.3191],[60.4428,25.3174],[60.4716,25.3039],[60.468,25.2904],[60.4572,25.2921],[60.4248,25.3056],[60.3816,25.3208],[60.3636,25.3309],[60.3204,25.3292],[60.2916,25.3512],[60.2988,25.3681],[60.3024,25.3714],[60.288,25.3765],[60.27,25.3799],[60.234,25.3782],[60.2088,25.3731],[60.2016,25.3714],[60.1908,25.3613],[60.1908,25.3562],[60.1944,25.3512],[60.216,25.3377],[60.2088,25.3191],[60.1836,25.3191],[60.162,25.3326],[60.1512,25.336],[60.1152,25.3393],[60.108,25.3444],[60.0972,25.3579],[60.0828,25.3664],[60.0468,25.3647],[59.9928,25.3562],[59.9424,25.3545],[59.9028,25.3292],[59.8632,25.3427],[59.82,25.3799],[59.7732,25.39],[59.658,25.3833],[59.6148,25.3833],[59.5392,25.4001],[59.4888,25.444],[59.4528,25.4609],[59.3988,25.4525],[59.28,25.4339],[59.2512,25.4305],[59.1936,25.4221],[59.1396,25.3984],[59.118,25.3934],[59.1072,25.3951],[59.1,25.4018],[59.0928,25.4069],[59.0856,25.4052],[59.0748,25.4001],[59.0676,25.3984],[59.0424,25.4001],[59.0244,25.4035],[59.0064,25.4103],[58.9956,25.4204],[58.9488,25.4863],[58.9236,25.5133],[58.884,25.5302],[58.848,25.5285],[58.8408,25.5335],[58.8336,25.542],[58.83,25.5521],[58.8264,25.5606],[58.812,25.5639],[58.7292,25.5639],[58.5456,25.5943],[58.4844,25.5842],[58.4304,25.5876],[58.4124,25.596],[58.4196,25.6112],[58.3908,25.6095],[58.3584,25.6045],[58.344,25.5977],[58.3224,25.5808],[58.3044,25.5774],[58.3008,25.5791],[58.2972,25.5842],[58.29,25.5842],[58.2792,25.5741],[58.272,25.569],[58.2612,25.5656],[58.2504,25.5673],[58.2468,25.5741],[58.2432,25.5707],[58.2072,25.5487],[58.1712,25.5437],[58.1388,25.5504],[58.1064,25.5589],[58.074,25.5639],[58.0452,25.5757],[58.0236,25.6011],[57.9948,25.6585],[57.9624,25.6939],[57.9264,25.7007],[57.8832,25.6923],[57.8436,25.672],[57.8112,25.6484],[57.786,25.6348],[57.7716,25.6348],[57.7752,25.6804],[57.7788,25.6906],[57.7824,25.6956],[57.7824,25.699],[57.7824,25.7075],[57.7716,25.7311],[57.7572,25.7429],[57.7356,25.748],[57.7104,25.748],[57.6888,25.7463],[57.6312,25.7345],[57.6204,25.7362],[57.5988,25.7463],[57.588,25.748],[57.5772,25.748],[57.5556,25.7429],[57.5448,25.7412],[57.5196,25.7429],[57.4512,25.7632],[57.4584,25.7682],[57.3252,25.7767],[57.3108,25.7834],[57.3036,25.8003],[57.3,25.8493],[57.2748,25.9],[57.2604,25.9405],[57.2532,25.9591],[57.2424,25.9675],[57.2424,25.9709],[57.2208,25.9945],[57.2136,25.9962],[57.2028,25.9945],[57.1992,25.9945],[57.1956,25.9996],[57.1956,26.0114],[57.1812,26.0469],[57.1776,26.0637],[57.1668,26.0823],[57.1632,26.0941],[57.1704,26.1161],[57.2028,26.1465],[57.2136,26.1668],[57.1992,26.1988],[57.1344,26.263],[57.138,26.29],[57.1308,26.2968],[57.1236,26.3424],[57.12,26.3643],[57.1056,26.3829],[57.0876,26.3998],[57.084,26.4065],[57.0804,26.415],[57.0768,26.4386],[57.0768,26.4471],[57.0948,26.572],[57.0912,26.6193],[57.0264,26.8506],[57.012,26.8692],[56.976,26.8945],[56.9652,26.9114],[56.9652,26.9266],[56.9364,26.9452],[56.9256,26.9553],[56.94,26.9536],[56.9508,26.9587],[56.9616,26.9638],[56.9724,26.9688],[56.9652,26.9756],[56.9652,26.9857],[56.9688,26.9942],[56.9724,27.0026],[56.9436,26.9908],[56.9328,26.9891],[56.922,26.9908],[56.9184,26.9958],[56.9148,27.0009],[56.9076,27.0026],[56.904,27.006],[56.8968,27.0127],[56.8896,27.0178],[56.8716,27.0077],[56.8644,27.011],[56.8644,27.0195],[56.8644,27.0296],[56.85,27.0279],[56.8428,27.033],[56.8428,27.0397],[56.8536,27.0431],[56.8572,27.0482],[56.8752,27.0651],[56.886,27.0701],[56.886,27.0786],[56.8536,27.082],[56.832,27.0955],[56.814,27.1174],[56.8104,27.1394],[56.796,27.1292],[56.7852,27.1259],[56.7564,27.1259],[56.742,27.1292],[56.7348,27.1394],[56.724,27.1495],[56.7168,27.1529],[56.6124,27.1546],[56.5908,27.1613],[56.5836,27.1529],[56.5584,27.1647],[56.5296,27.1715],[56.4648,27.1731],[56.436,27.1782],[56.3856,27.1968],[56.3532,27.2018],[56.292,27.1985],[56.2596,27.1917],[56.238,27.1765],[56.2164,27.1681],[56.1516,27.1647],[56.1228,27.1613],[56.1156,27.1563],[56.0976,27.1411],[56.094,27.136],[56.094,27.1259],[56.0868,27.1225],[56.0796,27.1208],[56.0724,27.1157],[56.0544,27.1022],[55.986,27.0668],[55.9644,27.0482],[55.9644,27.0431],[55.9572,27.0414],[55.9392,27.0262],[55.9284,27.0229],[55.8852,27.0195],[55.842,27.0094],[55.8312,27.0094],[55.7988,27.0094],[55.788,27.0077],[55.7736,26.9975],[55.7628,26.9958],[55.7268,26.9958],[55.6944,27.0026],[55.6836,27.0026],[55.6656,26.9958],[55.6332,26.9671],[55.6188,26.9621],[55.608,26.9536],[55.554,26.8996],[55.5684,26.9047],[55.5756,26.9063],[55.5828,26.9131],[55.5864,26.8895],[55.5792,26.8591],[55.5684,26.8304],[55.554,26.8101],[55.5216,26.7848],[55.4856,26.7679],[55.4424,26.7594],[55.3956,26.7628],[55.3164,26.7865],[55.2696,26.7932],[55.2336,26.7763],[55.2228,26.7578],[55.2156,26.7392],[55.2048,26.7257],[55.1832,26.7206],[55.1616,26.7189],[55.1184,26.7071],[55.104,26.702],[55.0392,26.6497],[55.0284,26.6429],[54.9311,26.572],[54.8231,26.5163],[54.8159,26.5112],[54.8087,26.5045],[54.8015,26.4977],[54.7907,26.496],[54.7799,26.4977],[54.7619,26.5062],[54.7511,26.5095],[54.6647,26.5028],[54.6215,26.5078],[54.6035,26.5315],[54.5891,26.5602],[54.5603,26.5838],[54.5171,26.5923],[54.4271,26.5889],[54.3911,26.6058],[54.3731,26.6311],[54.3551,26.6632],[54.3371,26.6936],[54.3083,26.7155],[54.2867,26.7189],[54.2651,26.7155],[54.2471,26.7105],[54.1715,26.7054],[54.1499,26.7088],[54.0815,26.7257],[54.0635,26.729],[54.0527,26.7324],[54.0347,26.7459],[54.0275,26.7493],[54.0167,26.7493],[53.9951,26.7459],[53.9303,26.7172],[53.8835,26.7122],[53.8439,26.702],[53.8223,26.702],[53.7755,26.7138],[53.7503,26.7155],[53.7287,26.7054],[53.7143,26.7088],[53.6639,26.7493],[53.5883,26.7881],[53.4911,26.854],[53.4767,26.8709],[53.4731,26.8895],[53.4695,26.9367],[53.4623,26.957],[53.4443,26.9756],[53.4119,26.9942],[53.0735,27.0972],[53.0519,27.0988],[53.0303,27.1039],[53.0159,27.1174],[53.0051,27.1326],[52.9907,27.1461],[52.9331,27.1596],[52.9223,27.1698],[52.9151,27.1917],[52.8935,27.2035],[52.8467,27.2154],[52.7675,27.2795],[52.7315,27.3015],[52.6775,27.3217],[52.6019,27.3521],[52.5803,27.3724],[52.5803,27.3927],[52.5875,27.4062],[52.6055,27.4112],[52.6271,27.4146],[52.6451,27.4129],[52.6667,27.4146],[52.6775,27.4247],[52.6703,27.4484],[52.6559,27.4602],[52.6127,27.4754],[52.5983,27.4855],[52.5911,27.4973],[52.5731,27.5311],[52.5659,27.5413],[52.4939,27.6088],[52.4579,27.6324],[52.4219,27.6459],[52.2455,27.6814],[52.2059,27.6983],[52.0907,27.7962],[52.0511,27.8182],[52.0115,27.8334],[51.9647,27.8384],[51.8927,27.8317],[51.8783,27.8351],[51.8603,27.8452],[51.8243,27.8435],[51.7847,27.8351],[51.7235,27.8249],[51.6839,27.83],[51.5975,27.8469],[51.5867,27.8486],[51.5795,27.8553],[51.5795,27.8655],[51.5759,27.8722],[51.5687,27.8773],[51.5399,27.8823],[51.4967,27.8925],[51.4751,27.9127],[51.4535,27.9482],[51.4283,27.9617],[51.4211,27.933],[51.3995,27.9313],[51.3815,27.9921],[51.3599,28.0157],[51.3455,28.0529],[51.3059,28.1069],[51.2915,28.1221],[51.2699,28.1407],[51.2663,28.161],[51.2879,28.215],[51.2843,28.2403],[51.2663,28.2707],[51.2303,28.2977],[51.2159,28.3112],[51.1835,28.3602],[51.1511,28.3906],[51.1403,28.4007],[51.0791,28.5341],[51.0719,28.5645],[51.0719,28.6929],[51.0575,28.7351],[51.0359,28.7722],[51.0107,28.7992],[50.9783,28.8161],[50.9351,28.8246],[50.8955,28.8279],[50.8775,28.8313],[50.8667,28.8431],[50.8595,28.8617],[50.8127,28.9141],[50.8055,28.9343],[50.7983,28.9613],[50.8019,28.985],[50.8235,28.9968],[50.8415,28.9901],[50.8631,28.9765],[50.8775,28.958],[50.8883,28.9411],[50.8991,28.9495],[50.8991,28.9563],[50.8919,28.9647],[50.8955,28.9765],[50.9027,28.9833],[50.9207,28.9985],[50.9279,29.0103],[50.9315,29.0323],[50.9315,29.0542],[50.9207,29.0694],[50.9027,29.0643],[50.8919,29.0931],[50.8883,29.1049],[50.8739,29.1133],[50.8667,29.1116],[50.8595,29.1083],[50.8523,29.1049],[50.8487,29.1099],[50.8451,29.1268],[50.8451,29.1353],[50.8415,29.1403],[50.8163,29.1437],[50.7371,29.1403],[50.7191,29.137],[50.6939,29.1234],[50.6651,29.1268],[50.6435,29.1437],[50.6363,29.1707],[50.6327,29.1961],[50.6363,29.2079],[50.6435,29.2197],[50.6507,29.2332],[50.6579,29.2501],[50.6687,29.2568],[50.6831,29.2433],[50.6867,29.2839],[50.6903,29.2906],[50.6795,29.294],[50.6723,29.2991],[50.6615,29.3193],[50.6687,29.343],[50.6687,29.3818],[50.6615,29.4223],[50.6543,29.4493],[50.6435,29.4696],[50.6219,29.4932],[50.6075,29.5],[50.6075,29.4696],[50.6003,29.4814],[50.5715,29.5186],[50.5211,29.5557],[50.5103,29.5692],[50.5031,29.5861],[50.4887,29.6047],[50.4563,29.6334],[50.3987,29.6554],[50.3879,29.6655],[50.3807,29.6857],[50.3663,29.7043],[50.3411,29.7296],[50.3123,29.7634],[50.2691,29.836],[50.2439,29.8664],[50.2259,29.8816],[50.1827,29.9036],[50.1431,29.9373],[50.1431,29.9424],[50.1395,29.9542],[50.1359,29.9728],[50.1323,29.9829],[50.1503,29.9846],[50.1539,29.9914],[50.1467,29.9981],[50.1323,30.0049],[50.1431,30.0387],[50.1215,30.0944],[50.1287,30.1214],[50.1143,30.1298],[50.0963,30.1484],[50.0855,30.1687],[50.0783,30.1856],[50.0747,30.1957],[50.0603,30.2041],[50.0495,30.2075],[50.0243,30.216],[49.9883,30.2193],[49.9523,30.2143],[49.9163,30.2041],[49.5995,30.0302],[49.5635,30.0167],[49.5311,30.0235],[49.5023,30.0589],[49.5023,30.0741],[49.5023,30.1197],[49.4951,30.1366],[49.4879,30.1467],[49.4843,30.1518],[49.4807,30.1569],[49.4699,30.1619],[49.4591,30.1653],[49.4483,30.167],[49.4267,30.1687],[49.4159,30.167],[49.3943,30.1636],[49.3835,30.1619],[49.3727,30.1636],[49.3583,30.1737],[49.3511,30.1754],[49.3295,30.1721],[49.2935,30.1585],[49.2719,30.1552],[49.2467,30.1569],[49.2359,30.1653],[49.2359,30.2058],[49.2323,30.2092],[49.2215,30.2176],[49.2143,30.2244],[49.2143,30.2295],[49.2143,30.2447],[49.2179,30.2514],[49.2215,30.2582],[49.2215,30.2649],[49.2107,30.2717],[49.2035,30.2548],[49.1927,30.2379],[49.1783,30.2261],[49.1603,30.2244],[49.1423,30.2328],[49.1351,30.2464],[49.1243,30.2565],[49.1063,30.2582],[49.0847,30.2649],[49.0163,30.2987],[49.0019,30.3088],[48.9983,30.3409],[48.9803,30.3612],[48.9551,30.373],[48.9227,30.3814],[48.9335,30.3966],[48.9479,30.4017],[48.9911,30.3949],[49.0091,30.3966],[49.0451,30.4051],[49.0631,30.4085],[49.0811,30.4034],[49.1243,30.3848],[49.1387,30.3814],[49.1603,30.3781],[49.1747,30.373],[49.1891,30.3629],[49.2035,30.346],[49.2071,30.3595],[49.2287,30.3899],[49.2575,30.422],[49.2611,30.4321],[49.2647,30.449],[49.2431,30.4456],[49.2287,30.454],[49.2179,30.4692],[49.2107,30.5064],[49.1999,30.5013],[49.1855,30.4878],[49.1675,30.4777],[49.1711,30.4895],[49.1711,30.4929],[49.1747,30.498],[49.1675,30.5081],[49.1567,30.5064],[49.1495,30.4996],[49.1351,30.498],[49.1279,30.5013],[49.1171,30.5148],[49.1099,30.5182],[49.1027,30.5165],[49.0955,30.5115],[49.0883,30.5115],[49.0703,30.5131],[49.0523,30.5182],[49.0343,30.5199],[49.0163,30.5115],[48.9803,30.5148],[48.9515,30.4996],[48.9443,30.4794],[48.9731,30.4692],[49.0055,30.4642],[49.0307,30.4507],[49.0379,30.4321],[49.0163,30.4152],[49.0019,30.4152],[48.9479,30.422],[48.9335,30.4186],[48.8795,30.3747],[48.8759,30.3696],[48.8687,30.3578],[48.8615,30.346],[48.8723,30.3358],[48.8687,30.3291],[48.8615,30.3223],[48.8579,30.3156],[48.8687,30.2953],[48.8831,30.2801],[48.9047,30.2666],[48.9227,30.2497],[48.9299,30.2328],[48.9371,30.2109],[48.9407,30.1653],[48.9407,30.1518],[48.9299,30.1315],[48.9263,30.1214],[48.9299,30.1096],[48.9335,30.091],[48.9335,30.0792],[48.9299,30.0606],[48.9155,30.042],[48.8975,30.0302],[48.8759,30.0251],[48.8075,30.0319],[48.7931,30.0251],[48.7715,30.0319],[48.7031,30.0319],[48.6599,30.0522],[48.6419,30.0555],[48.6419,30.0387],[48.6455,30.0268],[48.6599,30.0066],[48.6599,29.9931],[48.6599,29.9829],[48.6527,29.9745],[48.6419,29.9677],[48.6347,29.9627],[48.6095,29.9576],[48.5375,29.9627],[48.5375,29.9694],[48.5303,29.9644],[48.5303,29.961],[48.5303,29.9559],[48.5555,29.9559],[48.5591,29.9458],[48.5483,29.934],[48.5195,29.9289],[48.4115,29.939],[48.3359,29.961],[48.2999,29.9846],[48.2639,29.9948],[48.2099,30.0251],[48.1667,30.037],[48.1199,30.0454],[48.0767,30.0454],[48.0371,30.037],[47.9687,30.0049],[47.9615,30.0302],[47.9579,30.0606],[47.9507,30.0876],[47.9363,30.1079],[47.9471,30.0741],[47.9471,30.0623],[47.9471,30.0488],[47.9435,30.037],[47.9399,30.0268],[47.9471,30.0184],[47.9471,29.9948],[47.9543,29.9779],[47.9651,29.9627],[47.9759,29.9424],[47.9795,29.9221],[47.9795,29.885],[47.9831,29.8614],[47.9939,29.8276],[48.0227,29.7803],[48.0515,29.7432],[48.0803,29.7432],[48.0947,29.6993],[48.1199,29.6554],[48.1631,29.6013],[48.1811,29.5625],[48.1775,29.5422],[48.1559,29.5388],[48.1127,29.554],[48.0911,29.5659],[48.0875,29.5743],[48.0659,29.5777],[48.0407,29.5827],[48.0227,29.5844],[48.0083,29.5827],[47.9651,29.576],[47.9363,29.554],[47.9111,29.5321],[47.8499,29.5017],[47.8067,29.4679],[47.7851,29.4375],[47.7635,29.4122],[47.7167,29.3936],[47.7131,29.3784],[47.7059,29.3632],[47.7275,29.3615],[47.7635,29.3683],[47.7923,29.3717],[47.8139,29.3801],[47.8391,29.3869],[47.8499,29.3801],[47.8211,29.3632],[47.8211,29.3514],[47.8175,29.3379],[47.8427,29.3227],[47.8571,29.3227],[47.8787,29.3295],[47.9003,29.3345],[47.9039,29.3599],[47.9219,29.3649],[47.9399,29.3599],[47.9579,29.3717],[47.9687,29.3869],[47.9867,29.3936],[47.9939,29.3886],[48.0083,29.37],[48.0119,29.3666],[48.0263,29.3548],[48.0371,29.3514],[48.0623,29.343],[48.1019,29.3497],[48.0947,29.3058],[48.0911,29.2872],[48.0947,29.2585],[48.1055,29.2129],[48.1163,29.1927],[48.1271,29.1741],[48.1343,29.1538],[48.1595,29.0171],[48.1775,28.9833],[48.2243,28.9174],[48.2423,28.9056],[48.2783,28.8938],[48.2819,28.8786],[48.2783,28.86],[48.2783,28.8398],[48.2855,28.8195],[48.3143,28.7857],[48.3179,28.7739],[48.3287,28.7604],[48.3539,28.752],[48.3935,28.7435],[48.3827,28.7283],[48.3791,28.7097],[48.3791,28.6929],[48.3863,28.6743],[48.3719,28.6844],[48.3647,28.6895],[48.3647,28.681],[48.3647,28.676],[48.3719,28.6726],[48.3791,28.6675],[48.3719,28.6591],[48.3683,28.6574],[48.3647,28.6574],[48.3611,28.6608],[48.3539,28.6608],[48.3503,28.6405],[48.3611,28.6355],[48.3755,28.6422],[48.3863,28.654],[48.3899,28.6439],[48.3935,28.5949],[48.3971,28.5831],[48.4043,28.5696],[48.4223,28.551],[48.4331,28.5409],[48.4547,28.5189],[48.4691,28.5105],[48.4943,28.5004],[48.4979,28.4936],[48.5087,28.4497],[48.5087,28.4159],[48.4979,28.394],[48.4763,28.4007],[48.4727,28.394],[48.4691,28.3906],[48.4691,28.3872],[48.4871,28.3855],[48.5051,28.3889],[48.5159,28.399],[48.5231,28.4142],[48.5339,28.4075],[48.5339,28.399],[48.5231,28.3805],[48.5195,28.3535],[48.5159,28.3416],[48.5231,28.318],[48.5339,28.2994],[48.6167,28.2167],[48.6239,28.2049],[48.6095,28.1863],[48.6023,28.1677],[48.6023,28.1475],[48.6059,28.1272],[48.6167,28.1103],[48.6491,28.0715],[48.6563,28.0613],[48.6527,28.0495],[48.6527,28.0461],[48.6671,28.0377],[48.7031,28.0242],[48.7139,28.0225],[48.7463,28.0242],[48.7571,28.0225],[48.7751,28.0124],[48.7895,28.009],[48.7931,28.0073],[48.7931,28.0005],[48.7895,27.9938],[48.7859,27.9887],[48.7787,27.987],[48.7715,27.987],[48.7643,27.9887],[48.7463,27.982],[48.7427,27.9752],[48.7427,27.9617],[48.7535,27.9482],[48.7715,27.9296],[48.7967,27.9144],[48.8147,27.906],[48.8147,27.9026],[48.8363,27.8722],[48.8795,27.8368],[48.8831,27.8266],[48.8723,27.8064],[48.8723,27.7945],[48.8723,27.7827],[48.8759,27.7777],[48.8759,27.7692],[48.8651,27.754],[48.8543,27.7371],[48.8399,27.7287],[48.8471,27.7405],[48.8471,27.7489],[48.8471,27.7726],[48.8471,27.7878],[48.8543,27.7945],[48.8579,27.803],[48.8543,27.8182],[48.8363,27.8047],[48.8219,27.7675],[48.8039,27.7557],[48.8219,27.7996],[48.8255,27.8114],[48.8219,27.83],[48.8111,27.8283],[48.8039,27.8148],[48.7859,27.7439],[48.7859,27.7287],[48.7823,27.7253],[48.7787,27.7202],[48.7787,27.7135],[48.7931,27.7152],[48.7967,27.7202],[48.8039,27.7371],[48.8111,27.7422],[48.8111,27.6983],[48.8147,27.6882],[48.8255,27.6882],[48.8327,27.6983],[48.8399,27.7084],[48.8471,27.6966],[48.8471,27.6831],[48.8471,27.6679],[48.8579,27.6628],[48.8687,27.6679],[48.8759,27.678],[48.8795,27.6882],[48.8795,27.6696],[48.8795,27.6645],[48.8723,27.6595],[48.8795,27.651],[48.8759,27.6443],[48.8723,27.6409],[48.8579,27.6409],[48.8687,27.6189],[48.8723,27.6122],[48.8507,27.624],[48.8399,27.624],[48.8327,27.6122],[48.8543,27.6054],[48.8723,27.6054],[48.8831,27.6155],[48.8939,27.6324],[48.9011,27.6324],[48.9083,27.6189],[48.8939,27.6071],[48.8903,27.5885],[48.8975,27.5716],[48.9155,27.5716],[48.9227,27.5784],[48.9155,27.5852],[48.9083,27.5919],[48.9083,27.5987],[48.9155,27.6088],[48.9263,27.6139],[48.9479,27.6189],[48.9695,27.6206],[48.9803,27.6139],[49.0163,27.5852],[49.0559,27.5683],[49.0631,27.5564],[49.0451,27.5446],[49.0595,27.5379],[49.0703,27.5396],[49.0775,27.5463],[49.0703,27.5581],[49.0883,27.5514],[49.1063,27.5463],[49.1459,27.5446],[49.1531,27.5463],[49.1711,27.5564],[49.1783,27.5581],[49.1891,27.5564],[49.2071,27.5514],[49.2179,27.5497],[49.2395,27.5446],[49.2539,27.5328],[49.2791,27.5024],[49.2863,27.4973],[49.2935,27.494],[49.3007,27.4906],[49.3043,27.4822],[49.3079,27.4737],[49.3115,27.4568],[49.3115,27.4484],[49.3007,27.4484],[49.2935,27.4534],[49.2899,27.4619],[49.2935,27.4754],[49.2863,27.4754],[49.2647,27.4534],[49.2071,27.4585],[49.1891,27.4416],[49.1819,27.4416],[49.1747,27.4585],[49.1567,27.4585],[49.1207,27.4416],[49.1279,27.4366],[49.1495,27.4315],[49.1603,27.4264],[49.1711,27.4214],[49.1747,27.4163],[49.1819,27.4112],[49.1963,27.4062],[49.2035,27.3994],[49.2071,27.3943],[49.2143,27.396],[49.2287,27.4112],[49.2287,27.4146],[49.2359,27.418],[49.2359,27.4247],[49.2395,27.4264],[49.2467,27.4231],[49.2539,27.418],[49.2647,27.4146],[49.2575,27.3994],[49.2467,27.3927],[49.2359,27.3876],[49.2287,27.3791],[49.2251,27.369],[49.2251,27.342],[49.2251,27.3319],[49.2323,27.3336],[49.2467,27.3386],[49.2575,27.3471],[49.2683,27.3555],[49.2791,27.3589],[49.2935,27.3555],[49.3115,27.3454],[49.3043,27.3251],[49.3079,27.3065],[49.3151,27.2863],[49.3187,27.266],[49.3187,27.2238],[49.3223,27.2052],[49.3403,27.2086],[49.3367,27.19],[49.3439,27.1833],[49.3547,27.185],[49.3655,27.1934],[49.3619,27.2086],[49.3691,27.2187],[49.3871,27.2204],[49.4015,27.2086],[49.4087,27.2154],[49.4123,27.2035],[49.4087,27.1934],[49.4051,27.1833],[49.4015,27.1698],[49.3979,27.163],[49.3871,27.1596],[49.3763,27.1596],[49.3655,27.1613],[49.3763,27.1495],[49.3979,27.1444],[49.4087,27.1326],[49.4159,27.1377],[49.4231,27.1461],[49.4339,27.1664],[49.4375,27.163],[49.4375,27.1613],[49.4411,27.1613],[49.4303,27.1427],[49.4411,27.1394],[49.4663,27.1461],[49.4807,27.1444],[49.5095,27.1343],[49.5239,27.1326],[49.4987,27.1596],[49.4879,27.1748],[49.5023,27.1883],[49.5167,27.1883],[49.5275,27.1833],[49.5347,27.1765],[49.5455,27.1731],[49.5527,27.1765],[49.5707,27.1934],[49.5671,27.1782],[49.5599,27.1546],[49.5599,27.1394],[49.5635,27.1174],[49.5707,27.1039],[49.5743,27.0988],[49.5959,27.0904],[49.6139,27.0718],[49.6715,26.9908],[49.7003,26.9587],[49.7075,26.9519],[49.7363,26.9401],[49.7471,26.9351],[49.7615,26.9199],[49.7723,26.9131],[49.8335,26.8878],[49.8731,26.8624],[49.8947,26.8608],[49.9163,26.8608],[49.9415,26.8591],[49.9739,26.8422],[50.0027,26.8169],[50.0531,26.7561],[50.0675,26.729],[50.1431,26.6818],[50.1575,26.6649],[50.1611,26.6396],[50.1179,26.675],[50.0927,26.6885],[50.0387,26.6953],[50.0243,26.7003],[50.0135,26.7105],[50.0063,26.7476],[49.9991,26.7409],[49.9883,26.724],[49.9847,26.7088],[49.9847,26.6953],[49.9847,26.6835],[49.9883,26.6733],[49.9919,26.6632],[50.0027,26.6531],[50.0063,26.648],[50.0027,26.5872],[50.0027,26.5703],[50.0315,26.4943],[50.0423,26.4791],[50.0567,26.4639],[50.0783,26.4538],[50.1611,26.4268],[50.1899,26.4032],[50.2079,26.3694],[50.2151,26.3238],[50.2151,26.2157],[50.2115,26.1921],[50.2007,26.1718],[50.1827,26.16],[50.1827,26.1752],[50.1755,26.1803],[50.1647,26.1769],[50.1539,26.1668],[50.1611,26.1414],[50.1575,26.1026],[50.1503,26.0637],[50.1431,26.0367],[50.1251,26.0469],[50.1215,26.0604],[50.1215,26.0773],[50.1215,26.0908],[50.1143,26.1026],[50.1035,26.111],[50.0963,26.1178],[50.0855,26.1245],[50.0819,26.1296],[50.0783,26.1296],[50.0747,26.1313],[50.0711,26.16],[50.0711,26.1668],[50.0639,26.1735],[50.0567,26.1836],[50.0459,26.1938],[50.0315,26.2005],[50.0207,26.1971],[49.9955,26.1516],[49.9883,26.1465],[49.9775,26.1397],[49.9811,26.1262],[49.9919,26.1127],[49.9991,26.1077],[49.9991,26.1009],[50.0099,26.0857],[50.0099,26.0773],[50.0063,26.0739],[49.9991,26.0722],[49.9919,26.0688],[49.9883,26.0604],[49.9919,26.0452],[49.9955,26.0317],[49.9955,26.0165],[49.9883,26.0013],[50.0063,25.9962],[50.0207,26.0046],[50.0279,26.0198],[50.0243,26.0367],[50.0351,26.0334],[50.0423,26.0283],[50.0531,26.0148],[50.0567,26.0131],[50.0603,26.0148],[50.0639,26.0131],[50.0639,26.0063],[50.0675,25.9996],[50.0675,25.9962],[50.0711,25.9945],[50.0747,25.9945],[50.0999,25.9894],[50.1107,25.9759],[50.1179,25.9591],[50.1287,25.9405],[50.1287,25.9337],[50.1071,25.9152],[50.1179,25.8679],[50.1431,25.8155],[50.1611,25.7834],[50.2223,25.7176],[50.2475,25.6788],[50.2583,25.6315],[50.2511,25.6315],[50.2331,25.6788],[50.2259,25.6872],[50.2151,25.6889],[50.2007,25.6956],[50.1863,25.7041],[50.1755,25.721],[50.1575,25.7311],[50.1431,25.7328],[50.1431,25.7142],[50.1503,25.699],[50.1755,25.6838],[50.1827,25.672],[50.1863,25.6821],[50.1899,25.6872],[50.1971,25.6872],[50.2331,25.6146],[50.3483,25.4829],[50.3735,25.4609],[50.3699,25.4744],[50.3663,25.4896],[50.3627,25.5031],[50.3699,25.5082],[50.3807,25.5133],[50.3843,25.5099],[50.3915,25.4879],[50.3951,25.4829],[50.3987,25.4812],[50.4023,25.4778],[50.4095,25.4643],[50.4275,25.4559],[50.4635,25.4474],[50.4707,25.4373],[50.4923,25.3917],[50.4851,25.3849],[50.4959,25.3697],[50.5103,25.3444],[50.5211,25.314],[50.5247,25.2921],[50.5247,25.2802],[50.5175,25.2583],[50.5175,25.2448],[50.5211,25.233],[50.5247,25.2228],[50.5283,25.2161],[50.5355,25.1992],[50.5499,25.1756],[50.5499,25.1587],[50.5463,25.1181],[50.5535,25.0776],[50.5607,25.0557],[50.5715,25.0422],[50.5787,25.0624],[50.6075,25.0422],[50.6327,25.0118],[50.6435,24.9949],[50.6615,24.9797],[50.6831,24.9138],[50.7083,24.8986],[50.7263,24.8817],[50.7335,24.8429],[50.7371,24.7821],[50.7407,24.7703],[50.7515,24.7534],[50.7623,24.7365],[50.7731,24.7264],[50.7875,24.7281],[50.8091,24.7467],[50.8271,24.7483],[50.8523,24.7703],[50.8595,24.7956],[50.8523,24.8902],[50.8415,24.9155],[50.7983,24.9881],[50.7983,25.0033],[50.8091,25.032],[50.8091,25.0506],[50.8091,25.0692],[50.8019,25.0776],[50.7767,25.0911],[50.7695,25.1266],[50.7659,25.162],[50.7587,25.1857],[50.7659,25.2043],[50.7623,25.2245],[50.7587,25.2482],[50.7587,25.2701],[50.7659,25.3242],[50.7659,25.3444],[50.7515,25.4204],[50.7623,25.4626],[50.7623,25.4829],[50.7515,25.4947],[50.7767,25.5268],[50.7983,25.5302],[50.8091,25.5166],[50.8127,25.4981],[50.8199,25.4913],[50.8199,25.4711],[50.8487,25.4677],[50.8307,25.5082],[50.8271,25.5251],[50.8271,25.5437],[50.8271,25.5538],[50.8307,25.5656],[50.8343,25.5791],[50.8271,25.5909],[50.8199,25.596],[50.7983,25.5994],[50.7839,25.6045],[50.7947,25.618],[50.8091,25.6213],[50.8235,25.6213],[50.8379,25.6281],[50.8415,25.6348],[50.8451,25.65],[50.8523,25.6534],[50.8559,25.65],[50.8631,25.6416],[50.8703,25.6399],[50.8775,25.6315],[50.8739,25.6146],[50.8667,25.5876],[50.8667,25.5673],[50.8703,25.5589],[50.8775,25.5403],[50.8811,25.5352],[50.8883,25.5302],[50.8991,25.5318],[50.8991,25.5352],[50.8991,25.5403],[50.9027,25.5639],[50.9063,25.5876],[50.9099,25.5977],[50.9207,25.6078],[50.9279,25.6045],[50.9351,25.5977],[50.9495,25.5977],[50.9567,25.6045],[50.9711,25.6332],[50.9783,25.6467],[50.9495,25.6365],[50.9243,25.6315],[50.9027,25.6399],[50.8883,25.6669],[50.8883,25.6804],[50.8955,25.7277],[50.8955,25.7328],[50.9063,25.7395],[50.9099,25.7446],[50.9063,25.7497],[50.9027,25.7547],[50.9027,25.7598],[50.9027,25.7902],[50.9171,25.7868],[50.9207,25.7936],[50.9243,25.8054],[50.9315,25.8105],[50.9387,25.8071],[50.9459,25.7986],[50.9495,25.7868],[50.9495,25.775],[50.9639,25.7834],[50.9747,25.797],[50.9747,25.8138],[50.9711,25.8307],[50.9639,25.824],[50.9495,25.8375],[50.9495,25.8594],[50.9783,25.9168],[50.9819,25.9354],[50.9855,25.981],[50.9927,25.9759],[50.9963,25.9726],[50.9999,25.9675],[51.0035,25.9675],[51.0287,26.0266],[51.0467,26.0536],[51.0755,26.0637],[51.0899,26.0671],[51.1331,26.0823],[51.1403,26.0874],[51.1475,26.1026],[51.1691,26.1245],[51.1763,26.1397],[51.1943,26.133],[51.2159,26.1397],[51.2519,26.16],[51.3311,26.1212],[51.3455,26.1043],[51.3491,26.0857],[51.3455,26.0604],[51.3455,26.0384],[51.3563,26.03],[51.3779,26.0232],[51.3815,26.0063],[51.3851,25.9861],[51.3887,25.9675],[51.4031,25.954],[51.4175,25.9523],[51.4247,25.9506],[51.4679,25.954],[51.4931,25.9523],[51.5111,25.9455],[51.5291,25.9371],[51.5471,25.9253],[51.5579,25.9135],[51.5687,25.8983],[51.5759,25.8814],[51.5939,25.7716],[51.5939,25.7581],[51.5903,25.7463],[51.5831,25.7412],[51.5759,25.7446],[51.5723,25.7598],[51.5651,25.7632],[51.5543,25.7581],[51.5471,25.7497],[51.5435,25.7379],[51.5471,25.7277],[51.5543,25.721],[51.5651,25.721],[51.5687,25.7277],[51.5723,25.7345],[51.5903,25.7125],[51.5759,25.6889],[51.5579,25.6821],[51.5543,25.7075],[51.5399,25.7041],[51.5039,25.6872],[51.5183,25.6821],[51.5363,25.6737],[51.5471,25.6636],[51.5543,25.6534],[51.5507,25.6315],[51.5363,25.623],[51.5183,25.618],[51.5039,25.6112],[51.4967,25.6163],[51.4931,25.618],[51.4931,25.5656],[51.4931,25.5504],[51.4931,25.5487],[51.4859,25.5403],[51.4787,25.5318],[51.4715,25.5217],[51.4751,25.5116],[51.5111,25.4542],[51.5183,25.4407],[51.5183,25.4255],[51.5147,25.3833],[51.5111,25.3309],[51.5147,25.309],[51.5183,25.2971],[51.5327,25.2921],[51.5903,25.2836],[51.5975,25.2752],[51.6083,25.2549],[51.6119,25.238],[51.6155,25.2195],[51.6155,25.1367],[51.6047,25.0337],[51.6119,25.0219],[51.6011,25.0135],[51.5867,24.9527],[51.5723,24.9341],[51.5399,24.8986],[51.5291,24.875],[51.5219,24.8699],[51.5111,24.8682],[51.5039,24.8649],[51.5003,24.8547],[51.4751,24.7652],[51.4715,24.7602],[51.4679,24.7483],[51.4571,24.7399],[51.4499,24.7213],[51.4427,24.6791],[51.4319,24.6639],[51.3887,24.642],[51.3815,24.6352],[51.3779,24.6116],[51.3635,24.5964],[51.3491,24.5846],[51.3419,24.5694],[51.3275,24.5846],[51.3311,24.5981],[51.3419,24.6149],[51.3455,24.6352],[51.3383,24.6453],[51.3203,24.6487],[51.2843,24.6453],[51.2843,24.6622],[51.2771,24.6622],[51.2663,24.6555],[51.2555,24.6521],[51.2375,24.6504],[51.2195,24.6437],[51.2123,24.6335],[51.2159,24.6268],[51.2159,24.6251],[51.2159,24.6183],[51.2699,24.6251],[51.2771,24.6183],[51.2879,24.6082],[51.2951,24.6031],[51.3059,24.6116],[51.3059,24.6031],[51.3059,24.5947],[51.3023,24.5862],[51.2951,24.5829],[51.2915,24.5778],[51.2915,24.5677],[51.2951,24.5575],[51.2987,24.5558],[51.2951,24.5221],[51.3023,24.517],[51.3203,24.5221],[51.3347,24.5322],[51.3599,24.5761],[51.3743,24.5896],[51.3887,24.5964],[51.3959,24.6082],[51.3959,24.6318],[51.4103,24.6251],[51.4283,24.6234],[51.4427,24.62],[51.4499,24.6082],[51.4571,24.5947],[51.4679,24.593],[51.4823,24.593],[51.4967,24.5829],[51.4967,24.5761],[51.4823,24.5694],[51.4607,24.5643],[51.4427,24.5542],[51.4355,24.539],[51.4319,24.539],[51.4103,24.5153],[51.4031,24.5086],[51.3995,24.4951],[51.3959,24.4883],[51.3347,24.4478],[51.3275,24.436],[51.3239,24.4309],[51.3131,24.4157],[51.3059,24.4056],[51.3059,24.3954],[51.3023,24.3735],[51.2987,24.365],[51.2987,24.3583],[51.2987,24.3515],[51.2987,24.3465],[51.2951,24.3448],[51.2843,24.3448],[51.2807,24.3431],[51.2771,24.3397],[51.2771,24.3194],[51.2771,24.3076],[51.2807,24.3026],[51.3455,24.2975],[51.3671,24.3026],[51.3815,24.3093],[51.3887,24.3161],[51.3995,24.3211],[51.4139,24.3228],[51.4787,24.311],[51.4967,24.2975],[51.5255,24.2688],[51.5687,24.257],[51.5903,24.284],[51.5903,24.3279],[51.5723,24.365],[51.5939,24.3853],[51.6011,24.3684],[51.6227,24.3397],[51.6263,24.3194],[51.6263,24.262],[51.6335,24.2266],[51.6479,24.2181],[51.6623,24.2333],[51.6731,24.2772],[51.6803,24.2654],[51.6875,24.235],[51.6947,24.2249],[51.7019,24.2215],[51.7091,24.2215],[51.7199,24.2232],[51.7235,24.2283],[51.7235,24.2333],[51.7199,24.235],[51.7415,24.2772],[51.7595,24.2907],[51.7811,24.262],[51.7811,24.2401],[51.7703,24.1759],[51.7739,24.154],[51.7847,24.1033],[51.7883,24.0932],[51.7847,24.0594],[51.7883,24.0493],[51.7955,24.029],[51.7991,24.0189],[51.8099,24.0003],[51.8315,23.9952],[51.8819,23.9936],[51.8927,23.9902],[51.9035,23.9851],[51.9179,23.9699],[51.9287,23.9648],[51.9359,23.9648],[51.9395,23.9699],[51.9323,23.9767],[51.9323,23.9885],[51.9539,23.9902],[52.0115,23.9885],[52.0187,23.9902],[52.0223,23.9885],[52.0367,23.9767],[52.0691,23.9632],[52.0763,23.9632],[52.1195,23.9716],[52.1339,23.9665],[52.1447,23.9716],[52.1555,23.9665],[52.1699,23.9733],[52.1879,23.975],[52.2059,23.9733],[52.2239,23.9733],[52.2419,23.98],[52.2779,24.002],[52.2959,24.0037],[52.3283,24.0037],[52.3427,24.0071],[52.3535,24.0155],[52.3643,24.0273],[52.3787,24.0375],[52.3931,24.0425],[52.4075,24.0459],[52.4291,24.0527],[52.4435,24.0628],[52.4507,24.0729],[52.4579,24.0847],[52.4867,24.0966],[52.5011,24.1067],[52.5155,24.1202],[52.5335,24.132],[52.5515,24.1405],[52.5623,24.1455],[52.5731,24.1523],[52.5767,24.1692],[52.5767,24.1877],[52.5803,24.1996],[52.6019,24.2097],[52.6199,24.2029],[52.6343,24.1894],[52.6703,24.1455],[52.6811,24.1405],[52.6847,24.1438],[52.6883,24.1489],[52.6991,24.1523],[52.7207,24.1523],[52.7603,24.1405],[52.7819,24.1371],[52.7963,24.1405],[52.8179,24.1489],[52.8287,24.1523],[52.8395,24.1523],[52.8467,24.1489],[52.8539,24.1472],[52.8611,24.1455],[52.9475,24.1371],[52.9583,24.1405],[52.9907,24.1523],[52.9979,24.1557],[52.9979,24.1607],[53.0015,24.1658],[53.0051,24.1658],[53.0123,24.1624],[53.0159,24.159],[53.0159,24.154],[53.0195,24.1523],[53.0483,24.1303],[53.0663,24.1219],[53.1059,24.1371],[53.1275,24.1303],[53.1455,24.1219],[53.1635,24.1253],[53.1491,24.132],[53.1455,24.1421],[53.1455,24.1523],[53.1419,24.1658],[53.1635,24.1709],[53.1923,24.159],[53.2139,24.1421],[53.2319,24.1253],[53.2463,24.1033],[53.2535,24.0982],[53.3075,24.0966],[53.4371,24.1202],[53.4443,24.1202],[53.4551,24.1151],[53.4695,24.0999],[53.4803,24.0932],[53.4947,24.0898],[53.5091,24.0915],[53.5199,24.0966],[53.5379,24.0847],[53.5487,24.078],[53.5559,24.0763],[53.5631,24.0729],[53.5739,24.0543],[53.5811,24.0493],[53.5883,24.0476],[53.6027,24.0476],[53.6135,24.0493],[53.6279,24.0577],[53.6387,24.0543],[53.6495,24.051],[53.6567,24.0493],[53.6891,24.0628],[53.6963,24.0662],[53.7035,24.0712],[53.7107,24.0695],[53.7215,24.0645],[53.7323,24.0628],[53.8547,24.0628],[53.8799,24.0645],[53.8907,24.0729],[53.9519,24.1033],[54.0131,24.1134],[54.0347,24.1236],[54.0563,24.1269],[54.0815,24.1371],[54.1103,24.1421],[54.1211,24.1455],[54.1355,24.1523],[54.1535,24.1658],[54.1715,24.181],[54.1787,24.1962],[54.1859,24.2029],[54.2543,24.2215],[54.3047,24.257],[54.3155,24.2587],[54.3227,24.2705],[54.3407,24.2705],[54.3839,24.2553],[54.3911,24.2654],[54.4271,24.2924],[54.4451,24.3161],[54.4847,24.3887],[54.4811,24.414],[54.4847,24.4258],[54.4991,24.4326],[54.4883,24.4376],[54.4847,24.4393],[54.4847,24.4478],[54.5027,24.4461],[54.5243,24.436],[54.5387,24.4326],[54.5351,24.4461],[54.5171,24.463],[54.5135,24.4748],[54.5279,24.468],[54.5459,24.463],[54.5603,24.4579],[54.5675,24.4478],[54.5747,24.4478],[54.5711,24.4731],[54.5531,24.4816],[54.5243,24.4832],[54.4991,24.4883],[54.4415,24.5238],[54.4163,24.5288],[54.4163,24.5356],[54.4307,24.539],[54.4415,24.5457],[54.4523,24.5558],[54.4523,24.5508],[54.4559,24.5423],[54.4667,24.5356],[54.4631,24.5457],[54.4667,24.5542],[54.4775,24.5694],[54.4847,24.5694],[54.4919,24.5423],[54.5135,24.5153],[54.5387,24.4984],[54.5603,24.5018],[54.5567,24.5052],[54.5387,24.5153],[54.5531,24.5153],[54.5747,24.5086],[54.5819,24.5086],[54.5855,24.5119],[54.5927,24.5255],[54.5999,24.5288],[54.6359,24.5981],[54.6215,24.6048],[54.6107,24.6133],[54.6143,24.6217],[54.6323,24.6251],[54.6431,24.6301],[54.6467,24.6437],[54.6503,24.6589],[54.6719,24.6656],[54.6719,24.6724],[54.6611,24.6774],[54.6575,24.6876],[54.6539,24.7011],[54.6503,24.7146],[54.6539,24.7213],[54.6467,24.7247],[54.6395,24.7331],[54.6431,24.7483],[54.6539,24.7585],[54.6899,24.7821],[54.6971,24.7889],[54.7007,24.799],[54.7079,24.8041],[54.7367,24.7906],[54.7403,24.7889],[54.7547,24.7922],[54.7691,24.8007],[54.7727,24.8142],[54.7583,24.8311],[54.8699,24.8885],[54.9167,24.9206],[54.9491,24.9459],[54.9671,24.9594],[54.9923,24.9662],[54.9959,24.9662],[54.9995,24.9679],[55.0032,24.9695],[55.0068,24.9695],[55.0104,24.9729],[55.014,24.9746],[55.0176,24.9746],[55.0176,24.9763],[55.0212,24.978],[55.05,24.9932],[55.0464,25.0135],[55.0788,25.0202],[55.0824,25.0168],[55.158,25.0962],[55.2588,25.2161],[55.266,25.2313],[55.2624,25.2448],[55.284,25.26],[55.2984,25.2583],[55.3128,25.2397],[55.32,25.2245],[55.3128,25.2127],[55.302,25.1941],[55.3272,25.2009],[55.3344,25.2195],[55.3272,25.2414],[55.3056,25.2752],[55.302,25.2836],[55.3092,25.2921],[55.338,25.3208],[55.3488,25.3242],[55.3632,25.3242],[55.3596,25.336],[55.3596,25.3478],[55.3668,25.3579],[55.3776,25.3647],[55.3884,25.3579],[55.4064,25.3731],[55.4388,25.412],[55.446,25.412],[55.4496,25.4001],[55.4568,25.4001],[55.4604,25.4069],[55.464,25.4204],[55.4712,25.412],[55.4856,25.4491],[55.4964,25.466],[55.5072,25.4744],[55.4928,25.4812],[55.5,25.493],[55.5144,25.5082],[55.5216,25.5251],[55.5252,25.542],[55.536,25.5622],[55.5504,25.5791],[55.5684,25.5842],[55.5612,25.569],[55.5504,25.5555],[55.5432,25.542],[55.5468,25.5302],[55.5648,25.5234],[55.5828,25.5268],[55.6044,25.5335],[55.626,25.5369],[55.6332,25.5437],[55.6476,25.5825],[55.6584,25.5977],[55.6836,25.623],[55.698,25.6348],[55.734,25.6467],[55.7592,25.6804],[55.77,25.6872],[55.7808,25.6889],[55.7916,25.6923],[55.8024,25.6973],[55.8096,25.7041],[55.8132,25.7058],[55.842,25.7142],[55.878,25.7395],[55.932,25.802],[55.9608,25.824],[55.9536,25.8138],[55.9464,25.7936],[55.9356,25.7767],[55.9428,25.7699],[55.95,25.7682],[55.9536,25.7716],[55.9536,25.7868],[55.9644,25.8155],[55.9644,25.8341],[55.9716,25.8425],[56.0148,25.8797],[56.022,25.8898],[56.0292,25.9016],[56.0364,25.9152],[56.04,25.9337],[56.0328,25.9337],[56.0292,25.9236],[56.0256,25.9168],[56.0184,25.9101],[56.0076,25.9067],[56.0328,25.9472],[56.0544,25.9894],[56.0724,26.0519],[56.076,26.0604],[56.076,26.0621],[56.0832,26.0705],[56.0904,26.106],[56.1588,26.2005],[56.1804,26.2461],[56.1912,26.2546],[56.2092,26.263],[56.2092,26.2579],[56.2092,26.2444],[56.22,26.2275],[56.2164,26.2225],[56.2128,26.2073],[56.22,26.2073],[56.2308,26.2174],[56.256,26.2174],[56.2596,26.2242],[56.2668,26.2275],[56.2812,26.2225],[56.292,26.2123],[56.2956,26.1938],[56.3028,26.2056],[56.31,26.2039],[56.3172,26.2005],[56.328,26.2005],[56.3568,26.2191],[56.3676,26.2208],[56.3964,26.214],[56.4036,26.214],[56.4072,26.2225],[56.4036,26.2326],[56.3928,26.2394],[56.3892,26.2427],[56.3676,26.2444],[56.3568,26.2427],[56.346,26.2394],[56.3424,26.2326],[56.3316,26.2242],[56.3208,26.2174],[56.31,26.2208],[56.31,26.2326],[56.3172,26.2748],[56.3172,26.29],[56.346,26.2698],[56.3568,26.2647],[56.364,26.2799],[56.3604,26.2866],[56.3496,26.2968],[56.3352,26.3069],[56.3208,26.3103],[56.328,26.3187],[56.3316,26.3204],[56.3388,26.3204],[56.3424,26.3238],[56.3568,26.3373],[56.3604,26.3491],[56.3604,26.3711],[56.364,26.3863],[56.3712,26.3863],[56.382,26.3592],[56.4,26.3677],[56.4036,26.3728],[56.4108,26.3643],[56.4072,26.3576],[56.4072,26.3542],[56.4072,26.3525],[56.4108,26.3457],[56.4216,26.3525],[56.4252,26.3491],[56.4324,26.3424],[56.4396,26.3373],[56.4612,26.3322],[56.4756,26.3305],[56.4864,26.3305],[56.4864,26.3356],[56.4828,26.3474],[56.4792,26.3525],[56.5008,26.3592],[56.5116,26.3339],[56.508,26.3238],[56.4936,26.3221],[56.4684,26.3238],[56.454,26.3187],[56.4216,26.2951],[56.4072,26.285],[56.4072,26.2799],[56.4,26.2681],[56.4216,26.2478],[56.4324,26.2394],[56.4468,26.236],[56.454,26.2394],[56.4648,26.2478],[56.4756,26.2495],[56.4864,26.236],[56.4684,26.2056],[56.4612,26.2022],[56.454,26.2208],[56.4432,26.2208],[56.4324,26.2208],[56.436,26.2123],[56.436,26.2056],[56.436,26.2005],[56.4324,26.1938],[56.4432,26.1819],[56.4612,26.1735],[56.472,26.1634],[56.4792,26.1465],[56.4684,26.1465],[56.4576,26.1482],[56.4468,26.1532],[56.4396,26.16],[56.4252,26.1532],[56.4108,26.1583],[56.4036,26.1701],[56.4036,26.187],[56.4,26.1836],[56.382,26.1769],[56.3784,26.1735],[56.3784,26.1836],[56.3784,26.1921],[56.382,26.1988],[56.3928,26.2005],[56.3676,26.2039],[56.3424,26.1921],[56.328,26.1735],[56.3352,26.16],[56.3316,26.1499],[56.328,26.1364],[56.3316,26.1245],[56.3352,26.111],[56.346,26.1313],[56.3532,26.1431],[56.364,26.1465],[56.3712,26.1397],[56.3712,26.1279],[56.3676,26.1144],[56.364,26.1043],[56.382,26.0975],[56.472,26.0992],[56.4648,26.0857],[56.4504,26.0739],[56.418,26.057],[56.3892,26.0469],[56.3784,26.0384],[56.382,26.0215],[56.4072,26.035],[56.4216,26.0232],[56.4216,26.0046],[56.4,25.9911],[56.4036,25.981],[56.418,25.9641],[56.4216,25.9574],[56.4324,25.9523],[56.454,25.9472],[56.4468,25.9422],[56.4432,25.9388],[56.4396,25.9253],[56.4252,25.9337],[56.4072,25.9371],[56.3928,25.9354],[56.382,25.9253],[56.4,25.9016],[56.3928,25.8797],[56.3748,25.8594],[56.364,25.8375],[56.364,25.8307],[56.364,25.8071],[56.3424,25.7902],[56.328,25.7632],[56.3172,25.7497],[56.3028,25.7412],[56.3028,25.7632],[56.2884,25.7412],[56.274,25.7091],[56.2668,25.672],[56.274,25.6399],[56.2776,25.6281],[56.2992,25.6163],[56.3244,25.6078],[56.3388,25.6045],[56.3496,25.5926],[56.3712,25.5251],[56.364,25.4339],[56.364,25.4238],[56.3676,25.3968],[56.3676,25.3883],[56.3604,25.3765],[56.3604,25.3681],[56.3712,25.3512],[56.3748,25.341],[56.3784,25.3343],[56.382,25.3275],[56.382,25.3208],[56.382,25.314],[56.382,25.3022],[56.3784,25.2819],[56.3748,25.2532],[56.3676,25.2093],[56.364,25.0675],[56.3604,25.0574],[56.382,24.978],[56.4072,24.8969],[56.4684,24.7754],[56.4792,24.7652],[56.4864,24.7416],[56.4936,24.6994],[56.6124,24.4967],[56.634,24.4714],[56.6916,24.4258],[56.8032,24.3026],[56.8248,24.2705],[56.832,24.2519],[56.8428,24.2232],[56.94,24.1151],[57.0588,24.0223],[57.1524,23.953],[57.1848,23.9345],[57.3252,23.8838],[57.5088,23.8399],[57.588,23.8078],[57.6456,23.7909],[57.6852,23.7842],[57.7104,23.7825],[57.7788,23.7859],[57.7968,23.7825],[57.8256,23.747],[57.8364,23.7403],[57.858,23.7335],[57.8868,23.7217],[57.912,23.7183],[58.0416,23.7251],[58.0884,23.7217],[58.1316,23.7132],[58.1928,23.6896],[58.2108,23.6862],[58.2288,23.6795],[58.2648,23.644],[58.2828,23.6322],[58.3188,23.6204],[58.362,23.6153],[58.4124,23.617],[58.452,23.6238],[58.4736,23.6322],[58.4844,23.639],[58.4916,23.6558],[58.4988,23.6575],[58.5168,23.6525],[58.56,23.6508],[58.5852,23.6474],[58.6032,23.6373],[58.614,23.6254],[58.632,23.5849],[58.6428,23.5765],[58.6464,23.5748],[58.65,23.5697],[58.6572,23.5663],[58.6608,23.563],[58.668,23.5647],[58.6752,23.5647],[58.6788,23.563],[58.6932,23.5511],[58.704,23.5427],[58.7076,23.5359],[58.7148,23.5359],[58.722,23.5495],[58.722,23.5427],[58.7256,23.5393],[58.7256,23.5359],[58.7292,23.5292],[58.7364,23.5292],[58.7364,23.5326],[58.74,23.5427],[58.7472,23.5376],[58.7508,23.5359],[58.7616,23.5427],[58.7868,23.5123],[58.794,23.4954],[58.7904,23.4802],[58.7976,23.4667],[58.8084,23.4211],[58.8192,23.4025],[58.8804,23.3519],[58.9164,23.3367],[58.9308,23.3181],[58.9452,23.2759],[58.956,23.259],[58.9848,23.232],[59.0028,23.2117],[59.01,23.1526],[59.0748,23.0935],[59.0784,23.0851],[59.082,23.0547],[59.0892,23.0479],[59.0928,23.0429],[59.1216,23.0226],[59.172,22.9939],[59.208,22.9703],[59.2332,22.9433],[59.2512,22.9112],[59.2872,22.8267],[59.2908,22.8115],[59.298,22.793],[59.316,22.7795],[59.352,22.7609],[59.3916,22.7018],[59.3988,22.6866],[59.4096,22.6714],[59.4528,22.6342],[59.4852,22.619],[59.5068,22.6005],[59.5284,22.5887],[59.5356,22.5836],[59.5356,22.5718],[59.532,22.5701],[59.5212,22.5718],[59.514,22.5751],[59.5176,22.5616],[59.5248,22.5549],[59.5356,22.5532],[59.55,22.5549],[59.6256,22.5802],[59.6544,22.5701],[59.694,22.5414],[59.7012,22.5414],[59.7156,22.5431],[59.7228,22.5414],[59.7228,22.5363],[59.7264,22.5262],[59.73,22.5211],[59.73,22.5177],[59.7264,22.5144],[59.7264,22.5076],[59.7336,22.5008],[59.7408,22.4975],[59.7444,22.4958],[59.7516,22.4941],[59.7588,22.4941],[59.7624,22.4992],[59.7552,22.5093],[59.7408,22.5245],[59.7444,22.538],[59.7552,22.538],[59.7768,22.5414],[59.802,22.5346],[59.8236,22.5093],[59.838,22.4755],[59.8452,22.4451],[59.8236,22.2813],[59.8128,22.2374],[59.7912,22.1986],[59.7336,22.1226],[59.7048,22.099],[59.6868,22.0821],[59.6796,22.0652],[59.6796,22.0416],[59.658,21.9943],[59.6544,21.9453],[59.6436,21.925],[59.604,21.9098],[59.5932,21.893],[59.5788,21.8558],[59.4996,21.7562],[59.4672,21.6667],[59.4492,21.6245],[59.3556,21.486],[59.3484,21.4539],[59.3448,21.4455],[59.3376,21.437],[59.1936,21.3796],[59.1648,21.3627],[59.0532,21.2766],[58.92,21.1432],[58.8768,21.0841],[58.8696,21.074],[58.8552,21.0656],[58.8372,21.0453],[58.8084,20.9913],[58.8048,20.9811],[58.8012,20.9457],[58.7976,20.9355],[58.794,20.9271],[58.7364,20.8832],[58.74,20.8629],[58.722,20.8477],[58.6788,20.8292],[58.6824,20.8258],[58.6752,20.8089],[58.6716,20.8072],[58.6644,20.8021],[58.6608,20.7971],[58.6608,20.7903],[58.6608,20.7819],[58.668,20.7717],[58.6752,20.765],[58.686,20.7599],[58.7004,20.7667],[58.7184,20.7802],[58.7292,20.7869],[58.7292,20.7667],[58.7184,20.7532],[58.7004,20.7414],[58.6824,20.7363],[58.6716,20.7464],[58.668,20.7464],[58.6608,20.7329],[58.6536,20.7059],[58.6464,20.6907],[58.6392,20.6839],[58.614,20.6721],[58.6032,20.6637],[58.5924,20.6434],[58.5816,20.6181],[58.5744,20.5911],[58.5708,20.5641],[58.5456,20.5168],[58.5312,20.4813],[58.5312,20.4661],[58.5276,20.4577],[58.5204,20.4239],[58.5168,20.4171],[58.5096,20.4155],[58.4988,20.4104],[58.4844,20.4036],[58.4736,20.3969],[58.4664,20.3699],[58.4448,20.358],[58.416,20.3597],[58.3908,20.3682],[58.3728,20.3766],[58.3584,20.3817],[58.326,20.3834],[58.3152,20.38],[58.29,20.3716],[58.2756,20.3682],[58.2792,20.3766],[58.2828,20.3817],[58.2792,20.3851],[58.2432,20.3935],[58.2252,20.3969],[58.2036,20.4053],[58.2,20.4239],[58.2144,20.4661],[58.2144,20.4526],[58.218,20.4408],[58.2252,20.4323],[58.236,20.4239],[58.2396,20.4442],[58.2288,20.4881],[58.2396,20.51],[58.2504,20.5286],[58.2612,20.5573],[58.2648,20.5877],[58.254,20.6096],[58.236,20.6164],[58.2072,20.613],[58.1748,20.6046],[58.146,20.586],[58.1028,20.5759],[58.092,20.5674],[58.0848,20.5573],[58.0668,20.5117],[58.0668,20.4999],[58.074,20.4898],[58.0776,20.4796],[58.0668,20.4729],[58.056,20.4678],[58.0308,20.4627],[58.0128,20.4526],[57.9948,20.4425],[57.9696,20.4205],[57.9624,20.4104],[57.9552,20.4003],[57.9552,20.3868],[57.9552,20.3766],[57.9696,20.3614],[57.9732,20.353],[57.966,20.331],[57.948,20.3175],[57.9048,20.3006],[57.8868,20.2905],[57.8688,20.277],[57.8544,20.2601],[57.8508,20.2432],[57.8436,20.2314],[57.8328,20.2179],[57.822,20.201],[57.822,20.1774],[57.8436,20.1368],[57.8472,20.1115],[57.8328,20.0761],[57.8148,20.0203],[57.8148,20.0068],[57.8148,19.9764],[57.7896,19.9241],[57.7752,19.8684],[57.7608,19.843],[57.6996,19.7552],[57.6888,19.7282],[57.6924,19.6978],[57.6996,19.686],[57.7104,19.6775],[57.7176,19.6674],[57.7212,19.6522],[57.7212,19.6218],[57.7176,19.6083],[57.714,19.5948],[57.7068,19.5695],[57.7032,19.5492],[57.7104,19.529],[57.7608,19.4547],[57.768,19.4378],[57.7752,19.4091],[57.7752,19.382],[57.768,19.3584],[57.7536,19.3111],[57.75,19.2909],[57.75,19.2672],[57.7716,19.2166],[57.7788,19.2014],[57.804,19.1727],[57.8112,19.1575],[57.804,19.1153],[57.8004,19.095],[57.84,19.0291],[57.84,19.0156],[57.8148,18.992],[57.8004,18.9802],[57.7968,18.9785],[57.7536,18.9734],[57.7464,18.9683],[57.7428,18.9616],[57.732,18.9531],[57.7212,18.9464],[57.7104,18.9447],[57.5016,18.9531],[57.444,18.9447],[57.2064,18.9092],[57.084,18.8772],[56.9148,18.8096],[56.85,18.7657],[56.8068,18.7455],[56.7852,18.7286],[56.7744,18.7066],[56.7672,18.6965],[56.6592,18.5952],[56.6412,18.5597],[56.6376,18.5124],[56.6448,18.4787],[56.6448,18.4668],[56.6412,18.455],[56.6268,18.4364],[56.6196,18.4196],[56.6124,18.3993],[56.6088,18.3892],[56.6088,18.3469],[56.6016,18.3047],[56.5476,18.1899],[56.562,18.1696],[56.562,18.1494],[56.5476,18.1291],[56.526,18.1139],[56.4828,18.097],[56.4612,18.0852],[56.4324,18.0329],[56.4252,18.0278],[56.4108,18.0227],[56.4036,18.0194],[56.3568,17.9704],[56.3568,17.962],[56.3568,17.94],[56.346,17.9383],[56.1876,17.9569],[56.1696,17.9535],[56.1372,17.94],[56.1156,17.9366],[56.0328,17.9434],[56.0112,17.94],[55.9464,17.9147],[55.9104,17.9062],[55.6548,17.8961],[55.554,17.8708],[55.5288,17.8691],[55.5216,17.8657],[55.518,17.8623],[55.5144,17.8573],[55.5072,17.8539],[55.4892,17.8539],[55.4856,17.8539],[55.4532,17.8454],[55.446,17.8404],[55.4316,17.8252],[55.4172,17.7847],[55.4064,17.7695],[55.392,17.7526],[55.3884,17.7441],[55.374,17.7036],[55.3704,17.6968],[55.356,17.6816],[55.2624,17.6074],[55.2336,17.5584],[55.23,17.5381],[55.2264,17.5162],[55.23,17.4892],[55.2408,17.4756],[55.2732,17.4571],[55.2948,17.4385],[55.302,17.4165],[55.302,17.371],[55.2948,17.3524],[55.2552,17.2983],[55.2516,17.2899],[55.248,17.2764],[55.2516,17.2629],[55.2552,17.2578],[55.266,17.2544],[55.266,17.2477],[55.2588,17.2342],[55.2552,17.2291],[55.23,17.2156],[55.2192,17.2105],[55.212,17.2021],[55.2084,17.1937],[55.2048,17.1768],[55.194,17.1616],[55.1976,17.1565],[55.1904,17.1447],[55.158,17.1362],[55.1436,17.1278],[55.14,17.1194],[55.1328,17.1058],[55.1256,17.0923],[55.1112,17.0873],[55.0716,17.0417],[55.0284,17.0113],[55.0212,17.0113],[55.0104,17.0265],[54.9995,17.0197],[54.9887,17.0045],[54.9791,17],[54.6877,17],[54.6863,17.0062],[54.6755,17.0197],[54.6323,17.0265],[54.6035,17.0366],[54.5927,17.0383],[54.5819,17.0366],[54.5603,17.0332],[54.5459,17.0315],[54.5135,17.0383],[54.4991,17.0383],[54.4883,17.0349],[54.4667,17.0265],[54.4631,17.0248],[54.4163,17.0383],[54.3911,17.04],[54.3695,17.0248],[54.3587,17.0299],[54.3515,17.0315],[54.1643,17.0113],[54.0851,17.0113],[54.0671,17.0062],[54.0539,17],[42.5444,17],[42.5434,17.0045],[42.5362,17.0096],[42.5254,17.0147],[42.5218,17.0282],[42.511,17.0366],[42.493,17.0383],[42.475,17.0366],[42.4606,17.0383],[42.4462,17.0484],[42.439,17.0653],[42.4246,17.0923],[42.421,17.1075],[42.4138,17.1413],[42.4102,17.1565],[42.403,17.1633],[42.3562,17.1818],[42.3598,17.1649],[42.367,17.1497],[42.385,17.121],[42.3634,17.1092],[42.3742,17.0434],[42.3634,17.0248],[42.3562,17.0451],[42.3562,17.1143],[42.3526,17.1346],[42.3382,17.1734],[42.3202,17.3085],[42.3166,17.3338],[42.3094,17.3507],[42.3166,17.4013],[42.3166,17.4216],[42.3094,17.4436],[42.3022,17.4537],[42.2914,17.4571],[42.2806,17.4571],[42.2734,17.4604],[42.2698,17.4655],[42.2662,17.474],[42.259,17.4858],[42.1546,17.5736],[42.1438,17.577],[42.1402,17.5719],[42.133,17.5803],[42.1222,17.6006],[42.1042,17.6276],[42.097,17.6445],[42.0934,17.6513],[42.0862,17.6546],[42.0646,17.6513],[42.0538,17.6529],[42.0502,17.6665],[42.043,17.6749],[41.9998,17.7171],[41.9998,17.7154],[41.9926,17.712],[41.9854,17.7104],[41.9782,17.7104],[41.971,17.7205],[41.9386,17.7627],[41.9278,17.7678],[41.8702,17.8201],[41.8486,17.8117],[41.809,17.837],[41.7874,17.8336],[41.7766,17.8606],[41.7622,17.8758],[41.7406,17.891],[41.719,17.9096],[41.6758,17.9603],[41.6722,17.9772],[41.6722,17.9907],[41.6758,18.0008],[41.6722,18.0092],[41.6614,18.0126],[41.6542,18.016],[41.6506,18.0227],[41.6542,18.0312],[41.6506,18.0396],[41.6074,18.0751],[41.593,18.0954],[41.6038,18.1139],[41.5858,18.1359],[41.5786,18.146],[41.575,18.1595],[41.5714,18.1646],[41.5606,18.168],[41.557,18.1747],[41.5606,18.1899],[41.539,18.1916],[41.521,18.1967],[41.5246,18.2017],[41.5246,18.2051],[41.5282,18.2068],[41.5354,18.2102],[41.5282,18.222],[41.5174,18.2287],[41.5066,18.2287],[41.4922,18.2237],[41.4994,18.2338],[41.503,18.2423],[41.5066,18.2524],[41.4994,18.2591],[41.5066,18.2727],[41.4994,18.2794],[41.4886,18.2811],[41.4706,18.2794],[41.4742,18.2929],[41.4706,18.3115],[41.4634,18.3318],[41.4562,18.3436],[41.4526,18.3554],[41.4454,18.3942],[41.4418,18.4027],[41.4382,18.4111],[41.4382,18.4635],[41.4346,18.4702],[41.4346,18.4736],[41.4274,18.477],[41.4202,18.477],[41.4166,18.482],[41.413,18.4905],[41.413,18.4989],[41.413,18.5057],[41.377,18.5293],[41.3698,18.5361],[41.3698,18.5462],[41.3626,18.558],[41.3554,18.5698],[41.341,18.5749],[41.3338,18.58],[41.3302,18.585],[41.3266,18.5884],[41.323,18.585],[41.3122,18.5749],[41.3086,18.5732],[41.2978,18.5766],[41.287,18.5833],[41.2762,18.5918],[41.269,18.6019],[41.2402,18.6576],[41.2294,18.6728],[41.215,18.6864],[41.2114,18.6982],[41.2078,18.7117],[41.2114,18.7303],[41.2366,18.7961],[41.2402,18.8164],[41.2438,18.8248],[41.2474,18.8282],[41.2474,18.8349],[41.2402,18.8485],[41.2366,18.8485],[41.215,18.8603],[41.2114,18.862],[41.1718,18.8721],[41.161,18.9025],[41.161,18.9092],[41.1394,18.9329],[41.1358,18.9363],[41.1358,18.9464],[41.1358,18.9582],[41.143,18.9768],[41.1466,18.9886],[41.1538,18.9954],[41.1574,19.0038],[41.1574,19.0224],[41.1646,19.0426],[41.1754,19.068],[41.1682,19.0815],[41.1502,19.0933],[41.1286,19.1017],[41.0854,19.1136],[41.0674,19.1254],[41.0566,19.1524],[41.0458,19.1744],[41.0386,19.1828],[41.0422,19.1946],[41.0494,19.2183],[41.0458,19.2267],[41.0422,19.2453],[41.0386,19.2554],[41.035,19.2638],[41.017,19.274],[41.0134,19.2824],[41.0098,19.3044],[40.999,19.3145],[40.9846,19.3229],[40.9558,19.3432],[40.9594,19.3466],[40.9594,19.3584],[40.9558,19.3685],[40.9486,19.3837],[40.945,19.3922],[40.9414,19.404],[40.9378,19.4192],[40.9378,19.431],[40.945,19.4411],[40.9558,19.4479],[40.9594,19.4563],[40.9522,19.4648],[40.9558,19.4749],[40.9522,19.4851],[40.9486,19.4935],[40.945,19.5053],[40.8586,19.534],[40.837,19.5458],[40.783,19.5965],[40.7614,19.6083],[40.7614,19.6151],[40.7722,19.6134],[40.7938,19.6016],[40.801,19.6421],[40.7974,19.6927],[40.7902,19.7147],[40.7434,19.7772],[40.7254,19.789],[40.675,19.7957],[40.6534,19.7941],[40.6462,19.7839],[40.657,19.7603],[40.6426,19.7704],[40.6282,19.7924],[40.621,19.8126],[40.621,19.8211],[40.6066,19.8295],[40.5634,19.8852],[40.5346,19.9038],[40.5274,19.9106],[40.5274,19.9173],[40.5418,19.9443],[40.5346,19.9612],[40.5238,19.973],[40.4914,19.9849],[40.4554,20.0068],[40.4446,20.0102],[40.4374,20.0237],[40.4266,20.0271],[40.4194,20.0305],[40.3942,20.0642],[40.387,20.0676],[40.3618,20.0744],[40.351,20.0744],[40.333,20.0794],[40.315,20.0912],[40.2682,20.125],[40.2322,20.1639],[40.2394,20.1774],[40.2214,20.1892],[40.1962,20.1959],[40.1638,20.201],[40.1602,20.2061],[40.1494,20.2179],[40.135,20.2314],[40.1242,20.2415],[40.1242,20.2449],[40.117,20.2517],[40.0846,20.2787],[40.0666,20.2871],[40.045,20.2854],[40.0198,20.2821],[40.0018,20.2753],[39.991,20.2669],[39.9694,20.2753],[39.9262,20.2989],[39.9046,20.3091],[39.9046,20.2956],[39.9118,20.2888],[39.919,20.2837],[39.9262,20.277],[39.9298,20.2753],[39.9406,20.2686],[39.9478,20.2618],[39.9406,20.2584],[39.9226,20.2635],[39.8254,20.3209],[39.811,20.331],[39.7966,20.3378],[39.7786,20.3428],[39.7606,20.3513],[39.7462,20.3817],[39.7282,20.3969],[39.6742,20.4357],[39.6454,20.461],[39.5878,20.5522],[39.5662,20.5674],[39.5662,20.5759],[39.577,20.5742],[39.5842,20.5759],[39.5914,20.5809],[39.595,20.5894],[39.5806,20.5911],[39.5662,20.5978],[39.5446,20.6198],[39.5374,20.6299],[39.5302,20.6603],[39.5266,20.6704],[39.4942,20.7059],[39.4906,20.7228],[39.505,20.7464],[39.4726,20.7582],[39.4582,20.7599],[39.4582,20.7515],[39.4654,20.7464],[39.469,20.7414],[39.4762,20.7397],[39.4582,20.7447],[39.4366,20.7565],[39.4222,20.7717],[39.4294,20.7869],[39.4222,20.792],[39.415,20.7971],[39.4186,20.8055],[39.4222,20.814],[39.4294,20.8072],[39.4366,20.8005],[39.4438,20.7971],[39.4582,20.7937],[39.451,20.8055],[39.451,20.8123],[39.451,20.8173],[39.4474,20.8275],[39.4438,20.8275],[39.4366,20.8258],[39.4294,20.8292],[39.415,20.846],[39.4114,20.846],[39.4114,20.8292],[39.3898,20.841],[39.361,20.8629],[39.3394,20.8883],[39.3394,20.9102],[39.3466,20.9051],[39.3538,20.8984],[39.361,20.8967],[39.361,20.9035],[39.3574,20.9153],[39.3538,20.9203],[39.3466,20.922],[39.3358,20.9271],[39.3286,20.9322],[39.3178,20.9305],[39.307,20.9254],[39.2962,20.9237],[39.2962,20.9288],[39.2674,20.9693],[39.2638,20.9828],[39.2602,20.9997],[39.2602,21.0233],[39.2566,21.0335],[39.2422,21.0419],[39.2386,21.0504],[39.2386,21.0622],[39.235,21.0672],[39.2278,21.0689],[39.1846,21.0976],[39.1738,21.1095],[39.1666,21.1365],[39.1594,21.1567],[39.1558,21.1669],[39.1594,21.1719],[39.1666,21.1854],[39.1702,21.1922],[39.163,21.2057],[39.127,21.2597],[39.1126,21.2682],[39.0802,21.3155],[39.1594,21.3796],[39.1702,21.405],[39.1738,21.4354],[39.163,21.4658],[39.1486,21.4809],[39.1486,21.486],[39.1594,21.4945],[39.1594,21.508],[39.1414,21.5417],[39.1306,21.5198],[39.1198,21.5164],[39.109,21.5282],[39.1018,21.5485],[39.109,21.5552],[39.091,21.5772],[39.0874,21.6059],[39.091,21.6363],[39.0874,21.665],[39.0766,21.692],[39.0802,21.7055],[39.0982,21.7123],[39.1018,21.719],[39.109,21.7325],[39.109,21.7477],[39.1018,21.7596],[39.0946,21.7393],[39.0874,21.7309],[39.0802,21.7258],[39.0658,21.7258],[39.0622,21.7309],[39.0622,21.7376],[39.0586,21.7461],[39.055,21.7511],[39.0478,21.7545],[39.0442,21.7596],[39.0406,21.7663],[39.037,21.7764],[39.037,21.7933],[39.0334,21.8018],[39.0298,21.8018],[39.019,21.8085],[39.019,21.8119],[39.0154,21.8187],[39.0118,21.822],[38.9794,21.8626],[38.9506,21.9217],[38.9326,22.0061],[38.9326,22.0247],[38.9578,22.0348],[38.9866,22.0027],[39.0046,22.0027],[39.0118,22.0247],[39.0118,22.0432],[39.0118,22.0551],[39.0154,22.0584],[39.0298,22.0669],[39.0334,22.072],[39.0334,22.0905],[39.0442,22.1311],[39.0478,22.1513],[39.0406,22.1513],[39.0262,22.1175],[39.019,22.1311],[39.0226,22.1429],[39.0298,22.153],[39.0334,22.1682],[39.0334,22.2087],[39.0406,22.2357],[39.073,22.2712],[39.0838,22.3134],[39.091,22.3235],[39.0982,22.332],[39.109,22.3421],[39.1234,22.3708],[39.1378,22.386],[39.1414,22.3911],[39.1414,22.4029],[39.1378,22.4147],[39.127,22.4215],[39.1162,22.4181],[39.109,22.4097],[39.1018,22.381],[39.0946,22.3708],[39.0694,22.3658],[39.0694,22.3945],[39.0838,22.4367],[39.073,22.4907],[39.0802,22.5464],[39.073,22.5735],[39.0658,22.587],[39.037,22.6224],[39.0118,22.6781],[38.9938,22.7085],[38.9866,22.7237],[38.9866,22.7356],[39.0154,22.7592],[39.0118,22.766],[38.965,22.8166],[38.947,22.8318],[38.9362,22.8267],[38.9398,22.82],[38.9578,22.8031],[38.965,22.7947],[38.9686,22.7845],[38.9686,22.7744],[38.9722,22.7643],[38.9794,22.7541],[38.9722,22.7474],[38.9578,22.7744],[38.929,22.8149],[38.9038,22.8436],[38.8498,22.9297],[38.8498,22.9433],[38.8822,22.9281],[38.9146,22.8622],[38.929,22.8571],[38.9398,22.8504],[38.9506,22.8521],[38.9578,22.8588],[38.965,22.8706],[38.9542,22.8825],[38.9362,22.9129],[38.9254,22.9179],[38.9182,22.9213],[38.911,22.9281],[38.9038,22.9382],[38.9038,22.95],[38.893,22.9652],[38.875,22.972],[38.8498,22.9787],[38.8354,22.9872],[38.8138,22.9821],[38.7994,22.999],[38.7778,23.0412],[38.7886,23.0513],[38.7994,23.0648],[38.803,23.08],[38.8066,23.0935],[38.803,23.1222],[38.7994,23.1374],[38.7994,23.1493],[38.785,23.1543],[38.7778,23.1391],[38.7634,23.1611],[38.749,23.183],[38.731,23.2168],[38.713,23.2354],[38.7022,23.2573],[38.6914,23.2725],[38.6878,23.286],[38.6806,23.3046],[38.6806,23.3181],[38.6734,23.3485],[38.659,23.3722],[38.6482,23.4009],[38.641,23.4397],[38.6374,23.4684],[38.6302,23.4904],[38.6302,23.5072],[38.6122,23.5241],[38.605,23.5359],[38.6014,23.5511],[38.6014,23.568],[38.5762,23.5562],[38.569,23.563],[38.5582,23.563],[38.5618,23.5461],[38.569,23.5376],[38.5942,23.5292],[38.5942,23.5207],[38.5618,23.5241],[38.5402,23.5427],[38.5402,23.5917],[38.4934,23.644],[38.4718,23.7132],[38.4646,23.7369],[38.461,23.7605],[38.4538,23.7842],[38.4358,23.8027],[38.4286,23.8061],[38.4178,23.8095],[38.3998,23.8146],[38.389,23.8247],[38.3854,23.8382],[38.3782,23.8568],[38.3638,23.8703],[38.3494,23.8754],[38.3314,23.8787],[38.3206,23.8872],[38.3098,23.8939],[38.299,23.9108],[38.2846,23.9277],[38.2738,23.9345],[38.2594,23.9446],[38.2378,23.9513],[38.2234,23.953],[38.1982,23.9665],[38.1838,23.9767],[38.1658,23.9936],[38.1478,24.0155],[38.1262,24.029],[38.1082,24.0442],[38.0794,24.0712],[38.0722,24.0746],[38.0614,24.0763],[38.0542,24.0729],[38.047,24.0678],[38.0218,24.0814],[38.0074,24.0932],[37.9678,24.1168],[37.9354,24.1388],[37.9426,24.1506],[37.957,24.1624],[37.9822,24.1658],[37.975,24.1742],[37.957,24.1709],[37.939,24.1607],[37.9318,24.1742],[37.9426,24.1911],[37.9462,24.2063],[37.939,24.2114],[37.9318,24.2029],[37.9174,24.2012],[37.9138,24.1911],[37.9174,24.186],[37.921,24.1776],[37.9246,24.1641],[37.9246,24.1557],[37.9174,24.1489],[37.8958,24.1573],[37.867,24.1506],[37.8202,24.181],[37.8058,24.1928],[37.7662,24.2215],[37.759,24.2418],[37.7446,24.2502],[37.7302,24.257],[37.7122,24.2671],[37.6942,24.2789],[37.6762,24.2907],[37.651,24.2907],[37.6402,24.2924],[37.6258,24.2806],[37.6222,24.2688],[37.6294,24.2485],[37.5862,24.2468],[37.5754,24.262],[37.5466,24.2739],[37.5214,24.2671],[37.4998,24.2891],[37.4854,24.311],[37.4638,24.3397],[37.4278,24.3667],[37.417,24.4005],[37.4278,24.4208],[37.435,24.4191],[37.4566,24.4073],[37.4638,24.4225],[37.4566,24.441],[37.3198,24.6251],[37.2586,24.7028],[37.2298,24.7382],[37.2262,24.7652],[37.2298,24.772],[37.2298,24.7821],[37.2298,24.7922],[37.2262,24.799],[37.219,24.8024],[37.2082,24.7906],[37.1974,24.7889],[37.1794,24.799],[37.165,24.8159],[37.147,24.8513],[37.1758,24.8513],[37.1974,24.848],[37.219,24.8463],[37.2442,24.8547],[37.255,24.8716],[37.2586,24.9223],[37.2802,24.9645],[37.2766,24.9864],[37.2586,25.0286],[37.2514,25.0523],[37.2586,25.1114],[37.255,25.1333],[37.2514,25.1553],[37.2406,25.1756],[37.2298,25.1941],[37.2118,25.2144],[37.201,25.2245],[37.1902,25.2313],[37.1794,25.2397],[37.1722,25.2583],[37.1614,25.2651],[37.1434,25.2802],[37.1218,25.2988],[37.1038,25.3225],[37.093,25.3444],[37.0894,25.3545],[37.0894,25.3765],[37.0858,25.3849],[37.0786,25.3951],[37.0642,25.4103],[37.0606,25.4204],[37.0786,25.4305],[37.0642,25.4542],[37.0174,25.4947],[37.0102,25.5082],[36.9958,25.5504],[36.9886,25.5572],[36.9742,25.5656],[36.9706,25.5707],[36.9706,25.5757],[36.9706,25.5893],[36.967,25.5943],[36.9598,25.6061],[36.9454,25.6348],[36.9346,25.6467],[36.9238,25.6551],[36.895,25.6652],[36.8806,25.672],[36.841,25.7294],[36.8158,25.7581],[36.7942,25.7598],[36.7942,25.748],[36.8014,25.7362],[36.805,25.726],[36.7906,25.721],[36.7798,25.7243],[36.7474,25.7446],[36.733,25.748],[36.7258,25.753],[36.7006,25.7801],[36.697,25.7902],[36.6934,25.7953],[36.697,25.8172],[36.6934,25.8223],[36.6826,25.8257],[36.6754,25.8307],[36.6646,25.8561],[36.661,25.8797],[36.6718,25.9016],[36.6934,25.9236],[36.7042,25.9439],[36.7078,25.9709],[36.7042,25.9996],[36.697,26.0215],[36.6718,26.0452],[36.6394,26.0604],[36.607,26.0688],[36.571,26.0705],[36.535,26.0823],[36.5134,26.111],[36.4486,26.2461],[36.427,26.2816],[36.3838,26.3339],[36.3082,26.4977],[36.229,26.626],[36.1822,26.6801],[36.1246,26.7274],[36.0994,26.7544],[36.0814,26.7966],[36.0526,26.8439],[36.031,26.9063],[36.013,26.903],[35.9986,26.9131],[35.977,26.9486],[35.9122,26.9992],[35.833,27.0921],[35.8042,27.1427],[35.8006,27.1495],[35.797,27.1596],[35.8006,27.1681],[35.8114,27.1833],[35.8114,27.1917],[35.8078,27.2035],[35.7826,27.2356],[35.6998,27.3251],[35.653,27.3538],[35.6422,27.364],[35.617,27.3893],[35.5882,27.4281],[35.5594,27.4551],[35.5198,27.5193],[35.509,27.5446],[35.5054,27.5649],[35.5054,27.6004],[35.5018,27.6189],[35.491,27.6324],[35.4586,27.6628],[35.4406,27.6898],[35.4154,27.7506],[35.3938,27.7777],[35.3866,27.7827],[35.365,27.7895],[35.3578,27.7945],[35.3506,27.8013],[35.347,27.8148],[35.3362,27.8334],[35.3326,27.8621],[35.3218,27.8756],[35.2714,27.9279],[35.257,27.9533],[35.2462,27.9617],[35.2318,27.9685],[35.1814,28.0022],[35.1814,27.9955],[35.1742,27.9955],[35.1634,28.009],[35.1778,28.0191],[35.1994,28.0276],[35.2174,28.0377],[35.2282,28.0326],[35.2246,28.0394],[35.2174,28.0546],[35.2102,28.0563],[35.1814,28.0613],[35.1742,28.0647],[35.167,28.0647],[35.167,28.058],[35.1634,28.058],[35.1562,28.0647],[35.1526,28.0715],[35.1454,28.0765],[35.1382,28.0782],[35.1202,28.0782],[35.1094,28.0782],[35.0986,28.09],[35.0518,28.1187],[35.041,28.1137],[35.0302,28.1137],[35.0194,28.1137],[35.023,28.1086],[35.0266,28.1035],[35.0302,28.0985],[35.0194,28.1035],[35.0086,28.1103],[34.9977,28.1137],[34.9869,28.1086],[34.9761,28.1035],[34.9437,28.0951],[34.9365,28.0917],[34.9329,28.0867],[34.9293,28.0782],[34.9221,28.0782],[34.9221,28.085],[34.9149,28.085],[34.9005,28.0816],[34.8789,28.085],[34.8609,28.085],[34.8465,28.0715],[34.8429,28.0765],[34.8393,28.0782],[34.8393,28.085],[34.8465,28.085],[34.8465,28.0934],[34.8429,28.1002],[34.8465,28.1052],[34.8573,28.1103],[34.8645,28.112],[34.8573,28.1171],[34.8465,28.1171],[34.8357,28.1171],[34.8249,28.112],[34.8249,28.1052],[34.8321,28.1052],[34.8321,28.0985],[34.8213,28.0951],[34.8141,28.0884],[34.8033,28.0715],[34.8033,28.0748],[34.7997,28.0765],[34.7961,28.0765],[34.7925,28.0782],[34.7961,28.085],[34.8033,28.09],[34.8105,28.0951],[34.8177,28.0985],[34.8177,28.1035],[34.8177,28.1069],[34.8177,28.112],[34.8033,28.1137],[34.7925,28.1103],[34.7853,28.1052],[34.7853,28.0934],[34.7781,28.0951],[34.7781,28.0968],[34.7745,28.0951],[34.7709,28.0934],[34.7709,28.0968],[34.7709,28.1035],[34.7709,28.1052],[34.7637,28.1052],[34.7637,28.0985],[34.7565,28.0985],[34.7529,28.1069],[34.7457,28.112],[34.7421,28.112],[34.7349,28.1052],[34.7277,28.112],[34.7241,28.1154],[34.7205,28.1238],[34.7169,28.1272],[34.7097,28.1407],[34.7061,28.1373],[34.7025,28.1356],[34.6989,28.1323],[34.6953,28.1272],[34.6809,28.1356],[34.6773,28.1306],[34.6773,28.1204],[34.6737,28.112],[34.6665,28.1086],[34.6521,28.1035],[34.6485,28.0985],[34.6485,28.0934],[34.6665,28.0782],[34.6665,28.0715],[34.6629,28.0715],[34.6593,28.0698],[34.6557,28.0664],[34.6557,28.0647],[34.6485,28.0715],[34.6413,28.0546],[34.6413,28.0411],[34.6341,28.0326],[34.6125,28.0309],[34.6161,28.0343],[34.6161,28.036],[34.6197,28.0377],[34.6125,28.0444],[34.6089,28.0596],[34.6053,28.0715],[34.6053,28.0968],[34.5981,28.1035],[34.5729,28.0934],[34.5801,28.1052],[34.5729,28.112],[34.5873,28.1323],[34.5981,28.139],[34.6053,28.1424],[34.6053,28.1475],[34.6125,28.1508],[34.6197,28.1576],[34.6269,28.161],[34.6197,28.1677],[34.6233,28.1728],[34.6269,28.1762],[34.6341,28.1795],[34.6413,28.1812],[34.6413,28.1762],[34.6377,28.1762],[34.6341,28.1762],[34.6341,28.1745],[34.6449,28.1694],[34.6521,28.1677],[34.6593,28.1711],[34.6593,28.1812],[34.6557,28.1812],[34.6557,28.188],[34.6485,28.1947],[34.6485,28.2015],[34.6557,28.2066],[34.6665,28.2082],[34.6665,28.215],[34.6665,28.2251],[34.6737,28.2707],[34.6773,28.269],[34.6845,28.2657],[34.6881,28.264],[34.6881,28.2673],[34.6881,28.2775],[34.6845,28.2741],[34.6809,28.2724],[34.6737,28.2775],[34.6953,28.2944],[34.7133,28.3281],[34.7313,28.3636],[34.7421,28.4109],[34.7601,28.4362],[34.7673,28.4666],[34.7745,28.4835],[34.8033,28.5274],[34.7961,28.573],[34.7925,28.6203],[34.7781,28.6642],[34.7961,28.7266],[34.8105,28.7587],[34.8249,28.784],[34.8249,28.7908],[34.8177,28.7908],[34.8357,28.8161],[34.8393,28.8279],[34.8321,28.8398],[34.8321,28.8465],[34.8429,28.8769],[34.8429,28.8904],[34.8249,28.8938],[34.8249,28.9006],[34.8393,28.9225],[34.8573,28.963],[34.8645,29.0069],[34.8537,29.0306],[34.8537,29.0458],[34.8645,29.0643],[34.8717,29.0846],[34.8933,29.1741],[34.8969,29.1876],[34.9077,29.2096],[34.9077,29.2163],[34.9077,29.2298],[34.9185,29.2383],[34.9437,29.2501],[34.9365,29.267],[34.9329,29.2889],[34.9365,29.3041],[34.9473,29.2991],[34.9509,29.3007],[34.9509,29.3041],[34.9509,29.3058],[34.9545,29.3058],[34.9473,29.3193],[34.9437,29.3362],[34.9509,29.3514],[34.9617,29.3599],[34.9689,29.451],[34.9761,29.4764],[34.9977,29.5186],[34.9977,29.5338],[34.9761,29.5523],[34.9617,29.5523],[34.9617,29.5557],[34.9617,29.5574],[34.9617,29.5591],[34.9545,29.5591],[34.9509,29.5456],[34.9437,29.5372],[34.9293,29.5186],[34.9185,29.5068],[34.9149,29.5],[34.9149,29.4932],[34.9113,29.4899],[34.9041,29.4899],[34.8933,29.4899],[34.8861,29.4899],[34.8753,29.4848],[34.8681,29.4797],[34.8609,29.473],[34.8537,29.4629],[34.8465,29.451],[34.8429,29.4409],[34.8393,29.4325],[34.8249,29.4291],[34.8285,29.4274],[34.8321,29.4274],[34.8321,29.4257],[34.8321,29.4206],[34.8249,29.4173],[34.8177,29.4122],[34.8141,29.4071],[34.8177,29.4004],[34.8105,29.3987],[34.8069,29.397],[34.8069,29.3919],[34.8105,29.3869],[34.7997,29.3784],[34.7781,29.3463],[34.7709,29.3413],[34.7637,29.3362],[34.7565,29.3328],[34.7529,29.3278],[34.7493,29.321],[34.7457,29.3159],[34.7349,29.3109],[34.7349,29.3058],[34.7457,29.2906],[34.7421,29.2771],[34.7349,29.2636],[34.7277,29.2501],[34.7277,29.1994],[34.7241,29.1859],[34.7133,29.1775],[34.6989,29.1707],[34.6953,29.164],[34.6953,29.1505],[34.6917,29.1353],[34.6845,29.1184],[34.6737,29.1066],[34.6773,29.0947],[34.6737,29.034],[34.6773,29.0255],[34.6881,29.012],[34.6881,29.0002],[34.6845,28.9884],[34.6773,28.9833],[34.6701,28.9799],[34.6449,28.9681],[34.6449,28.9613],[34.6413,28.9495],[34.6413,28.9428],[34.6449,28.9225],[34.6485,28.8634],[34.6197,28.8465],[34.6197,28.8398],[34.6233,28.8313],[34.6269,28.8161],[34.6269,28.8026],[34.6197,28.7908],[34.6233,28.7874],[34.6269,28.7824],[34.6341,28.7705],[34.6233,28.7655],[34.6233,28.7604],[34.6233,28.7537],[34.6269,28.7469],[34.6233,28.7368],[34.6197,28.73],[34.6161,28.7249],[34.6125,28.7199],[34.6089,28.7013],[34.5837,28.6726],[34.5693,28.627],[34.5297,28.573],[34.5189,28.5443],[34.5153,28.5409],[34.5153,28.5392],[34.5153,28.5375],[34.5117,28.5375],[34.5225,28.5071],[34.5117,28.4885],[34.4901,28.4733],[34.4685,28.4548],[34.4721,28.4531],[34.4757,28.448],[34.4613,28.4413],[34.4541,28.4294],[34.4433,28.3839],[34.4397,28.3737],[34.4289,28.3568],[34.4253,28.345],[34.4109,28.3197],[34.4073,28.3079],[34.4073,28.291],[34.4109,28.2775],[34.4145,28.2673],[34.4217,28.2555],[34.4217,28.2505],[34.4145,28.2336],[34.4217,28.2184],[34.4325,28.2049],[34.4433,28.188],[34.4541,28.1795],[34.4541,28.1745],[34.4541,28.1677],[34.4541,28.1626],[34.4505,28.161],[34.4469,28.1576],[34.4469,28.1441],[34.4397,28.1103],[34.4253,28.0816],[34.4433,28.0529],[34.4289,27.9837],[34.4361,27.9752],[34.4073,27.9718],[34.4001,27.9685],[34.3965,27.9634],[34.3929,27.9533],[34.3893,27.9448],[34.3785,27.9381],[34.3713,27.9229],[34.3641,27.9212],[34.3533,27.9195],[34.3425,27.9161],[34.3317,27.9144],[34.3317,27.9094],[34.3353,27.9094],[34.3389,27.906],[34.3317,27.8908],[34.3209,27.8621],[34.3101,27.852],[34.3029,27.852],[34.3029,27.857],[34.2921,27.8604],[34.2849,27.8638],[34.2777,27.8587],[34.2741,27.8368],[34.2633,27.8249],[34.2705,27.8131],[34.2597,27.8013],[34.2381,27.7945],[34.2273,27.7912],[34.2165,27.7912],[34.2129,27.7912],[34.2165,27.776],[34.2201,27.7692],[34.2561,27.7692],[34.2561,27.7641],[34.2489,27.7641],[34.2489,27.7557],[34.2561,27.7523],[34.2597,27.7473],[34.2633,27.7354],[34.2525,27.7405],[34.2489,27.7422],[34.2525,27.7388],[34.2525,27.7371],[34.2561,27.7354],[34.2561,27.7287],[34.2489,27.7287],[34.2453,27.7371],[34.2273,27.7574],[34.2093,27.776],[34.1985,27.7827],[34.1913,27.7861],[34.1733,27.7912],[34.0797,27.8013],[34.0545,27.8148],[33.9861,27.8874],[33.9825,27.8908],[33.9753,27.8891],[33.9177,27.9364],[33.9033,27.9414],[33.8925,27.9431],[33.8781,27.9347],[33.8673,27.9617],[33.8601,27.955],[33.8493,27.9651],[33.8133,27.9904],[33.8061,27.9938],[33.8025,27.9955],[33.7989,28.0005],[33.7953,28.009],[33.7953,28.0124],[33.7881,28.0174],[33.7809,28.0208],[33.7629,28.0242],[33.7629,28.0495],[33.7161,28.0748],[33.7161,28.0934],[33.7017,28.1035],[33.6837,28.1238],[33.6729,28.1458],[33.6729,28.161],[33.6693,28.1643],[33.6657,28.166],[33.6621,28.1694],[33.6585,28.1745],[33.6549,28.1745],[33.6549,28.1677],[33.6477,28.1677],[33.6441,28.1728],[33.6333,28.1812],[33.6333,28.1846],[33.6189,28.2336],[33.6117,28.2403],[33.6045,28.2369],[33.5973,28.2505],[33.5757,28.2808],[33.5649,28.2977],[33.4353,28.367],[33.4281,28.3771],[33.4245,28.3788],[33.3993,28.4142],[33.3813,28.4294],[33.3705,28.443],[33.3705,28.448],[33.3057,28.4902],[33.2949,28.4987],[33.2913,28.5071],[33.2877,28.5156],[33.2805,28.5274],[33.2661,28.5392],[33.2553,28.5443],[33.2625,28.551],[33.2625,28.5443],[33.2697,28.5443],[33.2625,28.5764],[33.2445,28.5797],[33.2373,28.5662],[33.2553,28.551],[33.2409,28.5561],[33.2301,28.5696],[33.2229,28.5882],[33.2193,28.6287],[33.2121,28.6456],[33.1941,28.6743],[33.2049,28.6946],[33.2193,28.7418],[33.2265,28.7638],[33.2157,28.7773],[33.2085,28.7857],[33.2049,28.806],[33.1977,28.8094],[33.1869,28.8128],[33.1797,28.8178],[33.1761,28.8364],[33.1725,28.882],[33.1689,28.8938],[33.1689,28.9006],[33.1761,28.909],[33.1761,28.9191],[33.1725,28.9411],[33.1725,28.9461],[33.1689,28.9613],[33.1653,28.9765],[33.1689,28.9833],[33.1761,28.9901],[33.1725,29.0036],[33.1581,29.0137],[33.1545,29.0137],[33.1509,29.0238],[33.1437,29.0323],[33.1365,29.034],[33.1257,29.0306],[33.1149,29.0424],[33.0897,29.0559],[33.0789,29.0643],[33.0645,29.0897],[33.0645,29.0964],[33.0609,29.1015],[33.0465,29.1116],[33.0429,29.1167],[33.0393,29.1184],[33.0249,29.1403],[33.0213,29.142],[33.0105,29.1454],[33.0105,29.1471],[33.0069,29.1505],[33.0033,29.1589],[33.0033,29.1606],[32.9565,29.2028],[32.9421,29.2062],[32.9205,29.218],[32.8989,29.2315],[32.8845,29.2433],[32.8809,29.2585],[32.8737,29.2788],[32.8701,29.2974],[32.8557,29.3058],[32.8449,29.3075],[32.8377,29.3159],[32.8197,29.3599],[32.8161,29.3599],[32.8197,29.397],[32.8161,29.4139],[32.7909,29.4257],[32.7405,29.4561],[32.7477,29.4561],[32.7441,29.4629],[32.7405,29.4662],[32.7369,29.4679],[32.7297,29.4696],[32.7297,29.4713],[32.7333,29.4747],[32.7369,29.4781],[32.7333,29.4831],[32.7297,29.4831],[32.7225,29.4747],[32.7225,29.4679],[32.7225,29.4612],[32.7297,29.4561],[32.7153,29.4561],[32.7225,29.4932],[32.7225,29.5388],[32.7117,29.5811],[32.6793,29.5996],[32.6793,29.6064],[32.6865,29.6182],[32.6865,29.6317],[32.6829,29.6469],[32.6793,29.6621],[32.6829,29.6756],[32.6901,29.6959],[32.6937,29.706],[32.6937,29.7229],[32.6901,29.733],[32.6865,29.7415],[32.6793,29.7516],[32.6577,29.7769],[32.6541,29.7887],[32.6469,29.7938],[32.6253,29.8158],[32.6037,29.8242],[32.6109,29.8343],[32.6217,29.8428],[32.6253,29.8462],[32.6253,29.8749],[32.6109,29.8934],[32.5713,29.9289],[32.5821,29.934],[32.5857,29.939],[32.5821,29.9441],[32.5785,29.9492],[32.5821,29.9509],[32.5857,29.9525],[32.5821,29.9542],[32.5785,29.9559],[32.5749,29.9627],[32.5677,29.9677],[32.5641,29.9728],[32.5605,29.9762],[32.5641,29.9796],[32.5677,29.9812],[32.5713,29.9829],[32.5785,29.9829],[32.5785,29.9897],[32.5749,29.9964],[32.5749,30.0032],[32.5785,30.0116],[32.5713,30.0116],[32.5569,29.9863],[32.5569,29.9762],[32.5605,29.9677],[32.5641,29.9627],[32.5713,29.9559],[32.5713,29.9424],[32.5641,29.9424],[32.5605,29.9559],[32.5533,29.9627],[32.5425,29.9627],[32.5317,29.9559],[32.5137,29.961],[32.4921,29.9509],[32.4777,29.9323],[32.4669,29.9154],[32.4669,29.8968],[32.4741,29.8816],[32.4885,29.8715],[32.5101,29.8664],[32.4921,29.8546],[32.4093,29.7516],[32.4021,29.7432],[32.3913,29.7347],[32.3625,29.6874],[32.3589,29.6722],[32.3589,29.63],[32.3517,29.6131],[32.3373,29.5996],[32.3373,29.5929],[32.3481,29.5844],[32.3589,29.5709],[32.3697,29.5574],[32.3769,29.5355],[32.3877,29.5253],[32.4381,29.4966],[32.4525,29.4865],[32.4957,29.4409],[32.5281,29.424],[32.5569,29.3987],[32.5821,29.3683],[32.5929,29.3497],[32.5965,29.3244],[32.6037,29.2923],[32.6181,29.2619],[32.6325,29.2433],[32.6325,29.2366],[32.6289,29.2197],[32.6577,29.1201],[32.6577,29.1116],[32.6613,29.0897],[32.6541,29.0812],[32.6433,29.0728],[32.6397,29.061],[32.6289,29.0576],[32.6253,29.0475],[32.6325,29.0373],[32.6289,29.0086],[32.6253,28.9732],[32.6325,28.9613],[32.6613,28.9343],[32.6721,28.9208],[32.6757,28.9107],[32.6757,28.8904],[32.6793,28.8803],[32.7045,28.8583],[32.7081,28.8567],[32.7477,28.8043],[32.7837,28.7992],[32.8053,28.779],[32.8197,28.7486],[32.8665,28.6],[32.8701,28.5797],[32.8809,28.5747],[32.9277,28.551],[32.9529,28.5308],[32.9637,28.5172],[32.9745,28.5004],[32.9817,28.497],[32.9925,28.4936],[33.0033,28.4902],[33.0069,28.4835],[33.0141,28.4632],[33.0429,28.4142],[33.0501,28.4075],[33.0501,28.4024],[33.0501,28.4007],[33.0465,28.4007],[33.0429,28.4007],[33.0861,28.3687],[33.1077,28.3467],[33.1041,28.3264],[33.1113,28.3197],[33.1185,28.3096],[33.1257,28.296],[33.1257,28.2876],[33.1293,28.2842],[33.1545,28.2555],[33.2013,28.2116],[33.2121,28.1897],[33.2229,28.1846],[33.2337,28.1795],[33.2409,28.1745],[33.2481,28.161],[33.2445,28.1508],[33.2481,28.1424],[33.2661,28.1407],[33.2841,28.1323],[33.3165,28.0968],[33.3381,28.085],[33.3381,28.0799],[33.3381,28.0715],[33.3381,28.0647],[33.3345,28.0563],[33.3453,28.0512],[33.3561,28.0478],[33.3669,28.0512],[33.3741,28.036],[33.3957,28.0276],[33.4425,28.0157],[33.5109,27.9583],[33.5361,27.9161],[33.5469,27.906],[33.5541,27.8959],[33.5757,27.8503],[33.5793,27.8384],[33.5793,27.8317],[33.5829,27.8249],[33.5865,27.8047],[33.5937,27.7979],[33.5937,27.7912],[33.5865,27.7912],[33.5721,27.7912],[33.5613,27.8131],[33.5361,27.8266],[33.5109,27.8351],[33.4893,27.8452],[33.4821,27.8452],[33.4749,27.8317],[33.4749,27.8232],[33.4749,27.8165],[33.4821,27.8047],[33.5001,27.7878],[33.5109,27.7743],[33.5145,27.7591],[33.5217,27.7523],[33.5361,27.7557],[33.5505,27.7625],[33.5577,27.7591],[33.5577,27.7456],[33.5541,27.7321],[33.5469,27.7186],[33.5361,27.7084],[33.5397,27.705],[33.5469,27.6983],[33.5505,27.6949],[33.5685,27.6831],[33.5757,27.6814],[33.5793,27.678],[33.5865,27.6595],[33.5937,27.6527],[33.5937,27.6459],[33.5829,27.6544],[33.5577,27.6814],[33.5505,27.6814],[33.5505,27.6746],[33.5541,27.6679],[33.5577,27.6595],[33.5505,27.6595],[33.5433,27.6797],[33.5253,27.678],[33.5073,27.6645],[33.4965,27.6459],[33.5181,27.6358],[33.5361,27.6155],[33.5649,27.5716],[33.5613,27.5649],[33.5577,27.5564],[33.5577,27.548],[33.5577,27.5362],[33.5757,27.5261],[33.6189,27.5075],[33.6333,27.4957],[33.6369,27.4872],[33.6369,27.4653],[33.6405,27.4551],[33.6477,27.4467],[33.6657,27.4298],[33.6729,27.4197],[33.6765,27.3994],[33.6837,27.3555],[33.6909,27.342],[33.7233,27.3133],[33.7629,27.2897],[33.8061,27.2728],[33.8241,27.2593],[33.8385,27.2424],[33.8421,27.2322],[33.8385,27.1934],[33.8349,27.19],[33.8277,27.185],[33.8241,27.1799],[33.8241,27.1748],[33.8313,27.1664],[33.8313,27.1596],[33.8313,27.1377],[33.8385,27.1208],[33.8457,27.1073],[33.8673,27.0955],[33.8817,27.0803],[33.8997,27.0583],[33.9069,27.0414],[33.8925,27.0431],[33.8925,27.0279],[33.8997,27.0144],[33.9213,26.9891],[33.9285,26.9739],[33.9429,26.9452],[33.9501,26.9317],[33.9645,26.9215],[33.9789,26.9148],[33.9897,26.908],[33.9969,26.8962],[34.0041,26.8641],[34.0041,26.8489],[33.9969,26.8371],[33.9789,26.8371],[33.9681,26.8456],[33.9609,26.8506],[33.9465,26.8304],[33.9465,26.8185],[33.9465,26.8],[33.9465,26.7831],[33.9501,26.7696],[33.9501,26.7426],[33.9321,26.6818],[33.9429,26.6531],[33.9537,26.6429],[33.9861,26.6345],[34.0041,26.626],[34.0149,26.6108],[34.0221,26.5805],[34.0581,26.5416],[34.0689,26.5146],[34.1049,26.4268],[34.1193,26.3998],[34.1409,26.3728],[34.1517,26.3474],[34.1769,26.3153],[34.2633,26.1397],[34.2993,26.0874],[34.3389,26.0013],[34.4181,25.9033],[34.4253,25.8898],[34.4361,25.8611],[34.5009,25.7716],[34.5369,25.7362],[34.5477,25.7243],[34.6341,25.569],[34.6485,25.5217],[34.6701,25.4795],[34.6809,25.4288],[34.6989,25.4018],[34.7421,25.3512],[34.7493,25.3393],[34.7601,25.309],[34.7637,25.2954],[34.7961,25.2549],[34.8069,25.211],[34.8537,25.1384],[34.9401,25.0033],[34.9437,24.9712],[34.9545,24.9442],[34.9689,24.9256],[34.9905,24.9054],[34.9941,24.8868],[34.9941,24.8497],[34.9977,24.8311],[35.0014,24.8159],[35.0086,24.8041],[35.023,24.7956],[35.0374,24.7855],[35.0626,24.7635],[35.0806,24.7348],[35.1058,24.6572],[35.1094,24.6437],[35.1274,24.6183],[35.1454,24.5862],[35.1598,24.5744],[35.1598,24.5592],[35.1454,24.5271],[35.1454,24.5001],[35.185,24.4849],[35.2354,24.4005],[35.3722,24.3059],[35.3902,24.2823],[35.4298,24.186],[35.455,24.159],[35.4946,24.1084],[35.509,24.1118],[35.5018,24.1253],[35.4946,24.1388],[35.5054,24.1405],[35.5234,24.1219],[35.5522,24.1101],[35.5882,24.0763],[35.6026,24.0476],[35.6062,24.0189],[35.635,24.002],[35.6674,24.0071],[35.6926,24.0003],[35.7178,23.9936],[35.7394,23.9834],[35.7538,23.9682],[35.7754,23.9243],[35.7934,23.9024],[35.7862,23.8922],[35.7718,23.9125],[35.7502,23.9328],[35.7358,23.9328],[35.6998,23.9176],[35.6854,23.9108],[35.6638,23.9193],[35.6458,23.926],[35.6278,23.9294],[35.6134,23.9277],[35.599,23.9294],[35.581,23.9361],[35.5738,23.9446],[35.563,23.9564],[35.5522,23.9598],[35.5522,23.9648],[35.5342,23.9716],[35.5126,23.9767],[35.5054,23.9716],[35.491,23.948],[35.4838,23.9176],[35.491,23.8703],[35.4802,23.8281],[35.4766,23.7977],[35.4838,23.7723],[35.5018,23.769],[35.509,23.7572],[35.509,23.742],[35.5054,23.7352],[35.509,23.7183],[35.509,23.7065],[35.509,23.6845],[35.5054,23.6423],[35.5054,23.5562],[35.5018,23.5393],[35.491,23.5123],[35.491,23.4971],[35.4946,23.4819],[35.5018,23.4667],[35.5234,23.4397],[35.5414,23.4093],[35.5486,23.3941],[35.5522,23.3772],[35.5486,23.3299],[35.5594,23.2827],[35.5666,23.2455],[35.5738,23.2117],[35.6206,23.1391],[35.635,23.1104],[35.653,23.0733],[35.6674,22.9821],[35.6746,22.9669],[35.6962,22.9314],[35.7358,22.8842],[35.7646,22.8706],[35.7502,22.8858],[35.725,22.9314],[35.743,22.9314],[35.7574,22.923],[35.7646,22.9078],[35.7718,22.8909],[35.7826,22.8419],[35.7862,22.8335],[35.8006,22.8234],[35.8114,22.8115],[35.815,22.7997],[35.8294,22.7845],[35.8474,22.7626],[35.887,22.7356],[35.923,22.7221],[35.941,22.717],[35.9446,22.7136],[35.9554,22.7052],[35.9698,22.6984],[35.9842,22.6933],[36.0418,22.69],[36.121,22.6765],[36.1966,22.6511],[36.2254,22.6359],[36.2758,22.592],[36.2902,22.5684],[36.2974,22.5228],[36.3118,22.4924],[36.3442,22.4671],[36.373,22.4451],[36.391,22.4384],[36.4054,22.4333],[36.4018,22.4485],[36.4054,22.4485],[36.427,22.4266],[36.4234,22.3978],[36.4414,22.3556],[36.5062,22.3286],[36.5422,22.31],[36.5638,22.2965],[36.625,22.2493],[36.715,22.1699],[36.733,22.1598],[36.7474,22.1614],[36.751,22.1665],[36.7546,22.1733],[36.7582,22.1766],[36.7654,22.175],[36.7834,22.1648],[36.7906,22.1581],[36.7942,22.1513],[36.8086,22.1209],[36.8194,22.1091],[36.8338,22.0956],[36.8734,22.0736],[36.895,22.0669],[36.8986,22.0297],[36.8986,22.0179],[36.8914,22.0061],[36.8842,21.996],[36.8806,21.9808],[36.877,21.9757],[36.8734,21.974],[36.859,21.9723],[36.841,21.9656],[36.8626,21.9487],[36.8734,21.9369],[36.8734,21.8153],[36.8986,21.6785],[36.8878,21.6498],[36.9022,21.6414],[36.9058,21.6295],[36.9058,21.6177],[36.913,21.6059],[36.9238,21.5958],[36.931,21.5856],[36.985,21.4658],[37.1146,21.2783],[37.1974,21.2023],[37.3054,21.074],[37.3126,21.0571],[37.3126,21.0385],[37.3054,21.0217],[37.291,21.0132],[37.273,21.02],[37.2514,21.0065],[37.2334,21.02],[37.2082,21.0656],[37.201,21.074],[37.1938,21.0858],[37.1902,21.0976],[37.1974,21.1027],[37.2082,21.0993],[37.2154,21.0909],[37.2226,21.0808],[37.2262,21.0723],[37.2514,21.0554],[37.2622,21.0504],[37.273,21.0537],[37.2694,21.0622],[37.2442,21.0892],[37.2298,21.128],[37.219,21.1415],[37.2046,21.1365],[37.1758,21.1567],[37.1686,21.1466],[37.1578,21.1483],[37.1542,21.1584],[37.147,21.1703],[37.1506,21.1838],[37.1578,21.1939],[37.1578,21.2057],[37.147,21.2192],[37.1218,21.2243],[37.1038,21.2074],[37.1002,21.1804],[37.1002,21.1567],[37.1074,21.1517],[37.1182,21.15],[37.1218,21.1432],[37.1182,21.1314],[37.1146,21.123],[37.1182,21.0976],[37.1182,21.0858],[37.1146,21.074],[37.1038,21.0656],[37.093,21.0622],[37.0858,21.0571],[37.0858,21.0402],[37.093,21.0318],[37.1218,20.9997],[37.147,20.9406],[37.1614,20.8781],[37.1686,20.7464],[37.183,20.6839],[37.2298,20.5657],[37.2298,20.4999],[37.2262,20.4847],[37.2226,20.4678],[37.2118,20.4594],[37.183,20.4627],[37.1794,20.4492],[37.183,20.4205],[37.1758,20.3496],[37.183,20.3091],[37.183,20.2939],[37.2046,20.2348],[37.2154,20.1993],[37.219,20.1672],[37.2262,20.12],[37.2082,20.0811],[37.2082,20.0744],[37.2046,20.0642],[37.1938,20.049],[37.1902,20.0406],[37.1902,20.0136],[37.1974,19.9798],[37.2586,19.8211],[37.2658,19.7873],[37.2658,19.7215],[37.2622,19.7046],[37.2586,19.6927],[37.2406,19.6708],[37.237,19.6556],[37.2442,19.5948],[37.2442,19.5762],[37.2442,19.5678],[37.2478,19.5577],[37.2658,19.5323],[37.2874,19.4749],[37.327,19.2622],[37.3342,19.1592],[37.3378,19.1473],[37.345,19.1406],[37.3558,19.1355],[37.3594,19.1288],[37.3594,19.122],[37.3558,19.1085],[37.3558,19.1017],[37.381,19.0697],[37.3918,19.019],[37.4134,18.9548],[37.4242,18.9143],[37.435,18.862],[37.4494,18.8434],[37.471,18.8062],[37.4926,18.7674],[37.525,18.7387],[37.5322,18.7269],[37.5394,18.7151],[37.5502,18.71],[37.5646,18.7134],[37.5754,18.7201],[37.5826,18.7184],[37.6402,18.7269],[37.6762,18.7404],[37.6798,18.7218],[37.7014,18.7117],[37.7194,18.7083],[37.741,18.71],[37.7482,18.6982],[37.7482,18.6813],[37.7662,18.6678],[37.759,18.6289],[37.7734,18.6374],[37.7842,18.6408],[37.795,18.6323],[37.813,18.6154],[37.9246,18.585],[37.9678,18.5462],[37.9966,18.5023],[38.0398,18.4618],[38.065,18.4432],[38.1082,18.428],[38.1226,18.4128],[38.1082,18.3959],[38.083,18.3824],[38.0758,18.3486],[38.1046,18.2912],[38.1514,18.249],[38.2054,18.2372],[38.245,18.2439],[38.2522,18.2811],[38.2702,18.2862],[38.3062,18.3064],[38.3134,18.2963],[38.3026,18.2878],[38.2882,18.2794],[38.281,18.2727],[38.2774,18.2642],[38.2774,18.2541],[38.2774,18.2423],[38.263,18.2304],[38.2486,18.2271],[38.2378,18.2271],[38.2234,18.2271],[38.2162,18.2169],[38.2306,18.2186],[38.2666,18.2237],[38.2774,18.222],[38.2882,18.2169],[38.2954,18.2102],[38.3062,18.2034],[38.3206,18.2],[38.3458,18.1984],[38.3602,18.1933],[38.3746,18.1899],[38.3854,18.195],[38.389,18.2034],[38.3746,18.2102],[38.3926,18.2237],[38.4106,18.2051],[38.443,18.1561],[38.4322,18.1426],[38.4502,18.1325],[38.4754,18.1308],[38.4934,18.1409],[38.5006,18.1257],[38.5042,18.0869],[38.5114,18.0734],[38.533,18.07],[38.5402,18.0852],[38.5402,18.1089],[38.5258,18.1291],[38.5438,18.119],[38.5834,18.0768],[38.5906,18.0616],[38.5906,18.0464],[38.5942,18.0363],[38.605,18.0143],[38.6014,18.0042],[38.605,17.994],[38.6122,17.9839],[38.6194,17.9518],[38.6626,17.8944],[38.6662,17.8843],[38.6662,17.864],[38.6698,17.8539],[38.6878,17.8302],[38.6914,17.8235],[38.695,17.8066],[38.7886,17.6681],[38.8606,17.5128],[38.929,17.3963],[38.9542,17.3119],[38.965,17.2916],[38.9542,17.2528],[38.9722,17.224],[38.9974,17.1953],[39.0118,17.1649],[39.019,17.1261],[39.0262,17.0923],[39.055,17.0349],[39.0586,17.0147],[39.0599,17],[-16.3067,17],[-16.2776,17.04],[-16.1912,17.219],[-16.1876,17.2443],[-16.1732,17.2629],[-16.0796,17.5449],[-16.0508,17.6665],[-16.04,17.7999],[-16.0256,17.9603],[-16.0364,18.1409],[-16.0688,18.4837],[-16.0796,18.5192],[-16.1336,18.6289],[-16.1552,18.7522],[-16.1732,18.7927],[-16.1624,18.8164],[-16.166,18.8434],[-16.2056,18.9835],[-16.2092,18.9954],[-16.238,19.0612],[-16.2812,19.1304],[-16.3424,19.1963],[-16.3604,19.2132],[-16.364,19.2149],[-16.3676,19.2216],[-16.3784,19.2233],[-16.3856,19.225],[-16.3964,19.2284],[-16.4108,19.2385],[-16.4504,19.2503],[-16.4684,19.2588],[-16.4756,19.2706],[-16.49,19.3128],[-16.4936,19.3314],[-16.5044,19.35],[-16.5224,19.3652],[-16.5368,19.3804],[-16.5224,19.3972],[-16.4648,19.382],[-16.4072,19.3888],[-16.3604,19.4158],[-16.3244,19.458],[-16.2992,19.4969],[-16.2956,19.5154],[-16.2848,19.529],[-16.2812,19.5357],[-16.2848,19.5425],[-16.292,19.5458],[-16.2992,19.5475],[-16.3028,19.5425],[-16.3064,19.5442],[-16.364,19.4851],[-16.3928,19.4648],[-16.3496,19.5458],[-16.364,19.5391],[-16.4036,19.507],[-16.418,19.4918],[-16.4252,19.4817],[-16.4324,19.4715],[-16.436,19.4597],[-16.4288,19.4479],[-16.4288,19.4411],[-16.436,19.4226],[-16.4396,19.4124],[-16.4432,19.4108],[-16.4468,19.4091],[-16.454,19.4091],[-16.4612,19.4091],[-16.4648,19.4124],[-16.4648,19.4141],[-16.4648,19.4175],[-16.4684,19.4226],[-16.4684,19.431],[-16.4684,19.4563],[-16.4684,19.4648],[-16.4576,19.48],[-16.4324,19.5053],[-16.4252,19.5222],[-16.4216,19.5442],[-16.4144,19.5543],[-16.4,19.561],[-16.3856,19.5745],[-16.2884,19.7113],[-16.2848,19.7164],[-16.2776,19.7198],[-16.2704,19.7265],[-16.2704,19.735],[-16.2668,19.7552],[-16.2632,19.7637],[-16.2596,19.7654],[-16.256,19.7687],[-16.238,19.7873],[-16.2344,19.7941],[-16.2344,19.8042],[-16.2344,19.8126],[-16.2416,19.8211],[-16.2488,19.8278],[-16.2416,19.8346],[-16.2344,19.843],[-16.2344,19.8515],[-16.2344,19.8616],[-16.2488,19.8532],[-16.256,19.8481],[-16.2596,19.865],[-16.2452,19.8886],[-16.2488,19.9021],[-16.2668,19.9139],[-16.2776,19.9055],[-16.2848,19.8903],[-16.2884,19.8819],[-16.3064,19.8734],[-16.3136,19.8768],[-16.3136,19.8903],[-16.31,19.9021],[-16.3028,19.9139],[-16.2992,19.9224],[-16.238,19.9798],[-16.2236,20.0034],[-16.2128,20.0338],[-16.22,20.0575],[-16.2488,20.1081],[-16.2596,20.1352],[-16.2524,20.1352],[-16.2452,20.1352],[-16.238,20.1385],[-16.2344,20.1436],[-16.2128,20.1757],[-16.202,20.1959],[-16.1984,20.2145],[-16.202,20.2331],[-16.2092,20.2483],[-16.238,20.2905],[-16.2452,20.2939],[-16.2596,20.2939],[-16.2668,20.2989],[-16.2704,20.3074],[-16.274,20.3175],[-16.2776,20.3209],[-16.2956,20.331],[-16.3244,20.3969],[-16.3316,20.4053],[-16.3424,20.4121],[-16.3496,20.4171],[-16.3496,20.4273],[-16.346,20.4307],[-16.3424,20.4323],[-16.3388,20.4357],[-16.3388,20.4408],[-16.3424,20.4459],[-16.3496,20.4577],[-16.3532,20.4762],[-16.3928,20.5691],[-16.4,20.5826],[-16.4144,20.5894],[-16.4252,20.6012],[-16.4252,20.6265],[-16.4288,20.6434],[-16.4468,20.6367],[-16.4684,20.6502],[-16.4684,20.6569],[-16.4216,20.6687],[-16.4072,20.6755],[-16.4288,20.6772],[-16.4648,20.6721],[-16.4792,20.6755],[-16.4936,20.6907],[-16.4864,20.6974],[-16.5008,20.7262],[-16.508,20.7312],[-16.5296,20.7397],[-16.5368,20.6958],[-16.5296,20.5978],[-16.544,20.5607],[-16.5512,20.5759],[-16.5656,20.5877],[-16.5908,20.6029],[-16.598,20.6113],[-16.6124,20.635],[-16.6196,20.6468],[-16.634,20.6552],[-16.6664,20.6704],[-16.6736,20.6772],[-16.6736,20.689],[-16.67,20.6941],[-16.6628,20.6958],[-16.6592,20.6974],[-16.6592,20.7059],[-16.6664,20.7143],[-16.6664,20.7228],[-16.67,20.7363],[-16.6808,20.7498],[-16.7096,20.7701],[-16.7132,20.7768],[-16.7132,20.7954],[-16.7168,20.8038],[-16.7348,20.8207],[-16.7456,20.868],[-16.7528,20.8798],[-16.7636,20.8916],[-16.7672,20.9068],[-16.7744,20.922],[-16.7744,20.9372],[-16.778,20.9322],[-16.7852,20.9288],[-16.7888,20.9237],[-16.8032,20.9372],[-16.8104,20.9524],[-16.8104,20.9693],[-16.8176,20.9862],[-16.8248,20.9929],[-16.832,20.9997],[-16.8392,21.0098],[-16.8428,21.0233],[-16.85,21.0335],[-16.8716,21.0639],[-16.8788,21.0791],[-16.8824,21.0926],[-16.886,21.1078],[-16.8968,21.1365],[-16.9184,21.1584],[-16.9328,21.1517],[-16.958,21.1061],[-17.0012,21.0504],[-17.0084,21.0436],[-17.0156,21.0318],[-17.0084,21.0132],[-16.9976,21.0183],[-16.9976,21.0014],[-17.0012,20.9642],[-17.0048,20.9322],[-17.0084,20.9237],[-17.0192,20.9187],[-17.0408,20.9119],[-17.048,20.9035],[-17.0516,20.895],[-17.0444,20.8866],[-17.0372,20.8764],[-17.03,20.8612],[-17.0264,20.8545],[-17.03,20.8427],[-17.0372,20.8005],[-17.048,20.7785],[-17.0552,20.7667],[-17.0696,20.792],[-17.102,20.8376],[-17.1056,20.8629],[-17.102,20.8764],[-17.0912,20.9001],[-17.0912,20.9136],[-17.0912,20.9626],[-17.0876,20.9794],[-17.0696,21.0301],[-17.0264,21.329],[-17.0192,21.3644],[-17.0156,21.3796],[-17.012,21.4202],[-17.012,21.4455],[-16.9724,21.5924],[-16.9652,21.6363],[-16.9688,21.6751],[-16.9688,21.6971],[-16.9508,21.7241],[-16.9472,21.7359],[-16.9472,21.7477],[-16.9472,21.7596],[-16.9508,21.7646],[-16.9616,21.7764],[-16.9652,21.7815],[-16.9616,21.795],[-16.958,21.8254],[-16.9364,21.8659],[-16.9292,21.9082],[-16.922,21.9318],[-16.8176,22.1311],[-16.7816,22.1665],[-16.7744,22.175],[-16.7744,22.1817],[-16.7636,22.2053],[-16.7564,22.2104],[-16.7384,22.2205],[-16.7348,22.2273],[-16.7168,22.2611],[-16.706,22.2763],[-16.6844,22.2847],[-16.6772,22.2898],[-16.67,22.2948],[-16.6592,22.2948],[-16.652,22.2915],[-16.6412,22.2864],[-16.6304,22.2746],[-16.5224,22.3151],[-16.5008,22.3303],[-16.4828,22.3523],[-16.4684,22.3776],[-16.4324,22.4924],[-16.4288,22.511],[-16.418,22.5211],[-16.3712,22.5684],[-16.3568,22.5836],[-16.346,22.6478],[-16.3424,22.7322],[-16.3352,22.7541],[-16.3244,22.7896],[-16.3172,22.8065],[-16.2956,22.8318],[-16.2956,22.8419],[-16.2992,22.8504],[-16.3028,22.8571],[-16.3028,22.869],[-16.2992,22.8757],[-16.292,22.8943],[-16.2884,22.8994],[-16.2848,22.9027],[-16.2632,22.9061],[-16.238,22.9112],[-16.2056,22.9382],[-16.1732,22.9737],[-16.1624,22.9939],[-16.1552,23.0142],[-16.1516,23.0344],[-16.1516,23.0598],[-16.1588,23.0817],[-16.1804,23.0868],[-16.22,23.0767],[-16.2128,23.0952],[-16.1948,23.1256],[-16.1876,23.1374],[-16.1408,23.178],[-16.1336,23.1847],[-16.0616,23.3451],[-16.0508,23.3586],[-16.04,23.3637],[-16.0256,23.3755],[-15.9824,23.4465],[-15.968,23.5123],[-15.9572,23.5309],[-15.9428,23.5511],[-15.9068,23.6102],[-15.8564,23.6626],[-15.8528,23.6677],[-15.8384,23.6795],[-15.8312,23.6862],[-15.824,23.6964],[-15.8204,23.7166],[-15.8168,23.7284],[-15.8024,23.7504],[-15.7844,23.769],[-15.7736,23.7875],[-15.7664,23.8129],[-15.7664,23.8568],[-15.77,23.8754],[-15.7808,23.899],[-15.7772,23.9041],[-15.7736,23.9125],[-15.788,23.9041],[-15.788,23.8922],[-15.7844,23.8787],[-15.788,23.8635],[-15.7952,23.8568],[-15.8204,23.8399],[-15.8312,23.8365],[-15.842,23.8365],[-15.8528,23.8382],[-15.86,23.8365],[-15.878,23.823],[-15.8888,23.8112],[-15.896,23.7994],[-15.9104,23.7656],[-15.9248,23.7436],[-15.9248,23.7369],[-15.9284,23.7251],[-15.9392,23.7048],[-15.9392,23.6964],[-15.95,23.6845],[-15.9932,23.6457],[-16.0112,23.6558],[-16.004,23.6727],[-15.9824,23.6964],[-15.9752,23.7116],[-15.9392,23.774],[-15.878,23.8534],[-15.8708,23.8686],[-15.8564,23.8872],[-15.842,23.9024],[-15.7664,23.9598],[-15.734,23.9716],[-15.6944,23.9952],[-15.68,24.0071],[-15.6476,24.0104],[-15.6188,24.0256],[-15.6008,24.0476],[-15.5828,24.0695],[-15.5432,24.1134],[-15.5144,24.1523],[-15.4748,24.1776],[-15.4604,24.1911],[-15.4532,24.2097],[-15.446,24.2215],[-15.3524,24.2907],[-15.2984,24.3448],[-15.23,24.441],[-15.2048,24.468],[-15.1724,24.4934],[-15.1544,24.5052],[-15.1328,24.5153],[-15.1112,24.5204],[-15.068,24.5271],[-15.05,24.539],[-15.014,24.5626],[-15.014,24.5862],[-15.014,24.5913],[-14.9995,24.6149],[-14.9779,24.642],[-14.9527,24.6589],[-14.9275,24.6724],[-14.9095,24.6859],[-14.8951,24.7061],[-14.8843,24.7703],[-14.8627,24.8294],[-14.8519,24.8767],[-14.8411,24.9054],[-14.8375,24.9189],[-14.8375,24.9358],[-14.8411,24.951],[-14.8447,24.9645],[-14.8375,24.9814],[-14.8447,24.9881],[-14.8375,25.0016],[-14.8339,25.0168],[-14.8303,25.0337],[-14.8303,25.0506],[-14.8303,25.0658],[-14.8411,25.0877],[-14.8447,25.1013],[-14.8411,25.1891],[-14.8483,25.2144],[-14.8195,25.3309],[-14.8123,25.3461],[-14.7835,25.4474],[-14.7367,25.5048],[-14.7223,25.5166],[-14.7151,25.5251],[-14.6863,25.5909],[-14.6791,25.6348],[-14.6755,25.6416],[-14.6683,25.6602],[-14.6611,25.6906],[-14.6215,25.7834],[-14.5459,25.8797],[-14.5207,25.9236],[-14.5135,25.9371],[-14.5099,25.9574],[-14.4955,26.0013],[-14.4883,26.0148],[-14.4919,26.0317],[-14.4811,26.0874],[-14.4847,26.1026],[-14.4919,26.133],[-14.4883,26.1431],[-14.4811,26.1532],[-14.4703,26.1836],[-14.4667,26.1938],[-14.4091,26.2596],[-14.4019,26.2664],[-14.3515,26.2765],[-14.2975,26.3018],[-14.2147,26.3761],[-14.2003,26.393],[-14.1931,26.4099],[-14.1787,26.4251],[-14.1571,26.4335],[-14.0455,26.4437],[-14.0275,26.4521],[-13.9231,26.5011],[-13.7431,26.6176],[-13.6207,26.6885],[-13.5595,26.7493],[-13.5019,26.8591],[-13.4803,26.9114],[-13.4623,26.9925],[-13.4335,27.0516],[-13.4011,27.1765],[-13.3831,27.2154],[-13.3003,27.3251],[-13.3003,27.3302],[-13.3075,27.3386],[-13.3075,27.3454],[-13.2931,27.3521],[-13.2391,27.4653],[-13.2067,27.5683],[-13.2067,27.5885],[-13.1995,27.6071],[-13.1815,27.6443],[-13.1779,27.6628],[-13.1779,27.6679],[-13.1707,27.6848],[-13.1599,27.6949],[-13.1311,27.7084],[-13.0987,27.7321],[-13.0627,27.7422],[-13.0447,27.7591],[-13.0015,27.8216],[-12.9799,27.8942],[-12.9691,27.9144],[-12.9511,27.9279],[-12.9331,27.9381],[-12.8395,27.9702],[-12.6595,27.9989],[-12.5119,27.9955],[-12.3355,28.0478],[-12.0619,28.0884],[-12.0511,28.0968],[-12.0295,28.1171],[-12.0223,28.1187],[-12.0043,28.1238],[-11.7811,28.2099],[-11.4859,28.3264],[-11.4535,28.3484],[-11.4283,28.3754],[-11.3887,28.4345],[-11.3743,28.4497],[-11.3563,28.4632],[-11.3419,28.4801],[-11.3347,28.5004],[-11.3275,28.5156],[-11.2663,28.551],[-11.2195,28.6017],[-11.2123,28.6169],[-11.1691,28.6405],[-11.1619,28.6473],[-11.1547,28.6608],[-11.1475,28.6675],[-11.1151,28.6912],[-11.1115,28.6962],[-11.0899,28.7266],[-11.0647,28.752],[-11.0467,28.7621],[-10.7623,28.8904],[-10.6939,28.931],[-10.6111,28.9681],[-10.5751,28.9901],[-10.4527,29.0914],[-10.3483,29.2298],[-10.3195,29.2585],[-10.3015,29.272],[-10.2655,29.2839],[-10.2475,29.2991],[-10.2259,29.3328],[-10.2007,29.3615],[-10.1863,29.3784],[-10.1827,29.397],[-10.1791,29.4054],[-10.1431,29.4291],[-10.1359,29.4341],[-10.1287,29.4561],[-10.0855,29.5101],[-10.0819,29.522],[-10.0783,29.5422],[-10.0711,29.5642],[-10.0639,29.5844],[-10.0531,29.5996],[-10.0063,29.6385],[-9.9991,29.6503],[-9.9919,29.6672],[-9.9487,29.7161],[-9.8191,29.8394],[-9.7183,29.9964],[-9.6535,30.1265],[-9.6463,30.1636],[-9.6283,30.2919],[-9.6103,30.3578],[-9.6067,30.3781],[-9.6103,30.4051],[-9.6211,30.4169],[-9.6391,30.427],[-9.6535,30.4422],[-9.6679,30.4591],[-9.6931,30.5098],[-9.7003,30.5435],[-9.7075,30.5469],[-9.7183,30.5486],[-9.7291,30.552],[-9.7399,30.5604],[-9.7579,30.5874],[-9.8299,30.628],[-9.8515,30.6297],[-9.8731,30.6347],[-9.8875,30.6482],[-9.8875,30.6871],[-9.8659,30.7242],[-9.8407,30.7597],[-9.8191,30.7918],[-9.8155,30.8154],[-9.8119,30.8272],[-9.8155,30.8374],[-9.8227,30.8458],[-9.8227,30.8526],[-9.8227,30.8593],[-9.8191,30.8711],[-9.8263,31.067],[-9.8299,31.0856],[-9.8479,31.121],[-9.8335,31.1447],[-9.8083,31.2865],[-9.8083,31.3439],[-9.8119,31.3676],[-9.8227,31.3794],[-9.8335,31.3895],[-9.8479,31.403],[-9.8155,31.4368],[-9.7939,31.4706],[-9.7687,31.5314],[-9.7579,31.5466],[-9.7399,31.5601],[-9.7327,31.5668],[-9.7291,31.5854],[-9.7147,31.5972],[-9.7075,31.609],[-9.6931,31.6259],[-9.6895,31.6344],[-9.6751,31.7154],[-9.6679,31.7306],[-9.5743,31.8167],[-9.5347,31.864],[-9.5275,31.8708],[-9.5131,31.8809],[-9.5059,31.8877],[-9.4987,31.8978],[-9.4879,31.9147],[-9.4843,31.9231],[-9.3655,32.0261],[-9.3547,32.0464],[-9.3475,32.0616],[-9.3331,32.1021],[-9.3331,32.1173],[-9.3295,32.1308],[-9.2935,32.1696],[-9.2791,32.1967],[-9.2683,32.2271],[-9.2647,32.3301],[-9.2683,32.3351],[-9.2863,32.3436],[-9.2935,32.3503],[-9.2899,32.3723],[-9.2827,32.3875],[-9.2575,32.4331],[-9.2503,32.4533],[-9.2467,32.4719],[-9.2539,32.4888],[-9.2647,32.4989],[-9.2719,32.5124],[-9.2791,32.5293],[-9.2791,32.5462],[-9.2611,32.5766],[-9.1135,32.683],[-8.9983,32.7978],[-8.9011,32.8552],[-8.8687,32.8822],[-8.7535,33.0106],[-8.6275,33.1271],[-8.6203,33.1389],[-8.6203,33.1524],[-8.6203,33.1743],[-8.6131,33.1862],[-8.5303,33.2689],[-8.5195,33.2723],[-8.5123,33.2706],[-8.5015,33.2622],[-8.4943,33.2588],[-8.4691,33.2605],[-8.4511,33.2638],[-8.4151,33.2807],[-8.3791,33.3044],[-8.3215,33.3652],[-8.2855,33.3905],[-8.2423,33.404],[-8.1055,33.431],[-8.0119,33.4665],[-7.9615,33.485],[-7.9147,33.4952],[-7.8931,33.5036],[-7.8715,33.5273],[-7.8463,33.5357],[-7.7779,33.5526],[-7.7383,33.5712],[-7.7203,33.5745],[-7.7023,33.583],[-7.6843,33.5999],[-7.6663,33.6134],[-7.6483,33.6083],[-7.6375,33.6151],[-7.6267,33.6134],[-7.6159,33.61],[-7.6051,33.6083],[-7.5979,33.6117],[-7.5799,33.6201],[-7.5511,33.6252],[-7.5295,33.632],[-7.5115,33.6421],[-7.4971,33.6505],[-7.4647,33.686],[-7.4359,33.6978],[-7.4071,33.7265],[-7.3855,33.7333],[-7.3927,33.7248],[-7.3747,33.7198],[-7.3531,33.7248],[-7.3423,33.7316],[-7.2667,33.7721],[-7.2307,33.8008],[-7.1947,33.8177],[-7.1515,33.8295],[-7.1155,33.8346],[-7.1011,33.8396],[-7.0687,33.8633],[-7.0327,33.8734],[-6.9283,33.9443],[-6.8239,34.0389],[-6.7339,34.1622],[-6.6691,34.2804],[-6.5575,34.4171],[-6.5467,34.434],[-6.5323,34.4746],[-6.5071,34.5049],[-6.2911,34.8815],[-6.2047,35.1247],[-6.0247,35.5012],[-6.0175,35.5198],[-6.0175,35.5451],[-6.0139,35.5586],[-5.9923,35.5991],[-5.9707,35.6532],[-5.9671,35.6616],[-5.9635,35.6701],[-5.9527,35.6853],[-5.9491,35.6954],[-5.9419,35.7427],[-5.9347,35.7663],[-5.9275,35.7815],[-5.9095,35.7967],[-5.8735,35.8018],[-5.7799,35.7916],[-5.7691,35.7933],[-5.7439,35.8153],[-5.7295,35.822],[-5.7115,35.8305],[-5.6935,35.8339],[-5.6827,35.8288],[-5.6647,35.8355],[-5.6395,35.8355],[-5.6143,35.8322],[-5.5999,35.822],[-5.5387,35.8507],[-5.5243,35.8626],[-5.4883,35.8963],[-5.4703,35.9098],[-5.4487,35.9183],[-5.4415,35.9183],[-5.4343,35.9149],[-5.4235,35.9082],[-5.4127,35.9098],[-5.4091,35.9166],[-5.4091,35.925],[-5.4055,35.9267],[-5.3983,35.925],[-5.3839,35.9267],[-5.3659,35.925],[-5.3443,35.9149],[-5.3263,35.9048],[-5.3083,35.9014],[-5.2831,35.9115],[-5.2903,35.8913],[-5.3371,35.8626],[-5.3407,35.8474],[-5.3443,35.8322],[-5.3407,35.8085],[-5.3263,35.7562],[-5.3227,35.714],[-5.3191,35.7021],[-5.3119,35.692],[-5.3047,35.6853],[-5.2975,35.6836],[-5.2831,35.6869],[-5.2759,35.6853],[-5.2759,35.6802],[-5.2759,35.665],[-5.2759,35.6582],[-5.2615,35.6042],[-5.2507,35.5839],[-5.2291,35.5687],[-5.1859,35.5434],[-5.1499,35.5164],[-5.0671,35.4168],[-5.0527,35.4083],[-5.0275,35.4033],[-5.0095,35.3999],[-4.9878,35.3881],[-4.9554,35.3627],[-4.9266,35.3307],[-4.9086,35.3138],[-4.8654,35.302],[-4.8114,35.2597],[-4.7718,35.2412],[-4.6278,35.2057],[-4.4946,35.1804],[-4.3758,35.1517],[-4.347,35.15],[-4.3254,35.155],[-4.2678,35.1854],[-4.131,35.204],[-4.0482,35.2361],[-3.9618,35.2496],[-3.9186,35.2665],[-3.9078,35.2547],[-3.9114,35.2513],[-3.9258,35.2479],[-3.9294,35.2445],[-3.9258,35.2378],[-3.9186,35.231],[-3.9042,35.2141],[-3.8898,35.2091],[-3.8682,35.2074],[-3.8394,35.2057],[-3.8214,35.2074],[-3.789,35.2091],[-3.7638,35.2192],[-3.7566,35.2361],[-3.7458,35.2631],[-3.7278,35.2817],[-3.699,35.2901],[-3.6738,35.2884],[-3.6558,35.2766],[-3.6126,35.2445],[-3.591,35.2327],[-3.5154,35.2243],[-3.4902,35.2108],[-3.4758,35.2108],[-3.465,35.2125],[-3.4542,35.2125],[-3.4434,35.2091],[-3.4218,35.2006],[-3.4146,35.1973],[-3.3606,35.1939],[-3.321,35.2023],[-3.195,35.2378],[-3.1734,35.2496],[-3.1302,35.2884],[-3.1194,35.2935],[-3.1086,35.2935],[-3.1014,35.2901],[-3.0906,35.2868],[-3.0762,35.2884],[-3.0438,35.3138],[-3.0078,35.3931],[-2.979,35.4252],[-2.9826,35.4354],[-2.979,35.4438],[-2.9682,35.4472],[-2.9574,35.4404],[-2.9538,35.4337],[-2.9574,35.4151],[-2.9538,35.4033],[-2.9646,35.3729],[-2.9502,35.3357],[-2.9466,35.3307],[-2.9466,35.329],[-2.9214,35.2884],[-2.9142,35.2766],[-2.8998,35.2597],[-2.907,35.2513],[-2.9106,35.2361],[-2.9142,35.2192],[-2.9106,35.1871],[-2.9034,35.1736],[-2.8962,35.1618],[-2.8818,35.1466],[-2.8566,35.1314],[-2.8206,35.1213],[-2.7486,35.1162],[-2.7918,35.1449],[-2.8674,35.2175],[-2.8818,35.2378],[-2.8782,35.2462],[-2.8638,35.2378],[-2.817,35.1939],[-2.8098,35.1838],[-2.7594,35.1432],[-2.7198,35.123],[-2.6658,35.1078],[-2.5614,35.0959],[-2.5182,35.0993],[-2.493,35.1044],[-2.4786,35.1128],[-2.457,35.1331],[-2.4354,35.1449],[-2.4174,35.15],[-2.3202,35.1196],[-2.2986,35.1162],[-2.277,35.1095],[-2.2482,35.0976],[-2.223,35.0892],[-2.2014,35.0959],[-2.1978,35.0943],[-2.1942,35.0943],[-2.1906,35.0926],[-2.187,35.0892],[-2.1582,35.101],[-2.1222,35.0943],[-2.0862,35.0824],[-2.0538,35.0757],[-1.989,35.0824],[-1.9638,35.0757],[-1.9566,35.0757],[-1.9494,35.0774],[-1.9314,35.0892],[-1.8378,35.1111],[-1.8126,35.1263],[-1.8054,35.128],[-1.773,35.128],[-1.7622,35.1297],[-1.7442,35.1382],[-1.7118,35.1702],[-1.6506,35.1888],[-1.6362,35.1939],[-1.629,35.2125],[-1.5102,35.2952],[-1.4922,35.3003],[-1.395,35.3087],[-1.3698,35.3155],[-1.3626,35.3188],[-1.359,35.3222],[-1.3338,35.3492],[-1.3122,35.3543],[-1.2942,35.3644],[-1.2798,35.3779],[-1.269,35.3898],[-1.2582,35.41],[-1.2474,35.4573],[-1.2366,35.4759],[-1.2258,35.4911],[-1.1898,35.5654],[-1.1826,35.5772],[-1.1718,35.5806],[-1.1466,35.5823],[-1.143,35.5873],[-1.1178,35.6177],[-1.107,35.6228],[-1.0818,35.638],[-1.053,35.6616],[-1.0386,35.6768],[-1.0314,35.6819],[-0.9954,35.6903],[-0.9774,35.7005],[-0.963,35.7106],[-0.945,35.719],[-0.9234,35.7258],[-0.909,35.7241],[-0.9054,35.7157],[-0.8982,35.7123],[-0.8874,35.7157],[-0.8478,35.7342],[-0.8262,35.768],[-0.801,35.7748],[-0.7938,35.7697],[-0.7866,35.7629],[-0.7758,35.7562],[-0.765,35.7528],[-0.7542,35.7528],[-0.7362,35.7477],[-0.7218,35.746],[-0.711,35.7427],[-0.7074,35.7359],[-0.7002,35.7275],[-0.693,35.719],[-0.6822,35.7173],[-0.6462,35.719],[-0.6282,35.7224],[-0.6066,35.7309],[-0.5886,35.7427],[-0.5778,35.7714],[-0.5634,35.7731],[-0.5526,35.7697],[-0.5418,35.768],[-0.531,35.7731],[-0.5238,35.7798],[-0.477,35.8592],[-0.477,35.8693],[-0.477,35.8727],[-0.4806,35.8794],[-0.4806,35.8862],[-0.4806,35.8896],[-0.4734,35.8913],[-0.4698,35.8896],[-0.4626,35.8845],[-0.459,35.8845],[-0.4482,35.8845],[-0.4266,35.8828],[-0.4194,35.8845],[-0.3762,35.8997],[-0.3474,35.9065],[-0.3366,35.9014],[-0.333,35.8896],[-0.3222,35.8845],[-0.3078,35.8811],[-0.3006,35.8778],[-0.297,35.8676],[-0.3042,35.8541],[-0.3006,35.8423],[-0.2862,35.8288],[-0.261,35.817],[-0.189,35.8051],[-0.1458,35.79],[-0.1242,35.7866],[-0.1134,35.7883],[-0.0846,35.795],[-0.0378,35.8136],[-0.0018,35.8355],[0.0018,35.8372],[0.0342,35.8626],[0.0702,35.9217],[0.081,35.947],[0.1134,36.0095],[0.1242,36.0331],[0.1242,36.0449],[0.1278,36.05],[0.135,36.0551],[0.1458,36.0601],[0.153,36.0652],[0.2034,36.1057],[0.2178,36.1158],[0.2826,36.1344],[0.2934,36.1412],[0.3006,36.1479],[0.3222,36.1581],[0.3294,36.1648],[0.333,36.1733],[0.3366,36.1969],[0.3438,36.2053],[0.3618,36.2138],[0.3834,36.2172],[0.4266,36.2189],[0.4518,36.2239],[0.4698,36.2324],[0.4842,36.2442],[0.5562,36.2847],[0.5958,36.2931],[0.6102,36.305],[0.6282,36.3185],[0.6426,36.3286],[0.6642,36.332],[0.7398,36.3371],[0.7542,36.3387],[0.7686,36.3455],[0.801,36.3641],[0.8658,36.3776],[0.8802,36.3877],[0.891,36.3962],[0.9126,36.4097],[0.9234,36.4181],[0.9306,36.4265],[0.9306,36.435],[0.9378,36.4434],[0.945,36.4519],[0.963,36.4586],[1.0062,36.4671],[1.0458,36.4873],[1.1178,36.4873],[1.1394,36.4941],[1.179,36.511],[1.2042,36.5144],[1.2438,36.5144],[1.2654,36.516],[1.287,36.5211],[1.3482,36.5447],[1.3662,36.5481],[1.3842,36.5447],[1.431,36.5329],[1.4526,36.5279],[1.4778,36.5295],[1.5174,36.538],[1.701,36.5464],[1.7154,36.5481],[1.7262,36.5498],[1.7514,36.5599],[1.7622,36.5616],[1.7694,36.5599],[1.791,36.5549],[1.8018,36.5549],[1.8558,36.5667],[1.9134,36.5701],[1.9602,36.5616],[1.9746,36.5616],[2.061,36.5701],[2.3094,36.6309],[2.331,36.6376],[2.3526,36.6376],[2.3742,36.6342],[2.3922,36.6241],[2.3994,36.6157],[2.3994,36.6055],[2.403,36.5988],[2.4174,36.5971],[2.4282,36.5954],[2.4462,36.5903],[2.457,36.5903],[2.601,36.5971],[2.6334,36.6055],[2.727,36.6646],[2.7918,36.6933],[2.817,36.7102],[2.8422,36.7406],[2.8494,36.7541],[2.8746,36.7744],[2.9322,36.8082],[2.9754,36.8166],[2.9862,36.8149],[3.015,36.8115],[3.0474,36.7947],[3.0726,36.771],[3.1014,36.7524],[3.141,36.7423],[3.1734,36.7423],[3.1806,36.7423],[3.2094,36.7575],[3.2202,36.771],[3.2274,36.7862],[3.2274,36.8115],[3.2382,36.8132],[3.303,36.7896],[3.339,36.7811],[3.4614,36.7744],[3.4794,36.7778],[3.519,36.7862],[3.5406,36.7896],[3.5514,36.7913],[3.5586,36.798],[3.5658,36.8048],[3.5694,36.8082],[3.5802,36.8099],[3.6018,36.8082],[3.6126,36.8082],[3.6486,36.8234],[3.7098,36.874],[3.7422,36.8909],[3.8286,36.9129],[3.8754,36.9179],[3.9114,36.9112],[3.9474,36.8926],[3.9654,36.8909],[3.9762,36.8926],[3.9978,36.8977],[4.0302,36.8977],[4.041,36.8977],[4.0842,36.8926],[4.1058,36.8842],[4.1454,36.901],[4.1598,36.9044],[4.1706,36.9027],[4.1958,36.8926],[4.2102,36.8909],[4.221,36.8943],[4.2498,36.9078],[4.2606,36.9112],[4.2786,36.9112],[4.3074,36.901],[4.3218,36.8977],[4.4406,36.9112],[4.4514,36.9095],[4.4694,36.9061],[4.4838,36.901],[4.491,36.8943],[4.5054,36.8892],[4.5378,36.8892],[4.5522,36.8842],[4.581,36.8943],[4.5918,36.896],[4.6242,36.896],[4.6962,36.8909],[4.7682,36.8977],[4.7862,36.896],[4.9482,36.8402],[4.9698,36.8251],[4.9734,36.8183],[4.9842,36.8166],[4.9986,36.8166],[5.0095,36.8166],[5.0167,36.8115],[5.0239,36.798],[5.0275,36.7947],[5.0455,36.7879],[5.0671,36.7828],[5.0851,36.7811],[5.1031,36.7811],[5.0851,36.7322],[5.0887,36.717],[5.1175,36.7001],[5.2363,36.6511],[5.2687,36.6444],[5.3047,36.6427],[5.3731,36.6511],[5.4271,36.6646],[5.4343,36.6646],[5.4631,36.6646],[5.4703,36.668],[5.4811,36.6798],[5.4883,36.6849],[5.5279,36.6984],[5.5495,36.7102],[5.5639,36.7457],[5.5747,36.7609],[5.5927,36.7744],[5.6107,36.7811],[5.6575,36.7913],[5.6755,36.7997],[5.7115,36.8251],[5.7331,36.8318],[5.7583,36.8335],[5.8267,36.8217],[5.8699,36.8234],[6.0355,36.8538],[6.1975,36.9027],[6.2371,36.9213],[6.2551,36.9466],[6.2587,36.9669],[6.2551,36.9838],[6.2551,36.999],[6.2659,37.0175],[6.2731,37.0243],[6.3163,37.0479],[6.3307,37.0615],[6.3379,37.0699],[6.3703,37.0834],[6.4171,37.0935],[6.4639,37.0935],[6.5035,37.0834],[6.5395,37.0598],[6.5431,37.0581],[6.5431,37.0479],[6.5467,37.0412],[6.5539,37.0361],[6.5611,37.0344],[6.5719,37.0277],[6.5827,36.9905],[6.6007,36.9736],[6.6151,36.977],[6.6331,36.972],[6.6511,36.9635],[6.6727,36.9601],[6.8203,36.9534],[6.8347,36.9483],[6.8527,36.9399],[6.8707,36.9297],[6.8815,36.9179],[6.8779,36.9027],[6.9103,36.8926],[6.9499,36.8892],[6.9751,36.8909],[7.0651,36.9129],[7.0939,36.9264],[7.1083,36.9196],[7.1335,36.9145],[7.1587,36.9145],[7.1659,36.923],[7.1767,36.9314],[7.2199,36.9601],[7.2343,36.9669],[7.2379,36.972],[7.2487,36.9821],[7.2559,36.9939],[7.2559,37.004],[7.2559,37.0159],[7.2523,37.0226],[7.2127,37.0564],[7.1803,37.0766],[7.1803,37.0834],[7.1911,37.0851],[7.2127,37.0885],[7.2235,37.0902],[7.2343,37.0868],[7.2523,37.0783],[7.2595,37.0766],[7.2631,37.0766],[7.2667,37.075],[7.2703,37.0716],[7.2739,37.0699],[7.2811,37.0733],[7.2883,37.08],[7.2919,37.0817],[7.2991,37.0834],[7.3063,37.08],[7.3243,37.0716],[7.3351,37.0699],[7.3459,37.0716],[7.3711,37.0834],[7.3819,37.0834],[7.3855,37.0817],[7.3855,37.0783],[7.3927,37.0699],[7.3999,37.0581],[7.4035,37.0513],[7.4179,37.0496],[7.4395,37.0479],[7.4467,37.0463],[7.4575,37.0412],[7.4719,37.0496],[7.4899,37.0547],[7.5259,37.0327],[7.5547,37.0074],[7.5907,36.9872],[7.6339,36.9804],[7.6447,36.9821],[7.6519,36.9855],[7.6627,36.9888],[7.6735,36.9872],[7.6843,36.9821],[7.6951,36.977],[7.7059,36.9703],[7.7131,36.9635],[7.7599,36.9669],[7.7707,36.9703],[7.7887,36.9872],[7.7995,36.9939],[7.7923,36.9736],[7.7779,36.9517],[7.7743,36.9314],[7.7923,36.9179],[7.7743,36.8892],[7.8103,36.869],[7.8679,36.8538],[7.9075,36.8504],[8.0515,36.8774],[8.0731,36.8875],[8.0947,36.901],[8.2315,36.9584],[8.2495,36.9483],[8.2675,36.9331],[8.2891,36.9264],[8.3323,36.9281],[8.3575,36.9264],[8.3755,36.9179],[8.3899,36.923],[8.4007,36.9179],[8.4151,36.9095],[8.4295,36.9044],[8.4619,36.901],[8.4979,36.9044],[8.6023,36.9399],[8.6203,36.9466],[8.6923,36.9686],[8.7175,36.9736],[8.8003,36.9736],[8.8255,36.9787],[8.8651,37.0074],[8.8975,37.0192],[8.9047,37.0209],[8.9263,37.0395],[8.9551,37.0699],[8.9875,37.1172],[9.0019,37.1239],[9.0091,37.1273],[9.0379,37.1526],[9.0487,37.1577],[9.0811,37.1661],[9.1603,37.1932],[9.1711,37.1982],[9.1927,37.2269],[9.2107,37.2337],[9.3439,37.2354],[9.3799,37.2472],[9.4051,37.2691],[9.4195,37.2759],[9.4339,37.2708],[9.4411,37.2658],[9.4555,37.2675],[9.4663,37.2725],[9.4951,37.2776],[9.5167,37.286],[9.5383,37.2979],[9.5527,37.3097],[9.5743,37.2995],[9.5923,37.3029],[9.6283,37.3232],[9.6499,37.3316],[9.6679,37.335],[9.7111,37.3367],[9.7327,37.3434],[9.7435,37.3451],[9.7543,37.3401],[9.7615,37.3333],[9.7723,37.3299],[9.8587,37.3282],[9.8587,37.3266],[9.8623,37.3164],[9.8623,37.2708],[9.8299,37.2506],[9.7939,37.2388],[9.7723,37.2134],[9.7759,37.205],[9.7903,37.178],[9.7939,37.1729],[9.8011,37.1695],[9.8083,37.1543],[9.8155,37.1526],[9.8587,37.1476],[9.8803,37.1493],[9.9019,37.1645],[9.9127,37.178],[9.9271,37.1965],[9.9235,37.2134],[9.8623,37.2337],[9.8515,37.2337],[9.8299,37.2269],[9.8191,37.2269],[9.8191,37.2337],[9.8443,37.2472],[9.8551,37.2489],[9.8587,37.2539],[9.8623,37.259],[9.8659,37.2624],[9.8839,37.2641],[9.9811,37.2455],[9.9991,37.2472],[10.0495,37.2658],[10.0603,37.2641],[10.0747,37.2455],[10.1467,37.2371],[10.1791,37.2134],[10.2547,37.1915],[10.2727,37.178],[10.2403,37.1712],[10.2259,37.1661],[10.2115,37.1594],[10.2043,37.1746],[10.1791,37.178],[10.1467,37.1712],[10.1287,37.1594],[10.1359,37.1425],[10.1611,37.1341],[10.1935,37.1341],[10.2115,37.1374],[10.2187,37.129],[10.2259,37.1172],[10.2295,37.1087],[10.2259,37.0952],[10.2187,37.1104],[10.1755,37.0766],[10.1827,37.0277],[10.2187,36.977],[10.2655,36.9382],[10.3015,36.9247],[10.3123,36.9179],[10.3375,36.8926],[10.3483,36.8808],[10.3411,36.869],[10.3195,36.8504],[10.3087,36.8301],[10.2979,36.8217],[10.2835,36.82],[10.2727,36.8284],[10.2799,36.8436],[10.2691,36.8487],[10.2547,36.847],[10.2187,36.8386],[10.2115,36.8318],[10.1935,36.8115],[10.1899,36.798],[10.2043,36.793],[10.2331,36.7913],[10.2475,36.7862],[10.2547,36.7913],[10.2583,36.7947],[10.2727,36.8166],[10.2943,36.7778],[10.3195,36.7491],[10.3555,36.7305],[10.4023,36.7271],[10.4167,36.7288],[10.4383,36.7288],[10.4887,36.7491],[10.5175,36.7558],[10.5391,36.7727],[10.5463,36.7997],[10.5535,36.8234],[10.5679,36.8639],[10.5859,36.8757],[10.6075,36.8791],[10.6543,36.8774],[10.6939,36.8842],[10.7335,36.896],[10.7839,36.9247],[10.8127,36.95],[10.8235,36.9534],[10.8271,36.9635],[10.8307,36.9686],[10.8883,37.0057],[10.8955,37.0142],[10.8991,37.026],[10.8955,37.0327],[10.8919,37.0378],[10.9027,37.0496],[10.9243,37.0564],[10.9747,37.0615],[11.0143,37.0851],[11.0323,37.0868],[11.0503,37.08],[11.0611,37.0631],[11.0575,37.0547],[11.0503,37.0412],[11.0467,37.0311],[11.0467,37.0209],[11.0575,37.0057],[11.0611,36.9973],[11.0647,36.9905],[11.0827,36.9686],[11.0863,36.9601],[11.0899,36.95],[11.0935,36.9281],[11.0935,36.9179],[11.1007,36.9112],[11.1043,36.901],[11.1115,36.8943],[11.1187,36.8909],[11.1259,36.8858],[11.1367,36.8706],[11.1295,36.8538],[11.1151,36.8386],[11.0755,36.8251],[11.0215,36.7879],[10.9927,36.744],[10.9495,36.6933],[10.8811,36.5886],[10.8271,36.4806],[10.7983,36.4519],[10.7155,36.435],[10.6219,36.3911],[10.5859,36.3978],[10.5499,36.3776],[10.5175,36.3371],[10.5031,36.2999],[10.4923,36.2577],[10.4779,36.2172],[10.4779,36.1648],[10.4743,36.1125],[10.4779,36.0787],[10.4923,36.0449],[10.4995,36.028],[10.5031,36.0213],[10.5103,36.0112],[10.5139,35.9892],[10.5175,35.9808],[10.5391,35.9521],[10.5571,35.9385],[10.5715,35.9318],[10.5823,35.9217],[10.6075,35.8558],[10.6219,35.8423],[10.6903,35.79],[10.6939,35.7883],[10.7119,35.7798],[10.7443,35.7697],[10.8055,35.7866],[10.8127,35.7849],[10.8235,35.7798],[10.8415,35.7663],[10.8307,35.7528],[10.8235,35.7342],[10.8307,35.7123],[10.8415,35.6988],[10.8811,35.6836],[10.9711,35.6549],[11.0107,35.6582],[11.0395,35.638],[11.0539,35.6143],[11.0179,35.6025],[11.0107,35.5789],[11.0143,35.5637],[11.0143,35.5552],[11.0251,35.5333],[11.0395,35.5181],[11.0863,35.5063],[11.0575,35.486],[11.0503,35.459],[11.0467,35.4354],[11.0503,35.3914],[11.0359,35.3712],[11.0431,35.334],[11.0647,35.3036],[11.1007,35.2665],[11.1223,35.253],[11.1475,35.2445],[11.1619,35.2378],[11.1583,35.2192],[11.1331,35.2175],[11.1115,35.2057],[11.0935,35.1736],[11.0647,35.1534],[11.0503,35.1314],[11.0359,35.1078],[11.0143,35.0926],[11.0215,35.0639],[11.0179,35.0335],[10.9855,34.9997],[10.9459,34.9828],[10.9171,34.9575],[10.9243,34.9338],[10.9171,34.9136],[10.9171,34.8731],[10.8739,34.8494],[10.8667,34.841],[10.8595,34.8376],[10.8559,34.8308],[10.8667,34.8106],[10.8703,34.7971],[10.8343,34.7836],[10.8127,34.7684],[10.7803,34.7397],[10.7623,34.7126],[10.7443,34.6991],[10.7335,34.6806],[10.7155,34.6654],[10.7011,34.6552],[10.6327,34.6383],[10.6255,34.6333],[10.6219,34.6265],[10.6183,34.6164],[10.6147,34.6029],[10.6075,34.5928],[10.6075,34.5742],[10.6003,34.5624],[10.5967,34.5455],[10.5823,34.532],[10.5607,34.5235],[10.4671,34.5117],[10.4311,34.4965],[10.3771,34.4239],[10.3303,34.4121],[10.3195,34.4138],[10.3123,34.4171],[10.3015,34.4171],[10.2871,34.4138],[10.2835,34.4087],[10.2763,34.4019],[10.2583,34.3783],[10.2475,34.3715],[10.2331,34.3699],[10.1863,34.3513],[10.1683,34.3395],[10.1251,34.326],[10.1035,34.304],[10.0891,34.2736],[10.0531,34.2128],[10.0315,34.1841],[10.0171,34.1807],[10.0099,34.174],[10.0099,34.1723],[10.0063,34.1706],[10.0135,34.1537],[10.0171,34.1335],[10.0171,34.0912],[10.0207,34.0727],[10.0351,34.0338],[10.0387,34.0153],[10.0495,33.9832],[10.0711,33.946],[10.1647,33.8363],[10.1719,33.8278],[10.1863,33.8211],[10.3303,33.7029],[10.3663,33.6843],[10.4455,33.6556],[10.4599,33.6522],[10.4887,33.6471],[10.5571,33.6556],[10.6327,33.6742],[10.6975,33.7029],[10.7155,33.7062],[10.7407,33.6708],[10.7371,33.6032],[10.7083,33.5813],[10.6903,33.5762],[10.6795,33.5627],[10.6723,33.5458],[10.6795,33.5306],[10.7047,33.4969],[10.7155,33.4834],[10.7371,33.4783],[10.7803,33.485],[10.8559,33.5239],[10.8919,33.534],[10.9099,33.5391],[10.9243,33.5543],[10.9315,33.5745],[10.9279,33.5914],[10.9099,33.6083],[10.9063,33.6168],[10.9351,33.637],[10.9495,33.6303],[10.9603,33.6269],[10.9711,33.632],[10.9783,33.6438],[10.9855,33.6438],[10.9999,33.6336],[11.0431,33.6184],[11.0611,33.6083],[11.0719,33.5948],[11.1079,33.5492],[11.1115,33.5408],[11.1151,33.4901],[11.0899,33.4546],[11.1115,33.3922],[11.1007,33.3635],[11.1295,33.3719],[11.1511,33.3533],[11.1691,33.3314],[11.1943,33.3213],[11.2195,33.3162],[11.2699,33.2942],[11.2951,33.2875],[11.2879,33.2824],[11.2843,33.2807],[11.2807,33.2807],[11.1835,33.3061],[11.1331,33.3111],[11.1223,33.2807],[11.1331,33.2672],[11.1475,33.2571],[11.1619,33.2419],[11.1691,33.2216],[11.1799,33.2115],[11.2015,33.2115],[11.2447,33.2182],[11.2879,33.2098],[11.3707,33.1845],[11.4175,33.1845],[11.4319,33.1929],[11.4283,33.2064],[11.4103,33.2182],[11.3923,33.2233],[11.3815,33.2301],[11.3671,33.2453],[11.3527,33.2588],[11.4427,33.2047],[11.4967,33.1828],[11.5039,33.1811],[11.5255,33.1777],[11.5615,33.1659],[11.5759,33.1575],[11.5867,33.1321],[11.6047,33.122],[11.6371,33.1085],[11.7559,33.0933],[11.7919,33.0815],[11.7739,33.1],[11.7091,33.1169],[11.6911,33.1355],[11.7379,33.1136],[11.8459,33.0832],[12.0799,32.9582],[12.1231,32.9211],[12.1591,32.9109],[12.2239,32.8755],[12.3031,32.8434],[12.3499,32.8333],[12.7315,32.7978],[12.8251,32.8045],[13.0735,32.867],[13.1167,32.8822],[13.1491,32.9042],[13.1635,32.9126],[13.1887,32.916],[13.2571,32.9194],[13.3507,32.9042],[13.3615,32.8991],[13.3723,32.8924],[13.5703,32.8029],[13.6171,32.7927],[13.7863,32.7995],[13.8295,32.7944],[13.9159,32.7725],[13.9915,32.7438],[14.1751,32.7184],[14.1859,32.7151],[14.2039,32.6999],[14.2075,32.6965],[14.2255,32.6914],[14.2615,32.661],[14.3155,32.6306],[14.4055,32.5665],[14.4487,32.5259],[14.4703,32.5192],[14.6323,32.4955],[14.6467,32.4888],[14.6611,32.477],[14.7079,32.4567],[14.7259,32.4499],[14.9095,32.4432],[15.1148,32.4128],[15.1616,32.3993],[15.1832,32.3959],[15.1976,32.3892],[15.2336,32.3469],[15.2696,32.3284],[15.284,32.3165],[15.2912,32.2811],[15.302,32.2608],[15.3236,32.2237],[15.3632,32.1747],[15.3704,32.1595],[15.3704,32.1376],[15.3596,32.1021],[15.356,32.0616],[15.356,32.0379],[15.3596,31.9653],[15.3704,31.9299],[15.4892,31.6648],[15.5144,31.6276],[15.6224,31.4976],[15.6872,31.4385],[15.7628,31.3878],[16.0436,31.2747],[16.3604,31.2274],[16.7276,31.224],[16.9436,31.1835],[17.1596,31.1193],[17.3324,31.0873],[17.3648,31.0873],[17.3756,31.0839],[17.3828,31.0788],[17.4188,31.0619],[17.4476,31.0383],[17.4584,31.0332],[17.4656,31.0299],[17.6132,30.9927],[17.6924,30.9589],[17.7752,30.9353],[17.8472,30.9235],[17.8616,30.9133],[17.8904,30.8779],[17.9084,30.8627],[17.9264,30.8559],[18.0164,30.8374],[18.1748,30.7867],[18.2072,30.7698],[18.236,30.7462],[18.326,30.6567],[18.5672,30.4996],[18.6248,30.4456],[18.6536,30.422],[18.7184,30.3916],[18.7616,30.3848],[18.7796,30.3764],[18.9272,30.2936],[18.9668,30.2784],[19.0568,30.2666],[19.1468,30.2649],[19.2404,30.2734],[19.2908,30.2869],[19.3376,30.2987],[19.4204,30.3325],[19.532,30.3966],[19.55,30.4051],[19.5968,30.4118],[19.6148,30.422],[19.748,30.5115],[19.9136,30.6837],[19.9568,30.7495],[19.982,30.7783],[20.018,30.8036],[20.036,30.8188],[20.1008,30.9353],[20.1476,31.0451],[20.1512,31.089],[20.1476,31.2173],[20.1296,31.2426],[20.1044,31.3085],[20.0828,31.3372],[20.0396,31.376],[20.0216,31.3963],[19.9532,31.5601],[19.9496,31.6006],[19.9496,31.6445],[19.946,31.6614],[19.928,31.6985],[19.9208,31.7171],[19.9172,31.7593],[19.9208,31.8049],[19.9352,31.8877],[19.9496,31.9265],[19.946,31.9366],[19.9424,31.9468],[19.9388,31.9586],[19.946,31.967],[19.9568,31.9822],[20.0468,32.146],[20.072,32.1764],[20.2628,32.3402],[20.2772,32.3605],[20.324,32.4094],[20.3456,32.4196],[20.3852,32.4347],[20.4032,32.4466],[20.4176,32.4601],[20.5616,32.558],[20.7956,32.6424],[20.9324,32.7218],[21.0512,32.7725],[21.098,32.7809],[21.2852,32.7708],[21.332,32.7742],[21.4148,32.7927],[21.4544,32.813],[21.6092,32.9312],[21.6236,32.9363],[21.6704,32.9396],[21.7172,32.9498],[21.7424,32.9312],[21.7892,32.916],[21.836,32.9059],[21.8792,32.9025],[22.0952,32.9227],[22.1024,32.9261],[22.1132,32.9413],[22.1168,32.9447],[22.1384,32.9481],[22.1492,32.9481],[22.16,32.9447],[22.1708,32.9379],[22.1708,32.9329],[22.1708,32.9261],[22.1744,32.916],[22.2068,32.8873],[22.2464,32.8805],[22.34,32.8822],[22.3796,32.8704],[22.4768,32.8062],[22.4984,32.7978],[22.5128,32.791],[22.5308,32.7877],[22.5776,32.7843],[22.8116,32.7252],[22.8656,32.6948],[22.8836,32.6897],[22.8944,32.688],[22.9304,32.6762],[22.9412,32.6745],[22.9772,32.6762],[22.9988,32.6712],[23.042,32.6526],[23.0852,32.6458],[23.1068,32.6391],[23.1176,32.6289],[23.1212,32.6154],[23.114,32.6053],[23.0996,32.5867],[23.096,32.5766],[23.1032,32.5158],[23.114,32.5006],[23.1284,32.4888],[23.15,32.4787],[23.1392,32.4584],[23.1284,32.3959],[23.1104,32.4027],[23.1104,32.4111],[23.1104,32.4196],[23.1032,32.428],[23.096,32.4364],[23.078,32.3537],[23.0816,32.3334],[23.096,32.3233],[23.1572,32.303],[23.1788,32.2997],[23.1968,32.2912],[23.2148,32.2726],[23.2292,32.2507],[23.2436,32.2203],[23.258,32.2135],[23.2724,32.2102],[23.2868,32.2034],[23.294,32.1916],[23.3012,32.1713],[23.312,32.1629],[23.312,32.1798],[23.2976,32.2237],[23.3192,32.2186],[23.3624,32.2169],[23.3696,32.2135],[23.3984,32.1933],[23.4056,32.1899],[23.5316,32.1815],[23.6684,32.1832],[23.8412,32.1494],[23.9996,32.0937],[23.9744,32.0734],[23.9708,32.0666],[23.978,32.0616],[24.0032,32.0531],[24.068,32.0109],[24.0896,32.0059],[24.2804,32.0075],[24.5468,31.9907],[24.6368,32.0143],[24.6584,32.0278],[24.6692,32.0329],[24.7088,32.0261],[24.7196,32.0278],[24.7268,32.0312],[24.734,32.0329],[24.7412,32.0295],[24.7448,32.0261],[24.7592,32.0194],[24.7736,32.016],[24.7916,32.0075],[24.824,32.0025],[24.8636,31.989],[24.9824,31.9687],[25.0185,31.9484],[25.0329,31.9164],[25.0257,31.8758],[25.0221,31.8539],[25.0293,31.837],[25.0653,31.8049],[25.1157,31.7374],[25.1229,31.7205],[25.1373,31.6918],[25.1553,31.6631],[25.1517,31.6597],[25.1517,31.6563],[25.1481,31.6496],[25.1625,31.5837],[25.1733,31.5516],[25.1913,31.5314],[25.2129,31.5263],[25.2633,31.5229],[25.3029,31.506],[25.3245,31.506],[25.3677,31.5128],[25.3785,31.5094],[25.3893,31.5043],[25.4037,31.5027],[25.4217,31.5128],[25.4433,31.5179],[25.4757,31.5212],[25.6377,31.5601],[25.8249,31.6141],[25.8681,31.6209],[25.9653,31.6158],[26.3613,31.5212],[26.6493,31.4891],[26.6673,31.4807],[26.6817,31.4756],[26.7321,31.479],[26.7537,31.4773],[26.8257,31.4486],[26.8653,31.4368],[26.9121,31.4368],[26.9481,31.4486],[26.9661,31.4503],[26.9841,31.4402],[26.9949,31.4284],[27.0057,31.425],[27.0165,31.425],[27.0273,31.4216],[27.0561,31.4081],[27.1173,31.3912],[27.1857,31.3845],[27.2109,31.3777],[27.2253,31.3676],[27.2325,31.3726],[27.2433,31.3777],[27.2469,31.3811],[27.2577,31.3794],[27.3189,31.3811],[27.3261,31.3794],[27.3333,31.3743],[27.3441,31.3676],[27.3405,31.3642],[27.3405,31.3608],[27.3441,31.3541],[27.3513,31.3406],[27.3549,31.3355],[27.3585,31.3338],[27.3621,31.3304],[27.3621,31.3152],[27.3657,31.3102],[27.3729,31.2983],[27.3837,31.2679],[27.3945,31.2544],[27.4161,31.2375],[27.4449,31.224],[27.4773,31.2139],[27.5421,31.2055],[27.5637,31.197],[27.5889,31.1936],[27.6105,31.2038],[27.6609,31.1801],[27.7185,31.1886],[27.8373,31.2375],[27.8517,31.2409],[27.8625,31.2342],[27.8697,31.219],[27.8697,31.2004],[27.8733,31.192],[27.8913,31.1548],[27.8949,31.1227],[27.8985,31.1143],[27.9273,31.0991],[27.9741,31.0923],[28.1541,31.094],[28.1649,31.0906],[28.1757,31.0856],[28.1829,31.0788],[28.1901,31.0738],[28.2045,31.0704],[28.2333,31.0738],[28.2549,31.0721],[28.2981,31.0619],[28.3197,31.0602],[28.3377,31.0636],[28.3809,31.0822],[28.4061,31.0873],[28.4241,31.0839],[28.4421,31.0771],[28.4565,31.067],[28.4709,31.0569],[28.4781,31.0518],[28.5141,31.0518],[28.5285,31.0501],[28.5393,31.0467],[28.5537,31.0383],[28.7337,30.9843],[28.7697,30.9674],[28.7877,30.9589],[28.8129,30.9572],[28.8165,30.9505],[28.8237,30.9252],[28.8273,30.915],[28.8345,30.91],[28.8561,30.9066],[29.0289,30.8272],[29.1909,30.834],[29.2197,30.8374],[29.3565,30.8948],[29.5041,30.9572],[29.5581,30.991],[29.5977,31.0096],[29.6049,31.0113],[29.6121,31.0214],[29.6193,31.0299],[29.7669,31.121],[29.7813,31.1481],[29.8101,31.143],[29.8389,31.1548],[29.8857,31.1903],[29.8749,31.2004],[29.8713,31.2004],[29.8641,31.197],[29.8677,31.2072],[29.8785,31.2139],[29.8857,31.2139],[29.8893,31.2038],[29.8965,31.2038],[29.9109,31.2139],[29.9577,31.2494],[29.9685,31.2578],[29.9829,31.2629],[30.0045,31.2865],[30.0117,31.2933],[30.0261,31.295],[30.0333,31.3],[30.0405,31.3068],[30.0477,31.3135],[30.0441,31.3135],[30.0405,31.3152],[30.0405,31.3203],[30.0693,31.3338],[30.0657,31.3051],[30.0945,31.2848],[30.0981,31.2848],[30.1377,31.2747],[30.1737,31.2713],[30.1629,31.2663],[30.1521,31.2561],[30.1449,31.2511],[30.1449,31.246],[30.1449,31.2443],[30.1485,31.2443],[30.1521,31.2443],[30.1413,31.2375],[30.1449,31.2291],[30.1557,31.2224],[30.1665,31.2173],[30.2061,31.2375],[30.2025,31.2257],[30.2061,31.2207],[30.2169,31.219],[30.2205,31.2207],[30.2241,31.2274],[30.2529,31.2511],[30.2565,31.246],[30.2601,31.2443],[30.2637,31.2494],[30.2673,31.2527],[30.2673,31.2578],[30.2673,31.2646],[30.2745,31.2646],[30.2745,31.2544],[30.2781,31.246],[30.2817,31.2409],[30.2889,31.2375],[30.2925,31.2443],[30.3033,31.2713],[30.2889,31.2781],[30.2745,31.2747],[30.2601,31.2696],[30.2421,31.2646],[30.2421,31.2713],[30.2457,31.2713],[30.2529,31.2713],[30.2529,31.2781],[30.2385,31.2747],[30.1809,31.2713],[30.1809,31.2781],[30.2169,31.2865],[30.2529,31.3034],[30.3141,31.3507],[30.3357,31.3811],[30.3501,31.4216],[30.3537,31.4638],[30.3429,31.4976],[30.3501,31.4976],[30.3573,31.479],[30.3645,31.4604],[30.3789,31.4469],[30.3969,31.4436],[30.3717,31.4621],[30.3573,31.4908],[30.3609,31.5094],[30.3969,31.4908],[30.4257,31.4739],[30.4581,31.4621],[30.4941,31.4588],[30.5373,31.4638],[30.6777,31.4959],[30.9729,31.5871],[30.9729,31.5803],[30.9585,31.5786],[30.8649,31.5482],[30.7893,31.5111],[30.7353,31.4891],[30.6921,31.4638],[30.6885,31.4621],[30.6741,31.4604],[30.6669,31.4571],[30.6273,31.4351],[30.6093,31.4284],[30.5697,31.4267],[30.5625,31.4216],[30.5589,31.4216],[30.5409,31.403],[30.5409,31.3946],[30.5625,31.3895],[30.5697,31.3895],[30.5769,31.3946],[30.5841,31.3946],[30.5985,31.3878],[30.6273,31.3878],[30.6525,31.3963],[30.6669,31.4047],[30.6741,31.4216],[30.6957,31.4165],[30.7173,31.4013],[30.7281,31.3878],[30.7353,31.3878],[30.7425,31.4047],[30.7569,31.4233],[30.7749,31.4368],[30.7893,31.4436],[30.8001,31.4469],[30.8109,31.4419],[30.8217,31.4351],[30.8361,31.4284],[30.8469,31.43],[30.8613,31.4334],[30.8721,31.4351],[30.8865,31.4284],[30.8829,31.4284],[30.8793,31.4284],[30.8793,31.4267],[30.8793,31.4216],[30.8937,31.4199],[30.9081,31.4233],[30.9261,31.4334],[30.9405,31.4436],[30.9369,31.4452],[30.9333,31.4436],[30.9333,31.4452],[30.9333,31.4503],[30.9369,31.452],[30.9369,31.4537],[30.9405,31.4571],[30.9729,31.4436],[30.9801,31.4368],[30.9909,31.4436],[30.9981,31.4503],[31.0089,31.4706],[31.0017,31.479],[31.0053,31.4858],[31.0233,31.4976],[31.0233,31.5043],[31.0233,31.5094],[31.0233,31.5145],[31.0305,31.5179],[31.0341,31.5195],[31.0701,31.5179],[31.0809,31.5145],[31.0989,31.5043],[31.0989,31.501],[31.0989,31.4959],[31.1025,31.4925],[31.1097,31.4908],[31.1205,31.4925],[31.1241,31.4976],[31.1277,31.5043],[31.1097,31.5128],[31.1169,31.5162],[31.1241,31.5179],[31.1313,31.5162],[31.1097,31.5398],[31.0701,31.5651],[31.0233,31.5837],[30.9765,31.5837],[30.9873,31.5888],[31.0125,31.5972],[31.0989,31.6073],[31.1277,31.6057],[31.2213,31.5803],[31.3509,31.5297],[31.3797,31.5179],[31.4193,31.4908],[31.5237,31.4503],[31.5561,31.4436],[31.5705,31.4436],[31.5957,31.4452],[31.7469,31.4824],[31.8369,31.5246],[31.8729,31.5364],[31.9125,31.5347],[31.9449,31.5212],[31.9593,31.4942],[31.9629,31.4824],[31.9953,31.4452],[32.0097,31.4165],[32.0241,31.3997],[32.0565,31.3743],[32.0673,31.3709],[32.0925,31.3659],[32.1033,31.3608],[32.1285,31.3372],[32.1357,31.3338],[32.1501,31.327],[32.1897,31.3],[32.2005,31.295],[32.1681,31.3],[32.0709,31.3541],[32.0745,31.3541],[32.0817,31.3541],[32.0817,31.3524],[32.0889,31.3473],[32.0889,31.3541],[32.0817,31.3591],[32.0781,31.3608],[32.0565,31.3625],[32.0529,31.3659],[32.0493,31.3709],[32.0457,31.3743],[32.0169,31.3878],[32.0061,31.3946],[32.0025,31.3946],[31.9953,31.3946],[31.9917,31.4081],[31.9845,31.4199],[31.9773,31.43],[31.9665,31.4368],[31.9809,31.4368],[31.9917,31.4385],[31.9449,31.4908],[31.9341,31.5077],[31.9197,31.5246],[31.9053,31.5297],[31.9053,31.5246],[31.8909,31.5314],[31.8837,31.528],[31.8801,31.5179],[31.8657,31.5246],[31.8657,31.5229],[31.8657,31.5162],[31.8657,31.5128],[31.8621,31.5145],[31.8549,31.5162],[31.8513,31.5179],[31.8513,31.5111],[31.8477,31.5043],[31.8441,31.4976],[31.8657,31.4976],[31.8585,31.4875],[31.8765,31.4638],[31.8729,31.4503],[31.8801,31.4503],[31.8801,31.4436],[31.8729,31.4436],[31.8729,31.4385],[31.8765,31.4334],[31.8801,31.4284],[31.8729,31.4284],[31.8693,31.4419],[31.8621,31.4503],[31.8513,31.4554],[31.8369,31.4571],[31.8405,31.4638],[31.8369,31.4655],[31.8297,31.4588],[31.8225,31.4436],[31.8297,31.4419],[31.8333,31.4436],[31.8369,31.4503],[31.8441,31.4452],[31.8513,31.4436],[31.8585,31.4436],[31.8585,31.4368],[31.8513,31.4368],[31.8513,31.4284],[31.8549,31.4233],[31.8621,31.4182],[31.8693,31.4165],[31.8801,31.4165],[31.8729,31.4098],[31.8621,31.4081],[31.8513,31.4098],[31.8441,31.4165],[31.8369,31.4165],[31.8369,31.4115],[31.8369,31.4098],[31.8333,31.4098],[31.8297,31.4081],[31.8333,31.4064],[31.8369,31.403],[31.8441,31.3946],[31.8297,31.3794],[31.8261,31.3676],[31.8369,31.3625],[31.8585,31.3608],[31.8585,31.3541],[31.8441,31.3557],[31.8333,31.3591],[31.8261,31.3608],[31.8153,31.3541],[31.8117,31.3541],[31.8045,31.3608],[31.7973,31.3591],[31.7937,31.3541],[31.7901,31.3439],[31.7937,31.3389],[31.8009,31.3355],[31.8045,31.3321],[31.7901,31.327],[31.7901,31.3203],[31.7973,31.3102],[31.7901,31.3068],[31.7757,31.3051],[31.7685,31.2983],[31.7685,31.2848],[31.7721,31.2764],[31.7829,31.273],[31.7937,31.2781],[31.7973,31.2781],[31.7937,31.2798],[31.7901,31.2815],[31.7901,31.2848],[31.8045,31.2798],[31.8117,31.2781],[31.8189,31.2781],[31.8297,31.2747],[31.8297,31.2646],[31.8297,31.2561],[31.8333,31.2511],[31.8441,31.2494],[31.8621,31.2426],[31.8765,31.2325],[31.8873,31.224],[31.8945,31.2392],[31.8981,31.246],[31.9053,31.2511],[31.9017,31.2426],[31.9017,31.2359],[31.9017,31.2308],[31.9053,31.224],[31.8909,31.224],[31.8909,31.2173],[31.9053,31.2173],[31.9017,31.2139],[31.9017,31.2122],[31.8981,31.2105],[31.8981,31.2038],[31.9053,31.2038],[31.9053,31.2055],[31.9089,31.2088],[31.9125,31.2105],[31.9125,31.2088],[31.9125,31.2072],[31.9161,31.2038],[31.9197,31.2038],[31.9197,31.2105],[31.9269,31.2105],[31.9233,31.197],[31.9269,31.1869],[31.9341,31.1869],[31.9413,31.2038],[31.9521,31.2038],[31.9665,31.219],[31.9881,31.2308],[32.0097,31.224],[31.9953,31.224],[31.9953,31.2173],[32.0097,31.2105],[32.0133,31.2156],[32.0169,31.219],[32.0241,31.224],[32.0385,31.2173],[32.0385,31.2105],[32.0313,31.2055],[32.0313,31.2021],[32.0313,31.1903],[32.0421,31.1936],[32.0457,31.197],[32.0421,31.1886],[32.0421,31.1818],[32.0385,31.1784],[32.0313,31.1751],[32.0313,31.17],[32.0349,31.1616],[32.0385,31.1497],[32.0169,31.1345],[32.0169,31.1278],[32.0277,31.1278],[32.0349,31.1295],[32.0421,31.1345],[32.0457,31.1413],[32.0493,31.1413],[32.0529,31.1312],[32.0529,31.1295],[32.0529,31.1227],[32.0601,31.1177],[32.0709,31.1143],[32.0709,31.1075],[32.0601,31.1042],[32.0529,31.1008],[32.0493,31.0957],[32.0457,31.0873],[32.0493,31.0839],[32.0565,31.0788],[32.0673,31.0856],[32.0745,31.0856],[32.0853,31.0839],[32.0889,31.0788],[32.0889,31.0738],[32.0853,31.0738],[32.0853,31.0653],[32.0925,31.0586],[32.1069,31.0535],[32.1213,31.0535],[32.1321,31.0602],[32.1321,31.0653],[32.1177,31.067],[32.1069,31.0721],[32.0997,31.0822],[32.0997,31.094],[32.1141,31.0906],[32.1321,31.0822],[32.1429,31.0805],[32.1465,31.0788],[32.1393,31.094],[32.1537,31.094],[32.1609,31.094],[32.1609,31.1008],[32.1537,31.1025],[32.1537,31.1042],[32.1537,31.1058],[32.1537,31.1075],[32.1645,31.1143],[32.1681,31.1075],[32.1753,31.1075],[32.1789,31.1075],[32.1753,31.1177],[32.1825,31.1244],[32.1933,31.1261],[32.2041,31.1092],[32.2185,31.1058],[32.2329,31.1042],[32.2473,31.1075],[32.2725,31.1193],[32.2833,31.1362],[32.2797,31.1548],[32.2617,31.17],[32.2869,31.17],[32.2905,31.17],[32.2941,31.1987],[32.2941,31.2139],[32.2905,31.2308],[32.2725,31.2494],[32.2689,31.2578],[32.2833,31.2646],[32.2689,31.273],[32.2473,31.2798],[32.2257,31.2815],[32.2149,31.2781],[32.2077,31.295],[32.2185,31.2933],[32.2329,31.2933],[32.2581,31.2882],[32.3013,31.2815],[32.3121,31.273],[32.3193,31.273],[32.3301,31.2713],[32.3337,31.2544],[32.3445,31.2426],[32.3589,31.2342],[32.3913,31.2257],[32.4021,31.2173],[32.4201,31.197],[32.4633,31.1616],[32.4813,31.1481],[32.5101,31.1075],[32.5353,31.0873],[32.5641,31.0704],[32.6001,31.0619],[32.6001,31.0602],[32.6469,31.0602],[32.6865,31.0636],[32.7621,31.0805],[32.8521,31.1193],[32.8665,31.1295],[32.9097,31.1481],[32.9205,31.1548],[32.9277,31.1548],[32.9277,31.1481],[32.8953,31.1379],[32.8413,31.1008],[32.8089,31.094],[32.7513,31.0721],[32.6649,31.0518],[32.7153,31.0518],[32.7153,31.0451],[32.7009,31.0383],[32.7297,31.0383],[32.7441,31.0434],[32.7477,31.0518],[32.7549,31.0518],[32.7549,31.0467],[32.7585,31.0451],[32.7621,31.0467],[32.7693,31.0451],[32.8305,31.0788],[32.8845,31.094],[32.8917,31.1008],[32.8989,31.1008],[32.9025,31.0957],[32.9169,31.0923],[32.9133,31.0873],[32.9061,31.0873],[32.9061,31.0788],[32.9169,31.0822],[32.9421,31.094],[32.9421,31.1008],[32.9133,31.1008],[32.9133,31.1075],[32.9277,31.1126],[32.9457,31.1075],[32.9601,31.0991],[32.9673,31.0873],[32.9709,31.0805],[32.9745,31.0704],[32.9745,31.0653],[32.9601,31.0653],[32.9961,31.0552],[33.0105,31.0569],[33.0249,31.0653],[33.0249,31.0738],[33.0141,31.0788],[33.0105,31.0788],[33.0105,31.0873],[33.0465,31.0957],[33.0573,31.1008],[33.0537,31.1075],[33.0537,31.116],[33.0609,31.1244],[33.0645,31.1345],[33.0573,31.1345],[33.0501,31.1278],[33.0285,31.1143],[33.0285,31.1109],[33.0249,31.1075],[33.0249,31.1042],[33.0285,31.1008],[33.0177,31.0974],[32.9925,31.0991],[32.9709,31.1008],[32.9529,31.1075],[32.9853,31.1092],[33.0033,31.1244],[33.0141,31.1447],[33.0285,31.1616],[33.0429,31.1666],[33.0681,31.1717],[33.0789,31.1751],[33.0969,31.192],[33.1077,31.197],[33.1257,31.197],[33.1257,31.1903],[33.0969,31.1903],[33.0969,31.1835],[33.1113,31.1751],[33.1473,31.1345],[33.1581,31.1177],[33.1545,31.1126],[33.1401,31.1092],[33.1257,31.1008],[33.1257,31.1025],[33.1257,31.1058],[33.1257,31.1075],[33.1185,31.1075],[33.1185,31.1008],[33.1365,31.0906],[33.1437,31.0771],[33.1437,31.0619],[33.1329,31.0451],[33.1689,31.0586],[33.1869,31.0619],[33.2013,31.0602],[33.2085,31.0602],[33.2121,31.0602],[33.2229,31.0602],[33.2229,31.0653],[33.2085,31.0738],[33.2013,31.0738],[33.2013,31.0653],[33.1941,31.0653],[33.1941,31.0738],[33.2481,31.0906],[33.2625,31.1008],[33.2697,31.1008],[33.2625,31.094],[33.2697,31.0873],[33.2769,31.0923],[33.2841,31.0923],[33.2913,31.089],[33.2949,31.0788],[33.3057,31.0788],[33.3057,31.089],[33.3057,31.0974],[33.3021,31.0991],[33.3165,31.1008],[33.3093,31.1058],[33.2985,31.1042],[33.2877,31.1042],[33.2769,31.1075],[33.3849,31.1143],[33.3777,31.1329],[33.3921,31.1362],[33.4065,31.1379],[33.4065,31.1548],[33.4173,31.1514],[33.4209,31.1481],[33.4281,31.1481],[33.4425,31.1514],[33.4821,31.1329],[33.5001,31.1278],[33.5721,31.121],[33.5937,31.1143],[33.5937,31.121],[33.6153,31.116],[33.6477,31.1177],[33.8529,31.1633],[34.0473,31.2291],[34.1985,31.3135],[34.2237,31.327],[34.2381,31.3422],[34.2813,31.376],[34.3029,31.4081],[34.3497,31.4385],[34.3677,31.4689],[34.4433,31.5347],[34.4793,31.5786],[34.4829,31.5837],[34.4901,31.6006],[34.5153,31.6276],[34.6017,31.7576],[34.6089,31.7661],[34.6665,31.8741],[34.6917,31.9265],[34.7133,31.9518],[34.7421,32.0396],[34.7457,32.0447],[34.7421,32.0548],[34.7421,32.0599],[34.7565,32.0666],[34.8393,32.2811],[34.8717,32.4297],[34.9041,32.5614],[34.9113,32.5698],[34.9149,32.6154],[34.9221,32.6289],[34.9185,32.6424],[34.9437,32.7252],[34.9473,32.8147],[34.9545,32.8349],[34.9689,32.8417],[34.9833,32.8383],[35.005,32.8282],[35.0194,32.8248],[35.0266,32.8265],[35.0626,32.8586],[35.0662,32.867],[35.077,32.8924],[35.0806,32.9059],[35.077,32.9177],[35.0662,32.9227],[35.0698,32.9379],[35.077,32.9987],[35.0914,33.0308],[35.095,33.0511],[35.0914,33.068],[35.095,33.0713],[35.1022,33.0781],[35.1058,33.0815],[35.0986,33.0882],[35.1058,33.0882],[35.1058,33.0899],[35.1058,33.095],[35.1022,33.095],[35.1022,33.0984],[35.0986,33.1017],[35.1058,33.1119],[35.1166,33.1237],[35.1238,33.1321],[35.149,33.1406],[35.1562,33.1507],[35.1598,33.1625],[35.167,33.171],[35.1634,33.1777],[35.167,33.1777],[35.1706,33.176],[35.1742,33.171],[35.2066,33.225],[35.2102,33.2554],[35.1886,33.2807],[35.2102,33.2942],[35.2246,33.3128],[35.2426,33.355],[35.2462,33.3685],[35.2462,33.3955],[35.2498,33.4091],[35.2678,33.4327],[35.275,33.4445],[35.2714,33.458],[35.3218,33.4901],[35.3506,33.5138],[35.3614,33.5441],[35.3614,33.556],[35.401,33.6438],[35.3938,33.6505],[35.4082,33.6607],[35.4226,33.7029],[35.437,33.7113],[35.437,33.7231],[35.4766,33.8042],[35.4802,33.8244],[35.4838,33.865],[35.4838,33.8717],[35.4802,33.8835],[35.473,33.8937],[35.4694,33.9021],[35.4766,33.9106],[35.4874,33.9123],[35.4982,33.9106],[35.5126,33.9072],[35.5162,33.9021],[35.5234,33.9021],[35.5342,33.9072],[35.5486,33.9055],[35.5558,33.9055],[35.5738,33.9106],[35.5774,33.9173],[35.5882,33.9359],[35.5918,33.9443],[35.5918,33.9494],[35.5918,33.9511],[35.5846,33.9511],[35.5954,33.9595],[35.6062,33.9832],[35.6134,33.9933],[35.6206,33.995],[35.635,33.995],[35.6422,34.0001],[35.6422,34.0085],[35.635,34.0136],[35.6314,34.0153],[35.6278,34.0203],[35.6278,34.044],[35.6422,34.0879],[35.6494,34.1199],[35.6458,34.1301],[35.6314,34.152],[35.6278,34.1672],[35.6278,34.201],[35.6314,34.2078],[35.6458,34.2162],[35.6494,34.223],[35.6494,34.2533],[35.653,34.2854],[35.6638,34.3108],[35.689,34.3276],[35.707,34.3158],[35.7214,34.3378],[35.7358,34.3699],[35.7502,34.3901],[35.8078,34.4155],[35.8222,34.434],[35.8042,34.4594],[35.8042,34.4644],[35.8258,34.461],[35.905,34.4779],[35.9554,34.5201],[35.9734,34.5303],[35.9842,34.5387],[35.9878,34.5522],[35.9914,34.5995],[35.9878,34.6215],[35.9806,34.6383],[35.9698,34.6502],[35.9662,34.6687],[35.9482,34.6991],[35.941,34.7261],[35.9302,34.7413],[35.9302,34.7498],[35.9302,34.7903],[35.9266,34.7971],[35.9086,34.8224],[35.905,34.8325],[35.8978,34.8528],[35.8654,34.9237],[35.8726,34.9271],[35.8726,34.9322],[35.8798,34.9372],[35.8798,34.9457],[35.8798,34.9524],[35.8726,34.9575],[35.8726,34.9659],[35.8798,34.9693],[35.8798,34.971],[35.8762,34.971],[35.8726,34.9794],[35.8834,34.9929],[35.887,34.9997],[35.8942,35.0065],[35.9014,35.0216],[35.8978,35.0368],[35.8906,35.0504],[35.887,35.0622],[35.887,35.1095],[35.8942,35.1213],[35.941,35.1804],[35.9626,35.1973],[35.9518,35.2243],[35.9158,35.2884],[35.9302,35.3222],[35.923,35.3391],[35.9158,35.4033],[35.9194,35.4185],[35.9086,35.4252],[35.8618,35.4793],[35.8402,35.4877],[35.8294,35.4928],[35.8258,35.5029],[35.8186,35.5096],[35.8006,35.5063],[35.7862,35.5029],[35.7826,35.4995],[35.7718,35.5046],[35.7718,35.5147],[35.7754,35.5299],[35.779,35.5417],[35.7718,35.5468],[35.7358,35.562],[35.7394,35.5671],[35.7394,35.5772],[35.743,35.5823],[35.7358,35.5823],[35.725,35.5755],[35.725,35.5823],[35.743,35.5873],[35.7646,35.5975],[35.779,35.6127],[35.7826,35.6312],[35.7826,35.6414],[35.7718,35.6549],[35.7718,35.6684],[35.7754,35.6751],[35.8006,35.6819],[35.8402,35.7427],[35.8402,35.7477],[35.8402,35.7714],[35.8366,35.79],[35.8258,35.8136],[35.8114,35.8355],[35.797,35.8491],[35.8474,35.8474],[35.8726,35.8524],[35.8798,35.8659],[35.887,35.8862],[35.9122,35.9183],[35.923,35.9318],[35.9662,35.9943],[35.977,36.001],[35.977,36.0179],[35.9482,36.0871],[35.8798,36.1817],[35.8654,36.1969],[35.851,36.2138],[35.8402,36.2442],[35.8258,36.2577],[35.8114,36.2695],[35.797,36.2813],[35.7862,36.305],[35.7898,36.3202],[35.815,36.3522],[35.8258,36.3607],[35.833,36.3658],[35.8438,36.3691],[35.8582,36.3691],[35.8618,36.3742],[35.8726,36.3978],[35.8834,36.4046],[35.8978,36.413],[35.9086,36.4181],[35.9122,36.4265],[35.9194,36.4485],[35.9302,36.4553],[35.9338,36.4586],[35.941,36.4637],[35.9806,36.4755],[35.9914,36.4789],[36.0382,36.5279],[36.0454,36.538],[36.0562,36.538],[36.1642,36.5937],[36.1786,36.5971],[36.1894,36.6038],[36.2002,36.6224],[36.211,36.6427],[36.2146,36.6579],[36.2146,36.6697],[36.211,36.6798],[36.2074,36.6883],[36.2038,36.7001],[36.2002,36.7068],[36.2038,36.7693],[36.2002,36.7845],[36.1894,36.8014],[36.1282,36.869],[36.0958,36.8977],[36.0598,36.9179],[36.0202,36.9264],[35.9842,36.9162],[35.9518,36.8909],[35.8942,36.8352],[35.8798,36.8267],[35.8654,36.8217],[35.8546,36.8166],[35.8222,36.7845],[35.8042,36.7744],[35.7682,36.7676],[35.6854,36.7643],[35.6494,36.7541],[35.635,36.744],[35.6242,36.7254],[35.6134,36.7204],[35.617,36.7271],[35.617,36.7322],[35.6134,36.7356],[35.6062,36.7406],[35.5954,36.7254],[35.581,36.7136],[35.5738,36.7001],[35.581,36.6849],[35.5954,36.7018],[35.617,36.6967],[35.6206,36.7119],[35.6242,36.7102],[35.6278,36.7085],[35.6314,36.7052],[35.635,36.7001],[35.6386,36.7068],[35.6422,36.7136],[35.6386,36.7204],[35.635,36.7271],[35.6494,36.7339],[35.653,36.7271],[35.6566,36.717],[35.6638,36.7119],[35.6746,36.7153],[35.6854,36.7204],[35.6962,36.7237],[35.7106,36.7204],[35.6494,36.6984],[35.6242,36.6815],[35.6062,36.6579],[35.6098,36.6461],[35.6206,36.6545],[35.6674,36.6967],[35.6818,36.7035],[35.6962,36.7068],[35.6566,36.6748],[35.653,36.6663],[35.6422,36.6494],[35.6386,36.641],[35.6314,36.6309],[35.6314,36.6174],[35.6314,36.6072],[35.6242,36.6022],[35.6134,36.6005],[35.599,36.592],[35.5882,36.5903],[35.5558,36.587],[35.545,36.5903],[35.5126,36.6123],[35.5054,36.6174],[35.491,36.614],[35.4802,36.6072],[35.4802,36.5988],[35.4874,36.5971],[35.4982,36.5937],[35.5306,36.5819],[35.4874,36.592],[35.4442,36.5971],[35.437,36.5937],[35.4118,36.5836],[35.4082,36.5785],[35.4046,36.5718],[35.3938,36.5684],[35.3758,36.5616],[35.347,36.5447],[35.347,36.5414],[35.3362,36.5464],[35.3218,36.565],[35.3074,36.5684],[35.293,36.5718],[35.041,36.695],[35.0158,36.7035],[34.9833,36.7204],[34.9617,36.7271],[34.9473,36.7288],[34.9329,36.7271],[34.9293,36.7271],[34.9149,36.7254],[34.9005,36.7204],[34.9041,36.7237],[34.9077,36.7406],[34.8933,36.7457],[34.8537,36.7811],[34.7709,36.8166],[34.7637,36.8082],[34.7349,36.8217],[34.6917,36.8132],[34.6269,36.7896],[34.5981,36.7845],[34.5837,36.7811],[34.5549,36.7676],[34.5477,36.7626],[34.5405,36.744],[34.5333,36.7406],[34.5045,36.7271],[34.4145,36.6629],[34.3065,36.6089],[34.2777,36.587],[34.1913,36.4992],[34.1805,36.484],[34.1769,36.4738],[34.1697,36.4671],[34.1481,36.4586],[34.1121,36.4299],[34.0761,36.4147],[34.0761,36.3877],[34.0797,36.3556],[34.0761,36.3286],[34.0581,36.3151],[34.0257,36.31],[34.0005,36.3033],[33.9897,36.2813],[33.9933,36.283],[33.9969,36.2864],[33.9969,36.2796],[33.9753,36.2594],[33.9681,36.2476],[33.9645,36.2324],[33.9645,36.2205],[33.9573,36.2138],[33.9429,36.2138],[33.9429,36.2189],[33.9501,36.2374],[33.9465,36.2644],[33.9321,36.2898],[33.9105,36.3016],[33.8961,36.305],[33.8817,36.3117],[33.8709,36.3151],[33.8565,36.305],[33.8385,36.2796],[33.8277,36.2712],[33.8097,36.2678],[33.8169,36.2661],[33.8205,36.2644],[33.8241,36.2594],[33.8133,36.2509],[33.7989,36.2307],[33.7881,36.2256],[33.7773,36.2256],[33.7413,36.2138],[33.7341,36.2087],[33.7053,36.1817],[33.7017,36.1716],[33.6945,36.1446],[33.6873,36.1378],[33.6837,36.1429],[33.6585,36.1749],[33.6549,36.1885],[33.6477,36.1918],[33.6333,36.1901],[33.6189,36.1851],[33.5973,36.1682],[33.5757,36.1446],[33.5505,36.1277],[33.5289,36.131],[33.5433,36.1378],[33.5433,36.1446],[33.5217,36.1462],[33.4785,36.1564],[33.4569,36.1581],[33.4353,36.1547],[33.3993,36.1395],[33.3849,36.1378],[33.3489,36.1479],[33.3273,36.1496],[33.3093,36.1327],[33.2877,36.1294],[33.2409,36.131],[33.2121,36.1243],[33.2013,36.1226],[33.1869,36.126],[33.1689,36.1344],[33.1581,36.1378],[33.1329,36.131],[33.1221,36.1192],[33.1113,36.104],[33.0969,36.0888],[33.0861,36.0821],[33.0825,36.0821],[33.0789,36.0855],[33.0717,36.0888],[33.0573,36.0905],[33.0285,36.0888],[32.9601,36.1023],[32.9421,36.104],[32.8773,36.0753],[32.8665,36.0719],[32.8557,36.0618],[32.8053,36.0264],[32.7621,36.0297],[32.6721,36.0466],[32.6325,36.0618],[32.5713,36.0939],[32.5677,36.0956],[32.5317,36.099],[32.5137,36.1023],[32.4381,36.1395],[32.4273,36.1479],[32.4201,36.1598],[32.4021,36.1648],[32.3805,36.1699],[32.3661,36.1783],[32.3193,36.229],[32.3085,36.229],[32.3049,36.234],[32.2869,36.2442],[32.2833,36.2509],[32.2797,36.2796],[32.2761,36.2881],[32.2509,36.3151],[32.1933,36.359],[32.1789,36.3877],[32.1789,36.3962],[32.1753,36.4029],[32.1645,36.4147],[32.1501,36.4299],[32.1501,36.4333],[32.1357,36.4384],[32.1321,36.4384],[32.1141,36.4704],[32.1033,36.4856],[32.0889,36.4941],[32.0277,36.5431],[32.0205,36.5464],[32.0097,36.5481],[31.9989,36.5481],[31.9881,36.5498],[31.9809,36.5549],[31.9737,36.5583],[31.9665,36.5616],[31.9269,36.5599],[31.9089,36.5633],[31.8981,36.5718],[31.8873,36.5819],[31.8621,36.5886],[31.8333,36.592],[31.8153,36.5903],[31.8081,36.5971],[31.7685,36.6106],[31.7505,36.6326],[31.7361,36.6427],[31.7253,36.641],[31.7037,36.6444],[31.6281,36.6714],[31.6101,36.6815],[31.5957,36.695],[31.4085,36.7626],[31.3797,36.7676],[31.3761,36.7913],[31.3401,36.8082],[30.9405,36.8571],[30.7749,36.8504],[30.7497,36.8554],[30.7281,36.8656],[30.6849,36.8909],[30.6273,36.8588],[30.6021,36.8386],[30.5877,36.8065],[30.5733,36.7896],[30.5697,36.7811],[30.5697,36.7508],[30.5661,36.7187],[30.5661,36.7001],[30.5769,36.6849],[30.5769,36.6781],[30.5697,36.6714],[30.5625,36.6629],[30.5589,36.6528],[30.5553,36.6376],[30.5589,36.619],[30.5625,36.6089],[30.5697,36.6005],[30.5769,36.5903],[30.5841,36.5971],[30.5805,36.5751],[30.5661,36.5397],[30.5697,36.5279],[30.5373,36.5059],[30.5193,36.489],[30.5085,36.4536],[30.4869,36.4265],[30.4869,36.4181],[30.4761,36.4012],[30.4761,36.3843],[30.4869,36.3708],[30.5013,36.3641],[30.4941,36.3489],[30.5193,36.3421],[30.5049,36.3269],[30.4797,36.3083],[30.4653,36.2881],[30.4725,36.2881],[30.4797,36.2915],[30.4797,36.2898],[30.4869,36.2881],[30.4761,36.2796],[30.4653,36.2712],[30.4509,36.2611],[30.4401,36.2391],[30.4257,36.2256],[30.3969,36.2053],[30.4005,36.2476],[30.3969,36.2661],[30.3825,36.2746],[30.3609,36.2678],[30.2529,36.3083],[30.2349,36.3083],[30.1593,36.2982],[30.1485,36.2898],[30.1449,36.2746],[30.1449,36.2543],[30.1377,36.2543],[30.1377,36.2611],[30.1305,36.2746],[30.1233,36.2543],[30.1233,36.2476],[30.1089,36.2543],[30.1125,36.2476],[30.1089,36.2408],[30.0729,36.2476],[30.0657,36.2492],[30.0585,36.256],[30.0477,36.2594],[30.0333,36.2543],[30.0549,36.2543],[30.0549,36.2476],[29.9901,36.2172],[29.9721,36.2189],[29.9613,36.2138],[29.9505,36.2138],[29.9397,36.2172],[29.9253,36.2189],[29.9181,36.2189],[29.9109,36.2172],[29.8965,36.2053],[29.8821,36.1986],[29.8425,36.1918],[29.8317,36.1851],[29.8353,36.1851],[29.8389,36.1834],[29.8353,36.1783],[29.8281,36.1783],[29.8029,36.1716],[29.8029,36.1648],[29.8245,36.1648],[29.8101,36.1547],[29.7957,36.1446],[29.7813,36.1395],[29.7633,36.1378],[29.7633,36.1446],[29.7669,36.1479],[29.7705,36.1513],[29.7705,36.1547],[29.7741,36.1581],[29.7633,36.1564],[29.7597,36.1547],[29.7561,36.1513],[29.7417,36.1614],[29.7309,36.1648],[29.7201,36.1631],[29.7057,36.1581],[29.7021,36.1547],[29.7021,36.1496],[29.6985,36.1462],[29.6877,36.1446],[29.6877,36.1412],[29.6733,36.1226],[29.6697,36.1446],[29.6337,36.1564],[29.6229,36.1783],[29.6373,36.1733],[29.6445,36.1783],[29.6409,36.1868],[29.6337,36.1918],[29.5833,36.1851],[29.5833,36.1918],[29.5941,36.1952],[29.6013,36.1986],[29.6121,36.2003],[29.6229,36.1986],[29.6013,36.207],[29.5221,36.2053],[29.4933,36.2104],[29.4321,36.2408],[29.4213,36.2307],[29.4141,36.2391],[29.4105,36.2678],[29.4069,36.2594],[29.4033,36.2611],[29.3997,36.2661],[29.3925,36.2678],[29.3817,36.2644],[29.3781,36.2611],[29.3745,36.2594],[29.3709,36.2543],[29.3637,36.2476],[29.3601,36.2408],[29.3565,36.2357],[29.3493,36.2324],[29.3421,36.2374],[29.3349,36.2476],[29.3277,36.2543],[29.3205,36.2476],[29.2629,36.2931],[29.2557,36.2965],[29.2485,36.3117],[29.2341,36.3235],[29.1765,36.3404],[29.1585,36.3573],[29.1441,36.3489],[29.1405,36.3624],[29.1405,36.3658],[29.1441,36.3691],[29.1441,36.3776],[29.1153,36.3776],[29.1225,36.3826],[29.1117,36.3894],[29.1045,36.3911],[29.0973,36.3911],[29.1009,36.3995],[29.1081,36.4063],[29.1189,36.4097],[29.1297,36.4113],[29.1297,36.4164],[29.1261,36.4164],[29.1225,36.4181],[29.1297,36.4367],[29.1225,36.4536],[29.1117,36.4671],[29.0973,36.4738],[29.0973,36.4789],[29.1081,36.489],[29.1153,36.4907],[29.1225,36.4941],[29.1225,36.5008],[29.1189,36.5363],[29.1153,36.5532],[29.1045,36.5481],[29.0973,36.5481],[29.0829,36.5599],[29.0361,36.5447],[29.0145,36.5481],[29.0325,36.5515],[29.0361,36.5616],[29.0325,36.5751],[29.0217,36.5903],[29.0253,36.5971],[29.0361,36.614],[29.0433,36.6241],[29.0541,36.614],[29.0685,36.6241],[29.0793,36.6393],[29.0973,36.6444],[29.0973,36.6376],[29.0901,36.6275],[29.0973,36.6241],[29.1117,36.6258],[29.1153,36.6342],[29.1153,36.6427],[29.1081,36.6528],[29.1009,36.6596],[29.0973,36.6646],[29.0325,36.7018],[28.9569,36.7271],[28.9461,36.7372],[28.9389,36.7508],[28.9245,36.7406],[28.9029,36.7237],[28.8921,36.7119],[28.8921,36.7068],[28.8993,36.7068],[28.8993,36.7001],[28.8777,36.6984],[28.8705,36.6967],[28.8633,36.6933],[28.8597,36.6849],[28.8633,36.6748],[28.8633,36.668],[28.8489,36.6646],[28.8561,36.6562],[28.8597,36.6545],[28.8633,36.6511],[28.8561,36.6444],[28.8669,36.6342],[28.8705,36.6309],[28.8777,36.6309],[28.8813,36.641],[28.8885,36.6477],[28.8885,36.6579],[28.8849,36.6714],[28.9029,36.6579],[28.8957,36.641],[28.8777,36.6258],[28.8633,36.6174],[28.8705,36.6072],[28.8597,36.6005],[28.8417,36.6005],[28.8273,36.6022],[28.8201,36.6123],[28.8201,36.6207],[28.8273,36.6275],[28.8417,36.6309],[28.8417,36.6376],[28.8237,36.6444],[28.8165,36.6511],[28.8057,36.6545],[28.7877,36.6511],[28.7841,36.6781],[28.7481,36.6984],[28.7013,36.7052],[28.6725,36.6933],[28.6653,36.6933],[28.6617,36.7102],[28.6509,36.7187],[28.6365,36.7153],[28.6221,36.7001],[28.6149,36.7052],[28.6041,36.7339],[28.6113,36.7474],[28.6185,36.7676],[28.6149,36.7845],[28.6041,36.7947],[28.6041,36.7997],[28.6041,36.8014],[28.6077,36.8014],[28.6113,36.8014],[28.6077,36.8048],[28.6077,36.8065],[28.6077,36.8099],[28.6113,36.8166],[28.6041,36.8166],[28.6005,36.8065],[28.5969,36.8031],[28.5969,36.7947],[28.5897,36.7997],[28.5897,36.8082],[28.5753,36.82],[28.5465,36.8234],[28.5249,36.8132],[28.5285,36.7896],[28.5177,36.7963],[28.5069,36.798],[28.4997,36.798],[28.4853,36.8014],[28.4997,36.8082],[28.4997,36.8166],[28.4781,36.8166],[28.4637,36.8183],[28.4565,36.8284],[28.4529,36.8504],[28.4601,36.8487],[28.4637,36.8504],[28.4673,36.8538],[28.4637,36.8588],[28.4637,36.8622],[28.4601,36.8639],[28.4601,36.8673],[28.4565,36.8774],[28.4529,36.8842],[28.4457,36.8825],[28.4457,36.874],[28.4349,36.8656],[28.4169,36.8605],[28.3881,36.8571],[28.3773,36.8538],[28.3773,36.8487],[28.3845,36.8419],[28.3917,36.8352],[28.3953,36.8352],[28.4061,36.8369],[28.4133,36.8369],[28.4241,36.8284],[28.4133,36.8149],[28.4061,36.7997],[28.3953,36.7896],[28.3773,36.7896],[28.3233,36.8099],[28.3161,36.8166],[28.3089,36.8166],[28.3125,36.7997],[28.3161,36.7947],[28.2873,36.793],[28.2765,36.7963],[28.2729,36.8048],[28.2801,36.8149],[28.2873,36.8183],[28.3161,36.8217],[28.3161,36.8284],[28.3017,36.8352],[28.2873,36.8453],[28.2729,36.8521],[28.2585,36.847],[28.2441,36.8301],[28.2369,36.8132],[28.2405,36.798],[28.2549,36.7896],[28.2477,36.7676],[28.2873,36.7423],[28.2945,36.7204],[28.2837,36.7271],[28.2657,36.7305],[28.2549,36.7271],[28.2477,36.7119],[28.2405,36.7153],[28.2333,36.7204],[28.2333,36.7153],[28.2333,36.7119],[28.2297,36.7085],[28.2261,36.7068],[28.2297,36.7052],[28.2333,36.7052],[28.2333,36.7001],[28.1829,36.6849],[28.1613,36.6731],[28.1433,36.6511],[28.1325,36.6292],[28.1109,36.6038],[28.0893,36.5886],[28.0605,36.5971],[28.0569,36.5903],[28.0533,36.587],[28.0497,36.5853],[28.0425,36.5819],[28.0425,36.5802],[28.0461,36.5718],[28.0497,36.5684],[28.0353,36.565],[28.0245,36.5633],[28.0173,36.5667],[28.0137,36.5751],[28.0029,36.5616],[27.9921,36.5599],[27.9777,36.565],[27.9669,36.5751],[27.9669,36.5785],[27.9705,36.587],[27.9741,36.5903],[27.9669,36.592],[27.9633,36.5954],[27.9597,36.6022],[28.0353,36.6022],[28.0533,36.6089],[28.0641,36.619],[28.0749,36.6309],[28.0893,36.6444],[28.0749,36.6579],[28.0569,36.6427],[28.0497,36.6376],[28.0497,36.6444],[28.0569,36.6528],[28.0605,36.6646],[28.0569,36.6765],[28.0497,36.6849],[28.0389,36.69],[28.0353,36.6883],[28.0353,36.6748],[28.0281,36.6697],[28.0173,36.6714],[28.0065,36.6748],[27.9993,36.6781],[27.9921,36.6765],[27.9813,36.6765],[27.9705,36.6798],[27.9669,36.6883],[27.9705,36.6933],[28.0065,36.7001],[27.9993,36.7068],[28.0209,36.7052],[28.0281,36.7068],[28.0317,36.7085],[28.0389,36.7136],[28.0425,36.7187],[28.0425,36.7204],[28.0785,36.722],[28.0893,36.7271],[28.0857,36.7102],[28.1001,36.7102],[28.1181,36.7187],[28.1181,36.7339],[28.1073,36.7389],[28.0893,36.7406],[28.0821,36.7474],[28.0857,36.7541],[28.0929,36.7592],[28.1037,36.7676],[28.1109,36.7744],[28.1145,36.7676],[28.1181,36.7643],[28.1289,36.7541],[28.1253,36.771],[28.1253,36.7913],[28.1181,36.8014],[28.1073,36.8031],[28.0965,36.8014],[28.0857,36.7963],[28.0677,36.7744],[28.0461,36.7626],[28.0389,36.7643],[28.0353,36.7744],[28.0209,36.7626],[27.9813,36.7541],[27.9669,36.7474],[27.9597,36.7474],[27.9525,36.7592],[27.9453,36.7558],[27.9309,36.7474],[27.9165,36.7406],[27.9129,36.7541],[27.9057,36.7524],[27.8985,36.7457],[27.8913,36.7406],[27.8841,36.744],[27.8769,36.7508],[27.8697,36.7524],[27.8625,36.7406],[27.8553,36.7406],[27.8445,36.7491],[27.8265,36.7575],[27.8049,36.7609],[27.7869,36.7541],[27.7869,36.7609],[27.7761,36.7558],[27.7653,36.7558],[27.7509,36.7592],[27.7365,36.7609],[27.7185,36.7558],[27.6969,36.7339],[27.6825,36.7271],[27.6825,36.7204],[27.6861,36.7119],[27.6717,36.6798],[27.6717,36.6579],[27.6393,36.6714],[27.6213,36.6765],[27.6033,36.6781],[27.5853,36.6765],[27.5709,36.6731],[27.5601,36.6748],[27.5529,36.6849],[27.4881,36.6646],[27.4809,36.6579],[27.4773,36.6528],[27.4737,36.6511],[27.4665,36.6528],[27.4557,36.6629],[27.4485,36.6646],[27.4269,36.668],[27.4161,36.6697],[27.4053,36.6646],[27.4017,36.6781],[27.3945,36.6849],[27.3837,36.6849],[27.3693,36.6781],[27.3693,36.6832],[27.3693,36.6849],[27.3657,36.6849],[27.3621,36.6849],[27.3693,36.6917],[27.3693,36.6967],[27.3657,36.7018],[27.3549,36.7068],[27.3549,36.7119],[27.3693,36.7085],[27.3837,36.7052],[27.4017,36.7052],[27.4161,36.7085],[27.4233,36.7204],[27.4269,36.7356],[27.4377,36.7474],[27.4485,36.7541],[27.4593,36.7558],[27.4845,36.7541],[27.5565,36.7626],[27.5925,36.7609],[27.6105,36.7659],[27.6177,36.7761],[27.6177,36.7896],[27.6249,36.8014],[27.6465,36.8065],[27.6897,36.7845],[27.7041,36.7896],[27.7221,36.7811],[27.7365,36.7828],[27.7473,36.7845],[27.7617,36.7811],[27.7869,36.8014],[27.7977,36.8065],[27.8877,36.8082],[27.8985,36.8115],[27.9021,36.8065],[27.9201,36.7997],[27.9417,36.7963],[27.9597,36.7947],[27.9957,36.798],[28.0101,36.7947],[28.0281,36.7811],[28.0317,36.7913],[28.0353,36.798],[28.0569,36.8082],[28.0497,36.82],[28.0389,36.8267],[28.0245,36.8284],[28.0065,36.8284],[28.0137,36.8352],[28.0245,36.8335],[28.0245,36.8386],[28.0173,36.8487],[28.0065,36.8571],[28.0101,36.8571],[28.0137,36.8588],[28.0173,36.8605],[28.0209,36.8639],[28.0281,36.8605],[28.0353,36.8622],[28.0461,36.8673],[28.0569,36.8706],[28.0569,36.8774],[28.0353,36.8926],[28.0281,36.9027],[28.0209,36.9112],[28.0353,36.9044],[28.0425,36.9112],[28.0353,36.9145],[28.0317,36.9179],[28.0317,36.9213],[28.0281,36.9264],[28.0353,36.9247],[28.0533,36.9264],[28.0605,36.9264],[28.0605,36.9314],[28.0425,36.9314],[28.0425,36.9382],[28.0641,36.9399],[28.0749,36.9382],[28.0821,36.9314],[28.0893,36.9365],[28.0929,36.9382],[28.0965,36.9365],[28.1037,36.9314],[28.1109,36.9314],[28.1217,36.9382],[28.1433,36.9281],[28.1505,36.9314],[28.1577,36.9314],[28.1577,36.9247],[28.1649,36.9112],[28.1685,36.9162],[28.1685,36.9196],[28.1685,36.9213],[28.1649,36.9264],[28.1685,36.9297],[28.1685,36.9331],[28.1649,36.9365],[28.1577,36.9382],[28.1577,36.9466],[28.1649,36.9466],[28.1757,36.9466],[28.1793,36.9433],[28.1865,36.9382],[28.2045,36.9669],[28.2117,36.9736],[28.2117,36.9804],[28.1973,36.9804],[28.2081,36.9905],[28.2117,37.0007],[28.2297,36.9905],[28.2441,36.9888],[28.2549,36.9939],[28.2477,37.0074],[28.3017,37.0243],[28.3305,37.0311],[28.3305,37.0361],[28.3233,37.0446],[28.3161,37.0496],[28.3053,37.0513],[28.1757,37.0344],[28.1253,37.0361],[28.1073,37.0327],[28.1109,37.0209],[28.1109,37.0142],[28.0929,37.0209],[27.9849,37.0344],[27.9741,37.0327],[27.9633,37.0243],[27.9525,37.0209],[27.9417,37.0226],[27.9129,37.0277],[27.8877,37.026],[27.8049,37.004],[27.7941,37.0074],[27.7869,37.0074],[27.7869,37.004],[27.7797,36.9939],[27.7725,36.9956],[27.7617,36.9973],[27.7509,36.9973],[27.7401,36.9939],[27.7185,37.0057],[27.6861,37.0057],[27.6573,36.9973],[27.6357,36.9804],[27.6177,36.9888],[27.5889,36.999],[27.5673,36.9973],[27.5637,36.9736],[27.5385,36.9872],[27.5277,36.9905],[27.5133,36.9939],[27.4845,36.9905],[27.4737,36.9939],[27.4629,37.0007],[27.4449,37.0226],[27.4377,37.0277],[27.4233,37.0277],[27.4089,37.0175],[27.4017,37.0243],[27.4053,37.0277],[27.3981,37.0277],[27.3945,37.0175],[27.3837,36.9939],[27.3801,36.999],[27.3801,37.0007],[27.3801,37.0024],[27.3837,37.0074],[27.3801,37.0091],[27.3765,37.0108],[27.3765,37.0142],[27.3801,37.0175],[27.3801,37.0192],[27.3801,37.0209],[27.3765,37.0277],[27.3657,37.0226],[27.3405,37.0192],[27.3297,37.0142],[27.3297,37.0074],[27.3333,36.9973],[27.3261,36.9855],[27.3153,36.977],[27.3009,36.9736],[27.3045,36.9635],[27.3081,36.9601],[27.2973,36.9618],[27.2937,36.9618],[27.2865,36.9601],[27.2793,36.9669],[27.2649,36.9635],[27.2541,36.9787],[27.2469,37.0007],[27.2469,37.0175],[27.2397,37.0344],[27.2325,37.0479],[27.2289,37.0615],[27.2397,37.0834],[27.2469,37.0834],[27.2649,37.0885],[27.2829,37.0986],[27.2937,37.1104],[27.2865,37.1155],[27.2793,37.1172],[27.2685,37.1155],[27.2613,37.1104],[27.2577,37.1138],[27.2541,37.1172],[27.2541,37.1239],[27.2613,37.1172],[27.2721,37.129],[27.3045,37.1189],[27.3225,37.1239],[27.3225,37.1307],[27.3225,37.1391],[27.3261,37.1476],[27.3225,37.1594],[27.3333,37.156],[27.3405,37.1509],[27.3441,37.1425],[27.3441,37.1307],[27.3477,37.1307],[27.3549,37.1408],[27.3621,37.1493],[27.3693,37.1509],[27.3765,37.1442],[27.3801,37.1459],[27.3801,37.1476],[27.3801,37.1493],[27.3837,37.1526],[27.3837,37.1341],[27.3873,37.1307],[27.3945,37.1307],[27.4053,37.1307],[27.4125,37.1256],[27.4197,37.1206],[27.4269,37.1189],[27.4377,37.1239],[27.4377,37.1206],[27.4341,37.1206],[27.4341,37.1189],[27.4305,37.1172],[27.4449,37.0969],[27.4593,37.0902],[27.4737,37.0918],[27.5025,37.107],[27.5205,37.1155],[27.5313,37.1206],[27.5421,37.1256],[27.5637,37.1256],[27.5745,37.1307],[27.5745,37.1374],[27.5637,37.1357],[27.5601,37.1341],[27.5529,37.1307],[27.5457,37.1611],[27.5385,37.178],[27.5277,37.1847],[27.5277,37.1932],[27.5745,37.2016],[27.5889,37.1982],[27.5745,37.178],[27.5853,37.1813],[27.5961,37.1864],[27.6105,37.1999],[27.5925,37.205],[27.5889,37.2117],[27.5889,37.2303],[27.5925,37.2354],[27.6033,37.2421],[27.6105,37.2472],[27.6141,37.2539],[27.6141,37.2675],[27.6177,37.2742],[27.6033,37.281],[27.6033,37.2827],[27.5961,37.2843],[27.5925,37.281],[27.5925,37.2776],[27.5889,37.2742],[27.5637,37.2759],[27.5529,37.2725],[27.5493,37.2641],[27.5421,37.2506],[27.5313,37.2371],[27.5133,37.2286],[27.4989,37.2337],[27.5169,37.2455],[27.5205,37.259],[27.5097,37.2675],[27.4881,37.2675],[27.4845,37.2641],[27.4737,37.2556],[27.4629,37.2523],[27.4593,37.2573],[27.4629,37.2675],[27.4665,37.2776],[27.4881,37.2945],[27.4845,37.3029],[27.4917,37.313],[27.4917,37.3266],[27.4809,37.3434],[27.4737,37.3434],[27.4701,37.3164],[27.4449,37.3063],[27.4197,37.3097],[27.3981,37.3232],[27.3873,37.3451],[27.3981,37.3654],[27.4161,37.3823],[27.4377,37.3907],[27.4269,37.4059],[27.4089,37.4127],[27.4053,37.4127],[27.3873,37.4127],[27.3693,37.4059],[27.3621,37.3924],[27.3549,37.3789],[27.3477,37.3705],[27.3225,37.3705],[27.3225,37.3637],[27.3369,37.3553],[27.3297,37.3519],[27.2721,37.3485],[27.2577,37.3451],[27.2469,37.3367],[27.2397,37.3434],[27.2325,37.3485],[27.2253,37.3485],[27.2181,37.3434],[27.2181,37.3502],[27.2145,37.3536],[27.2109,37.357],[27.2037,37.3536],[27.2001,37.3519],[27.2001,37.3536],[27.1893,37.357],[27.2001,37.3671],[27.2073,37.3772],[27.2109,37.3873],[27.2037,37.3975],[27.2217,37.4042],[27.2253,37.4059],[27.2253,37.4127],[27.2181,37.4312],[27.2217,37.4768],[27.2037,37.4735],[27.2001,37.4785],[27.1929,37.4785],[27.1857,37.4735],[27.1785,37.4667],[27.1821,37.4836],[27.1893,37.4988],[27.1893,37.5123],[27.1857,37.5275],[27.1893,37.5343],[27.1857,37.5393],[27.1821,37.5444],[27.1857,37.5562],[27.2001,37.5478],[27.2109,37.563],[27.2109,37.5849],[27.2073,37.5967],[27.1929,37.6018],[27.1353,37.6305],[27.0489,37.6508],[27.0129,37.666],[27.0201,37.6862],[27.0381,37.6896],[27.1065,37.6862],[27.1281,37.6879],[27.2145,37.7132],[27.2253,37.7217],[27.2505,37.7436],[27.2577,37.7588],[27.2613,37.7825],[27.2613,37.8027],[27.2613,37.8162],[27.2541,37.8247],[27.2433,37.8331],[27.2361,37.845],[27.2397,37.8652],[27.2433,37.8686],[27.2541,37.877],[27.2613,37.8838],[27.2649,37.8939],[27.2649,37.9024],[27.2649,37.9091],[27.2613,37.9192],[27.2757,37.9294],[27.2649,37.9513],[27.2397,37.9885],[27.2145,37.9817],[27.1785,37.9817],[27.1425,37.9868],[27.1173,37.9935],[27.1101,38.0003],[27.1065,38.0071],[27.1029,38.0121],[27.0921,38.0155],[27.0849,38.0155],[27.0777,38.0172],[27.0705,38.0206],[27.0669,38.0256],[27.0633,38.0408],[27.0561,38.0459],[27.0273,38.0493],[26.9769,38.0645],[26.9481,38.0678],[26.9193,38.0628],[26.9013,38.056],[26.8941,38.056],[26.8869,38.0526],[26.8869,38.0459],[26.8833,38.0391],[26.8725,38.0358],[26.8653,38.0408],[26.8437,38.0763],[26.8473,38.0881],[26.8473,38.1033],[26.8401,38.1185],[26.8365,38.132],[26.8257,38.1455],[26.8041,38.1624],[26.7933,38.1725],[26.7753,38.1658],[26.7717,38.1776],[26.7753,38.2063],[26.7609,38.2164],[26.7429,38.2164],[26.7285,38.2097],[26.7069,38.2063],[26.6457,38.2063],[26.6349,38.2029],[26.6241,38.1388],[26.6169,38.1421],[26.6169,38.1455],[26.6097,38.1455],[26.6133,38.1303],[26.6133,38.1185],[26.6061,38.1084],[26.5953,38.1033],[26.5881,38.1084],[26.5773,38.132],[26.5665,38.1455],[26.5665,38.1236],[26.5557,38.1219],[26.5449,38.1303],[26.5233,38.1472],[26.5161,38.1556],[26.5161,38.1658],[26.5197,38.1793],[26.4909,38.1742],[26.4657,38.1911],[26.4405,38.2114],[26.4189,38.2198],[26.4225,38.2046],[26.4225,38.1996],[26.4189,38.1996],[26.4117,38.2063],[26.3901,38.2232],[26.3901,38.2333],[26.3937,38.2435],[26.3937,38.2519],[26.3901,38.262],[26.3829,38.262],[26.3757,38.235],[26.3541,38.2283],[26.3289,38.235],[26.2965,38.257],[26.2857,38.2603],[26.2353,38.2738],[26.2317,38.2806],[26.2389,38.2958],[26.2641,38.2874],[26.2749,38.3009],[26.2857,38.3194],[26.3073,38.3228],[26.3073,38.3313],[26.2893,38.3414],[26.2857,38.3583],[26.2929,38.3701],[26.3073,38.3583],[26.3109,38.3667],[26.3109,38.3718],[26.3145,38.3735],[26.3217,38.3769],[26.3253,38.365],[26.3253,38.3549],[26.3217,38.3448],[26.3145,38.3363],[26.3181,38.3329],[26.3253,38.3313],[26.3289,38.3313],[26.3397,38.3313],[26.3469,38.3296],[26.3469,38.3245],[26.3505,38.3194],[26.3577,38.3161],[26.3721,38.3161],[26.3865,38.3178],[26.3901,38.3245],[26.3829,38.3363],[26.3829,38.3431],[26.3973,38.3363],[26.4045,38.3346],[26.4189,38.3363],[26.4297,38.3414],[26.4549,38.3549],[26.4621,38.3583],[26.4765,38.3667],[26.4765,38.387],[26.4693,38.4072],[26.4513,38.4191],[26.4513,38.4258],[26.4765,38.4174],[26.4909,38.4056],[26.4981,38.4072],[26.5125,38.4326],[26.4981,38.4393],[26.4729,38.4579],[26.4549,38.463],[26.4405,38.4731],[26.4297,38.4731],[26.4225,38.4697],[26.4153,38.4562],[26.4081,38.4528],[26.3865,38.4545],[26.3865,38.4579],[26.3973,38.468],[26.4045,38.4883],[26.4009,38.5001],[26.3685,38.5356],[26.3757,38.5288],[26.3721,38.5406],[26.3613,38.571],[26.3577,38.5778],[26.3613,38.5829],[26.3469,38.6217],[26.3505,38.6352],[26.3505,38.6504],[26.3577,38.6622],[26.3649,38.6656],[26.3793,38.669],[26.4045,38.6774],[26.4153,38.6791],[26.4405,38.6774],[26.4657,38.6724],[26.4873,38.6639],[26.5053,38.6521],[26.5413,38.6234],[26.5557,38.6048],[26.5593,38.5896],[26.5845,38.5609],[26.6097,38.5356],[26.6169,38.5288],[26.6241,38.5254],[26.6313,38.5187],[26.6349,38.5086],[26.6385,38.4967],[26.6385,38.4866],[26.6385,38.4782],[26.6421,38.468],[26.6385,38.463],[26.6349,38.4613],[26.6277,38.4613],[26.6205,38.4663],[26.6097,38.468],[26.5989,38.4663],[26.5881,38.4613],[26.6061,38.4545],[26.6061,38.4444],[26.5953,38.4326],[26.5881,38.4191],[26.6133,38.4157],[26.6205,38.4056],[26.6277,38.3904],[26.6385,38.3752],[26.6565,38.3296],[26.6745,38.3076],[26.6961,38.3127],[26.6997,38.3262],[26.6925,38.3346],[26.6781,38.3431],[26.6709,38.3853],[26.6745,38.4022],[26.6889,38.4191],[26.7033,38.4309],[26.7177,38.4258],[26.7177,38.4326],[26.7249,38.4326],[26.7357,38.4224],[26.7465,38.4039],[26.7681,38.3633],[26.7717,38.3667],[26.7825,38.3701],[26.7861,38.3718],[26.7969,38.3583],[26.8113,38.36],[26.8293,38.3667],[26.8473,38.3718],[26.9229,38.3769],[26.9733,38.3954],[26.9913,38.3988],[26.9949,38.4005],[27.0093,38.4089],[27.0129,38.4123],[27.0237,38.4123],[27.0345,38.4089],[27.0417,38.4072],[27.0561,38.4123],[27.0561,38.4089],[27.0597,38.4123],[27.0885,38.4022],[27.1101,38.414],[27.1353,38.4343],[27.1641,38.4461],[27.1641,38.4528],[27.1533,38.4596],[27.1497,38.4579],[27.1425,38.4528],[27.1353,38.4613],[27.1173,38.4545],[27.0849,38.4562],[27.0741,38.4528],[27.0489,38.463],[27.0237,38.463],[26.9589,38.4427],[26.9373,38.4343],[26.9337,38.4343],[26.9445,38.4461],[26.9265,38.4562],[26.8977,38.4951],[26.8833,38.5018],[26.8581,38.5069],[26.8509,38.5119],[26.8257,38.5254],[26.8149,38.5423],[26.8293,38.5305],[26.8473,38.5204],[26.8725,38.5069],[26.8905,38.5086],[26.8905,38.5153],[26.8761,38.5271],[26.8653,38.5356],[26.8509,38.5423],[26.8365,38.5491],[26.8401,38.5609],[26.8437,38.5862],[26.8473,38.5981],[26.8329,38.6082],[26.8257,38.6048],[26.8149,38.5981],[26.7933,38.5981],[26.7969,38.6082],[26.8005,38.6116],[26.7789,38.6183],[26.7681,38.6183],[26.7537,38.6183],[26.7537,38.6234],[26.7573,38.6335],[26.7609,38.6386],[26.7465,38.6386],[26.7357,38.642],[26.7177,38.6521],[26.7249,38.6588],[26.7321,38.6639],[26.7429,38.6656],[26.7537,38.6656],[26.7321,38.6892],[26.7249,38.7027],[26.7177,38.7213],[26.7393,38.7315],[26.7897,38.7399],[26.8185,38.7551],[26.8221,38.7534],[26.8293,38.75],[26.8293,38.7483],[26.8293,38.7467],[26.8401,38.7467],[26.8509,38.745],[26.8761,38.7382],[26.8869,38.7348],[26.9049,38.7348],[26.8977,38.7483],[26.9085,38.7534],[26.9157,38.7602],[26.9229,38.7618],[26.9301,38.7551],[26.9337,38.7635],[26.9337,38.7703],[26.9337,38.7787],[26.9301,38.7889],[26.9229,38.7821],[26.9049,38.8091],[26.8977,38.8159],[26.9373,38.8294],[26.9445,38.8091],[26.9625,38.8058],[26.9697,38.8193],[26.9589,38.8446],[26.9769,38.848],[26.9913,38.8547],[27.0057,38.8632],[27.0129,38.8716],[27.0345,38.8598],[27.0561,38.8716],[27.0633,38.8868],[27.0417,38.8919],[27.0597,38.9189],[27.0561,38.929],[27.0417,38.9408],[27.0237,38.9273],[27.0129,38.9223],[27.0021,38.9206],[26.9841,38.9189],[26.9769,38.9223],[26.9661,38.9375],[26.9625,38.9408],[26.9517,38.9375],[26.9409,38.9324],[26.9337,38.9307],[26.9229,38.9408],[26.9121,38.9324],[26.8797,38.9155],[26.8653,38.9138],[26.8545,38.9172],[26.8401,38.9358],[26.8257,38.9408],[26.8077,38.951],[26.7969,38.9729],[26.8005,38.9982],[26.8149,39.0151],[26.8149,39.0219],[26.8113,39.0219],[26.7933,39.0219],[26.8077,39.0337],[26.8293,39.0472],[26.8545,39.059],[26.8725,39.0624],[26.8833,39.0709],[26.8761,39.0911],[26.8509,39.1215],[26.8221,39.1485],[26.8113,39.157],[26.7789,39.1705],[26.7717,39.1739],[26.7501,39.184],[26.7393,39.1975],[26.7393,39.2076],[26.7321,39.2279],[26.7249,39.2482],[26.7177,39.2634],[26.6997,39.2684],[26.6529,39.2667],[26.6277,39.2684],[26.6097,39.2752],[26.6205,39.2836],[26.6241,39.3039],[26.6313,39.314],[26.6457,39.3174],[26.6565,39.314],[26.6529,39.3073],[26.6349,39.3039],[26.6349,39.2971],[26.6457,39.2971],[26.6565,39.2938],[26.6637,39.2887],[26.6709,39.2819],[26.6637,39.2988],[26.6709,39.3056],[26.6817,39.3106],[26.6925,39.3157],[26.7105,39.3377],[26.8149,39.4001],[26.8041,39.4052],[26.8005,39.4069],[26.8005,39.412],[26.8041,39.4187],[26.8041,39.4255],[26.8005,39.4339],[26.8365,39.4356],[26.8509,39.439],[26.8617,39.4474],[26.8509,39.4626],[26.8689,39.4711],[26.9265,39.4862],[26.9301,39.4879],[26.9301,39.4913],[26.9301,39.5014],[26.9445,39.5403],[26.9445,39.5605],[26.9373,39.5741],[26.9229,39.5825],[26.8941,39.5842],[26.8689,39.5774],[26.8509,39.5639],[26.8329,39.5572],[26.8077,39.5707],[26.6673,39.5504],[26.4585,39.5217],[26.4333,39.5133],[26.4225,39.5048],[26.4153,39.5048],[26.3685,39.4862],[26.3613,39.4812],[26.3505,39.4812],[26.2965,39.4879],[26.2857,39.4879],[26.2749,39.4829],[26.2641,39.4812],[26.2533,39.4727],[26.2533,39.4711],[26.2497,39.466],[26.2425,39.4677],[26.2317,39.4744],[26.1525,39.4592],[26.1129,39.4592],[26.0733,39.4744],[26.0697,39.4964],[26.0949,39.5487],[26.1093,39.5977],[26.1489,39.6264],[26.1561,39.65],[26.1633,39.7041],[26.1597,39.7142],[26.1417,39.7429],[26.1381,39.7564],[26.1381,39.7649],[26.1417,39.7682],[26.1453,39.7699],[26.1489,39.7767],[26.1489,39.8003],[26.1561,39.8257],[26.1525,39.8358],[26.1381,39.8375],[26.1417,39.8493],[26.1561,39.8983],[26.1561,39.905],[26.1489,39.9253],[26.1489,39.9337],[26.1525,39.9422],[26.1633,39.9557],[26.1633,39.9641],[26.1669,39.9742],[26.1885,40.0013],[26.1993,40.008],[26.2497,39.9945],[26.2677,40.003],[26.3001,40.0148],[26.3109,40.0198],[26.3541,40.0519],[26.3613,40.0637],[26.3649,40.0722],[26.3649,40.084],[26.3685,40.0908],[26.3721,40.0941],[26.3685,40.0992],[26.3685,40.1026],[26.3721,40.1043],[26.3829,40.1043],[26.3901,40.106],[26.3937,40.1076],[26.4009,40.1212],[26.4045,40.1397],[26.4045,40.1583],[26.3973,40.1735],[26.4045,40.187],[26.4081,40.1938],[26.4153,40.1955],[26.4261,40.1938],[26.4405,40.1971],[26.4693,40.2056],[26.5017,40.2123],[26.5197,40.2258],[26.5629,40.2697],[26.5737,40.2748],[26.5809,40.2765],[26.5953,40.2833],[26.6061,40.29],[26.7141,40.3913],[26.7357,40.4031],[26.7753,40.4048],[26.8617,40.3998],[26.8977,40.4065],[26.9085,40.4031],[26.9337,40.393],[26.9913,40.3879],[27.0129,40.393],[27.0417,40.4099],[27.0669,40.4335],[27.0957,40.4521],[27.1425,40.4538],[27.1785,40.4487],[27.2145,40.447],[27.2361,40.4521],[27.2721,40.4673],[27.2865,40.469],[27.3045,40.4589],[27.3153,40.4437],[27.3297,40.4133],[27.3153,40.4065],[27.3081,40.4065],[27.3045,40.4099],[27.3045,40.4116],[27.3009,40.4082],[27.2937,40.4065],[27.3369,40.3711],[27.3945,40.3424],[27.4521,40.3221],[27.5241,40.3086],[27.5529,40.3086],[27.5637,40.3103],[27.5961,40.3288],[27.6141,40.3305],[27.6393,40.3255],[27.6645,40.317],[27.6897,40.3137],[27.7113,40.3238],[27.7329,40.317],[27.7617,40.3153],[27.7905,40.3204],[27.8121,40.3474],[27.8661,40.3694],[27.8841,40.3863],[27.8661,40.3863],[27.8157,40.3998],[27.8013,40.393],[27.7905,40.393],[27.7869,40.4031],[27.7869,40.4133],[27.7797,40.415],[27.7725,40.4167],[27.7689,40.42],[27.7617,40.4285],[27.7581,40.4319],[27.7545,40.4386],[27.7545,40.4504],[27.7509,40.4572],[27.7437,40.4589],[27.7329,40.4589],[27.7257,40.4606],[27.6933,40.4859],[27.6825,40.496],[27.6825,40.5028],[27.6969,40.5061],[27.7077,40.5112],[27.7221,40.5264],[27.7329,40.5298],[27.7437,40.5264],[27.7509,40.5247],[27.7617,40.5365],[27.7797,40.518],[27.7797,40.5146],[27.7905,40.5146],[27.7905,40.5163],[27.7941,40.5213],[27.8049,40.523],[27.9705,40.5028],[28.0137,40.491],[28.0353,40.4741],[28.0173,40.4504],[27.9309,40.4167],[27.9057,40.3998],[27.9093,40.3744],[27.9453,40.366],[28.0281,40.3728],[28.1109,40.3964],[28.3485,40.4048],[28.3989,40.3981],[28.4853,40.3998],[28.4745,40.3981],[28.4673,40.3947],[28.4601,40.3879],[28.4601,40.3795],[28.4997,40.3913],[28.5465,40.3913],[28.5933,40.3812],[28.6365,40.366],[28.6437,40.3711],[28.6473,40.3694],[28.6509,40.366],[28.6581,40.366],[28.6653,40.3677],[28.6761,40.3761],[28.6869,40.3795],[28.7409,40.3863],[28.7589,40.3964],[28.7733,40.4031],[28.7913,40.3998],[28.8237,40.393],[28.8561,40.3913],[28.8849,40.3863],[28.8993,40.3812],[28.9209,40.3694],[28.9389,40.366],[28.9569,40.3626],[29.0325,40.3643],[29.0505,40.3677],[29.0649,40.3761],[29.0757,40.3879],[29.0829,40.415],[29.0901,40.4268],[29.1045,40.4234],[29.1189,40.4234],[29.1369,40.4285],[29.1513,40.4335],[29.1333,40.4504],[29.1117,40.4656],[29.0865,40.4774],[29.0649,40.4825],[29.0109,40.4825],[29.0037,40.4791],[28.9821,40.4639],[28.9713,40.4606],[28.9173,40.4707],[28.8273,40.5129],[28.7733,40.523],[28.7913,40.5534],[28.8273,40.5703],[28.8993,40.5923],[28.9281,40.6058],[28.9713,40.6395],[28.9857,40.6446],[29.2809,40.6666],[29.3241,40.6767],[29.3637,40.6936],[29.3853,40.7071],[29.3925,40.7071],[29.3997,40.702],[29.4069,40.6936],[29.4177,40.6868],[29.4285,40.6902],[29.4393,40.6953],[29.4501,40.6986],[29.4609,40.7037],[29.4645,40.7122],[29.4717,40.7189],[29.4789,40.724],[29.4897,40.7274],[29.5005,40.729],[29.5113,40.7274],[29.5293,40.7223],[29.5437,40.7105],[29.5473,40.6902],[29.5617,40.6919],[29.7525,40.724],[29.8677,40.729],[29.9037,40.7155],[29.9253,40.7172],[29.9397,40.7358],[29.9289,40.7577],[29.8893,40.7628],[29.8101,40.7561],[29.8029,40.7544],[29.7957,40.751],[29.7849,40.7493],[29.7741,40.7493],[29.7633,40.7527],[29.7453,40.7662],[29.7381,40.7696],[29.7201,40.7713],[29.6877,40.7814],[29.6661,40.7831],[29.4285,40.7763],[29.4105,40.7713],[29.3961,40.7628],[29.3781,40.7561],[29.3565,40.7628],[29.3493,40.7713],[29.3457,40.7797],[29.3385,40.7881],[29.3277,40.7898],[29.3313,40.7932],[29.3349,40.7949],[29.3385,40.7966],[29.3421,40.7983],[29.3385,40.8084],[29.3349,40.8152],[29.3241,40.8202],[29.3169,40.8253],[29.3097,40.8185],[29.3025,40.8253],[29.2917,40.8185],[29.2809,40.8152],[29.2557,40.8101],[29.2557,40.8168],[29.2629,40.8185],[29.2701,40.8219],[29.2737,40.8287],[29.2737,40.8388],[29.2845,40.8337],[29.2881,40.832],[29.2881,40.8354],[29.2881,40.8371],[29.2917,40.8388],[29.2953,40.8388],[29.2845,40.8523],[29.2629,40.8692],[29.2521,40.8759],[29.2413,40.8827],[29.2197,40.8793],[29.2017,40.8945],[29.1441,40.9148],[29.1225,40.9266],[29.1045,40.9469],[29.0829,40.9604],[29.0289,40.9823],[29.0325,40.984],[29.0325,40.9857],[29.0361,40.9891],[29.0217,40.9941],[29.0181,41.0043],[29.0145,41.0178],[29.0073,41.0313],[29.0253,41.0381],[29.0469,41.0549],[29.0613,41.0769],[29.0757,41.114],[29.0865,41.1292],[29.0901,41.1411],[29.0685,41.1529],[29.0937,41.1799],[29.1297,41.212],[29.1693,41.2339],[29.2017,41.2289],[29.2053,41.2289],[29.2161,41.239],[29.2305,41.2407],[29.4213,41.2137],[29.6193,41.1782],[29.8857,41.1495],[30.1377,41.1444],[30.1665,41.1461],[30.1809,41.1512],[30.2025,41.1647],[30.2169,41.1664],[30.2277,41.1731],[30.2349,41.185],[30.2421,41.1917],[30.2493,41.1883],[30.2601,41.1951],[30.2709,41.212],[30.2817,41.2154],[30.2961,41.2069],[30.3357,41.2002],[30.3717,41.1816],[30.6993,41.1208],[30.7317,41.0988],[30.7497,41.0921],[30.8325,41.0803],[31.0917,41.0853],[31.1169,41.0955],[31.1241,41.0988],[31.1385,41.0972],[31.1601,41.0938],[31.1709,41.0921],[31.2105,41.0988],[31.2177,41.0972],[31.2249,41.0938],[31.2321,41.0921],[31.2393,41.0938],[31.2393,41.0972],[31.2429,41.1022],[31.2501,41.1056],[31.2897,41.1174],[31.3221,41.1343],[31.3797,41.1748],[31.3941,41.1883],[31.4013,41.2018],[31.4049,41.2187],[31.4049,41.239],[31.4085,41.2491],[31.4157,41.2677],[31.4193,41.2795],[31.4157,41.2863],[31.3977,41.2947],[31.3941,41.3032],[31.4049,41.3167],[31.4265,41.3234],[31.4697,41.3251],[31.4769,41.3285],[31.4913,41.3471],[31.4985,41.3521],[31.5093,41.3538],[31.6605,41.3977],[31.8729,41.5041],[31.9917,41.5497],[32.0313,41.5716],[32.0385,41.575],[32.1357,41.5987],[32.1609,41.6122],[32.1789,41.6375],[32.2437,41.6932],[32.2473,41.6983],[32.2617,41.7202],[32.2977,41.727],[32.3517,41.7287],[32.3553,41.7354],[32.3625,41.7371],[32.3733,41.7422],[32.3733,41.7489],[32.3769,41.754],[32.3841,41.7557],[32.3877,41.754],[32.3949,41.7439],[32.3985,41.7422],[32.4165,41.7489],[32.4381,41.7675],[32.4525,41.7776],[32.5245,41.8047],[32.5353,41.8114],[32.5497,41.8165],[32.5641,41.8165],[32.5785,41.8114],[32.5893,41.8266],[32.6109,41.8401],[32.6397,41.8435],[32.6613,41.8351],[32.6793,41.8367],[32.7405,41.8536],[32.7549,41.8587],[32.7693,41.8587],[32.7981,41.8604],[32.8269,41.8655],[32.8449,41.8722],[32.8557,41.8688],[32.9277,41.8823],[32.9601,41.8942],[33.0069,41.9178],[33.1653,41.9566],[33.3237,42.0191],[33.3597,42.0208],[33.4353,42.0107],[33.5397,42.0107],[33.5649,42.0073],[33.6117,41.9938],[33.8277,41.9769],[33.8457,41.982],[33.8745,41.9752],[34.0041,41.982],[34.3317,41.9482],[34.4469,41.9735],[34.4829,41.9752],[34.4973,41.9718],[34.5261,41.96],[34.5621,41.9516],[34.6953,41.9465],[34.7457,41.9499],[34.7997,41.9617],[34.8141,41.9685],[34.8537,41.9921],[34.8897,42.0073],[34.9185,42.036],[34.9401,42.0698],[34.9473,42.0985],[34.9617,42.0951],[34.9905,42.0917],[35.005,42.085],[35.005,42.0917],[35.0086,42.0934],[35.0158,42.0917],[35.023,42.0917],[35.0302,42.0799],[35.041,42.0715],[35.0482,42.0647],[35.0446,42.058],[35.0446,42.0512],[35.0806,42.0292],[35.1058,42.0225],[35.1346,42.0242],[35.1454,42.0292],[35.1598,42.0411],[35.1706,42.0444],[35.185,42.0428],[35.1958,42.0377],[35.2174,42.0242],[35.2174,42.0174],[35.1634,42.0225],[35.1382,42.0191],[35.1166,42.0073],[35.1058,41.9921],[35.0986,41.9701],[35.0914,41.9465],[35.0914,41.9279],[35.0986,41.9127],[35.1274,41.8756],[35.1562,41.8452],[35.2102,41.8114],[35.2102,41.8047],[35.1958,41.8047],[35.203,41.7912],[35.2102,41.776],[35.2246,41.7625],[35.2534,41.7506],[35.2822,41.7236],[35.2966,41.7152],[35.3578,41.6966],[35.401,41.6915],[35.419,41.6831],[35.4478,41.6611],[35.4874,41.6442],[35.5306,41.6341],[35.5774,41.6291],[35.6206,41.6324],[35.6422,41.6392],[35.6782,41.6578],[35.7394,41.6645],[35.8474,41.6983],[35.869,41.7017],[35.8942,41.7067],[35.9338,41.7321],[35.9554,41.7354],[35.9554,41.7287],[35.9518,41.7236],[35.9482,41.7169],[35.9374,41.7118],[35.9302,41.7084],[35.9302,41.6932],[35.9122,41.6628],[35.9158,41.6459],[35.923,41.6459],[35.9266,41.6696],[35.9338,41.6915],[35.9482,41.7101],[35.9626,41.7219],[35.9734,41.7287],[35.977,41.7304],[36.0382,41.6882],[36.0382,41.7017],[36.0454,41.7017],[36.121,41.6274],[36.1354,41.5987],[36.1354,41.5581],[36.1318,41.548],[36.121,41.5311],[36.121,41.5277],[36.121,41.494],[36.1246,41.4788],[36.1354,41.4619],[36.1786,41.4197],[36.2038,41.4062],[36.2362,41.3589],[36.2542,41.3487],[36.3046,41.3285],[36.3334,41.3234],[36.337,41.3184],[36.3406,41.3116],[36.3406,41.2998],[36.3442,41.288],[36.3514,41.2829],[36.3622,41.2812],[36.373,41.2778],[36.3802,41.2728],[36.391,41.2609],[36.3946,41.2559],[36.4054,41.2542],[36.4234,41.2525],[36.4342,41.2457],[36.4522,41.2407],[36.4774,41.2457],[36.517,41.2626],[36.571,41.2981],[36.5782,41.3065],[36.5818,41.3167],[36.5962,41.3352],[36.5998,41.342],[36.6034,41.3437],[36.607,41.3656],[36.6214,41.3758],[36.6322,41.3741],[36.6502,41.369],[36.6718,41.3656],[36.7582,41.3656],[36.8374,41.3504],[36.985,41.2947],[37.0138,41.2745],[37.0318,41.2424],[37.0354,41.1985],[37.039,41.1816],[37.057,41.1748],[37.0786,41.1714],[37.1146,41.1529],[37.1362,41.1461],[37.2622,41.1478],[37.2982,41.1411],[37.3234,41.1242],[37.3342,41.1191],[37.3558,41.114],[37.3774,41.1123],[37.3954,41.109],[37.4206,41.087],[37.435,41.0769],[37.4782,41.0684],[37.4818,41.0617],[37.5034,41.0431],[37.525,41.0364],[37.5646,41.0397],[37.579,41.0364],[37.5862,41.0414],[37.6006,41.0465],[37.6078,41.0499],[37.615,41.0583],[37.6294,41.0853],[37.6402,41.1022],[37.6546,41.1174],[37.6726,41.1309],[37.6906,41.1411],[37.6978,41.1242],[37.7158,41.114],[37.7338,41.114],[37.7518,41.1259],[37.759,41.1191],[37.7842,41.1225],[37.7842,41.06],[37.8022,41.0431],[37.8526,41.0229],[37.867,41.0161],[37.8778,41.006],[37.8958,40.9823],[37.9354,40.9958],[37.9822,40.9908],[38.101,40.9604],[38.1622,40.9519],[38.2018,40.9418],[38.2234,40.9418],[38.2666,40.9502],[38.2882,40.9469],[38.3314,40.9182],[38.353,40.9182],[38.389,40.9266],[38.425,40.9182],[38.4538,40.9165],[38.4646,40.9232],[38.5402,40.9266],[38.5546,40.935],[38.5906,40.9621],[38.605,40.9688],[38.6374,40.9756],[38.6482,40.9756],[38.6554,40.9705],[38.6698,40.9553],[38.677,40.9486],[38.6878,40.9519],[38.7058,40.9536],[38.7166,40.9553],[38.7238,40.9587],[38.7346,40.9654],[38.7418,40.9722],[38.7562,40.9756],[38.7742,40.9941],[38.7778,40.9992],[38.785,41.0026],[38.8066,41.0077],[38.875,41.0195],[38.893,41.0279],[38.9074,41.0381],[38.929,41.0431],[39.0406,41.0431],[39.1234,41.0566],[39.1306,41.0617],[39.1558,41.0769],[39.1666,41.0803],[39.2026,41.0769],[39.2206,41.0735],[39.2494,41.0532],[39.2746,41.0499],[39.289,41.0549],[39.3178,41.0684],[39.3358,41.0701],[39.3502,41.0735],[39.4042,41.0988],[39.4078,41.1022],[39.4114,41.1073],[39.4186,41.1107],[39.4294,41.1123],[39.4942,41.1005],[39.5086,41.0904],[39.5338,41.0651],[39.5914,41.0245],[39.631,41.0077],[39.6706,41.0026],[39.6886,41.0077],[39.7102,41.0144],[39.7282,41.0178],[39.757,41.0026],[39.7678,41.0009],[39.7894,41.0026],[39.8002,41.0009],[39.8578,40.9638],[39.8758,40.957],[39.8974,40.9553],[39.9118,40.9638],[39.9766,40.9806],[39.9982,40.9823],[40.0558,40.9418],[40.0846,40.9266],[40.1242,40.9199],[40.1422,40.9232],[40.171,40.9317],[40.1962,40.9367],[40.2322,40.9469],[40.2538,40.9587],[40.3006,40.9688],[40.4662,41.0499],[40.4986,41.0381],[40.5274,41.0364],[40.5562,41.0431],[40.5886,41.0566],[40.6246,41.082],[40.639,41.0853],[40.6714,41.0887],[40.6858,41.0921],[40.6966,41.0988],[40.7578,41.1579],[40.8262,41.1985],[40.8406,41.2018],[40.855,41.1985],[40.8982,41.1883],[40.9234,41.19],[40.9594,41.2103],[40.9774,41.2154],[40.9954,41.217],[41.0206,41.2238],[41.0422,41.2322],[41.0602,41.2424],[41.0998,41.2745],[41.1214,41.2863],[41.1466,41.2896],[41.1718,41.2913],[41.1898,41.2964],[41.2834,41.3538],[41.3086,41.3606],[41.3302,41.369],[41.341,41.3724],[41.377,41.3758],[41.3914,41.3791],[41.4094,41.391],[41.4238,41.4078],[41.4346,41.4298],[41.4382,41.4518],[41.449,41.4568],[41.5066,41.4957],[41.521,41.5142],[41.5858,41.602],[41.6146,41.6324],[41.6758,41.6628],[41.6938,41.6915],[41.7406,41.7506],[41.7406,41.7625],[41.7442,41.7709],[41.7442,41.7793],[41.7514,41.7878],[41.7658,41.8047],[41.773,41.8131],[41.773,41.8216],[41.773,41.9026],[41.773,41.9077],[41.7622,41.9701],[41.7586,41.9921],[41.755,42.0056],[41.7154,42.0596],[41.6866,42.0985],[41.6758,42.1052],[41.665,42.1137],[41.6578,42.1322],[41.6578,42.1677],[41.6506,42.2116],[41.5966,42.3501],[41.593,42.3551],[41.5858,42.3636],[41.557,42.3822],[41.5534,42.3906],[41.5498,42.4058],[41.4994,42.6405],[41.4814,42.681],[41.4562,42.7131],[41.4238,42.7401],[41.3842,42.757],[41.3086,42.7672],[41.2906,42.7739],[41.2762,42.7857],[41.251,42.7959],[41.2258,42.8026],[41.2042,42.8043],[41.1934,42.8026],[41.1718,42.7925],[41.161,42.7908],[41.1502,42.7959],[41.1034,42.8465],[41.0818,42.9073],[41.0386,42.9613],[41.0242,42.99],[40.999,42.99],[40.9594,42.9765],[40.9342,42.9833],[40.9054,43.0171],[40.8874,43.0238],[40.8874,43.0289],[40.8622,43.0593],[40.855,43.0627],[40.783,43.0846],[40.6822,43.0947],[40.6354,43.093],[40.603,43.0863],[40.5922,43.0863],[40.5814,43.088],[40.5598,43.1032],[40.549,43.1066],[40.5454,43.1082],[40.5274,43.1218],[40.5202,43.1268],[40.5094,43.1302],[40.477,43.1336],[40.3978,43.1623],[40.3618,43.1657],[40.3366,43.1403],[40.3258,43.1488],[40.3114,43.1758],[40.3006,43.1893],[40.279,43.2062],[40.2682,43.2163],[40.2718,43.2484],[40.2574,43.2771],[40.2358,43.3041],[40.2178,43.3193],[40.189,43.3294],[40.135,43.3413],[40.1026,43.3649],[40.0882,43.37],[40.0414,43.375],[40.009,43.3852],[39.9874,43.3886],[39.9838,43.3886],[39.9622,43.3919],[39.9334,43.4071],[39.9118,43.4257],[39.8974,43.4493],[39.883,43.4764],[39.8686,43.4949],[39.847,43.5101],[39.757,43.5456],[39.7354,43.5608],[39.7174,43.5675],[39.7138,43.5726],[39.7066,43.5827],[39.6994,43.6047],[39.6922,43.6131],[39.6742,43.6233],[39.6346,43.6351],[39.6202,43.6452],[39.5734,43.6891],[39.4582,43.7702],[39.3898,43.8462],[39.3286,43.8968],[39.1162,44.0235],[39.0874,44.0454],[39.0622,44.0758],[39.0442,44.0876],[39.0226,44.0927],[39.0118,44.1011],[38.9902,44.1349],[38.9794,44.1484],[38.9614,44.1569],[38.9362,44.1636],[38.893,44.1687],[38.875,44.1737],[38.857,44.1839],[38.7742,44.2615],[38.7598,44.2734],[38.7382,44.2818],[38.6986,44.2919],[38.5942,44.3325],[38.3098,44.3662],[38.299,44.3781],[38.2882,44.3848],[38.2162,44.3865],[38.1766,44.4068],[38.1514,44.4372],[38.1334,44.4692],[38.1082,44.4963],[38.0722,44.5165],[38.0614,44.525],[38.0578,44.5587],[38.0434,44.5604],[38.011,44.552],[38.0002,44.5554],[37.9858,44.5638],[37.9462,44.5976],[37.9282,44.606],[37.921,44.6145],[37.9246,44.6178],[37.9318,44.6212],[37.9354,44.628],[37.9354,44.6347],[37.9318,44.6381],[37.8742,44.6888],[37.8634,44.6972],[37.8454,44.7006],[37.7986,44.7225],[37.777,44.7293],[37.7914,44.7056],[37.8094,44.6871],[37.8238,44.6685],[37.8202,44.6482],[37.7986,44.6347],[37.7698,44.633],[37.7374,44.6364],[37.7086,44.6415],[37.6582,44.6617],[37.633,44.6685],[37.6006,44.6685],[37.5826,44.6567],[37.5754,44.655],[37.5682,44.6567],[37.5358,44.6651],[37.5214,44.6719],[37.5106,44.6752],[37.4998,44.6685],[37.4782,44.6769],[37.4638,44.6904],[37.453,44.704],[37.435,44.7175],[37.3846,44.736],[37.3702,44.7479],[37.3522,44.7782],[37.3162,44.8458],[37.291,44.8677],[37.291,44.8745],[37.3126,44.8914],[37.3054,44.91],[37.2874,44.9285],[37.1902,44.991],[37.165,44.9978],[37.1506,44.9995],[37.1362,45.0045],[37.1218,45.0096],[37.1074,45.0197],[37.0678,45.0298],[37.0354,45.0484],[36.949,45.0653],[36.841,45.1092],[36.7978,45.1143],[36.7798,45.1126],[36.7402,45.1025],[36.7186,45.1008],[36.7006,45.1041],[36.643,45.1278],[36.5926,45.1649],[36.5854,45.1717],[36.5818,45.1801],[36.5782,45.1869],[36.5782,45.1936],[36.5854,45.2021],[36.5962,45.2055],[36.7078,45.2021],[36.7294,45.2055],[36.7654,45.224],[36.787,45.2308],[36.7978,45.2325],[36.8302,45.2308],[36.841,45.2325],[36.8554,45.2426],[36.877,45.246],[36.9346,45.2679],[36.9526,45.2764],[36.9634,45.2831],[36.967,45.2916],[36.9706,45.3034],[36.967,45.3118],[36.9562,45.3186],[36.949,45.3203],[36.9418,45.3169],[36.7906,45.2916],[36.7798,45.3],[36.7654,45.3203],[36.7582,45.3405],[36.7582,45.3541],[36.7762,45.3642],[36.787,45.349],[36.7942,45.3253],[36.8014,45.3135],[36.8122,45.3169],[36.8122,45.3253],[36.8086,45.3372],[36.8122,45.3473],[36.8194,45.3524],[36.8302,45.3574],[36.8482,45.3608],[36.8482,45.3676],[36.8158,45.3676],[36.805,45.3709],[36.7834,45.3878],[36.769,45.3878],[36.7582,45.3844],[36.7474,45.3811],[36.7294,45.3709],[36.6898,45.3321],[36.6682,45.327],[36.6682,45.3405],[36.6826,45.3659],[36.7042,45.3912],[36.8338,45.4435],[36.8482,45.4334],[36.8626,45.4317],[36.877,45.4317],[36.895,45.43],[37.0678,45.3541],[37.1074,45.3422],[37.1326,45.3405],[37.1398,45.3355],[37.1326,45.3253],[37.1182,45.3152],[37.1146,45.3135],[37.111,45.3034],[37.1074,45.2764],[37.1074,45.2713],[37.0966,45.2679],[37.0714,45.2662],[37.0642,45.2612],[37.0678,45.2511],[37.0714,45.2426],[37.0786,45.2392],[37.0894,45.2375],[37.111,45.2392],[37.1686,45.2511],[37.2154,45.2511],[37.237,45.2561],[37.2442,45.2679],[37.255,45.2764],[37.3198,45.2713],[37.3018,45.2865],[37.273,45.295],[37.2154,45.3],[37.1866,45.2983],[37.1722,45.3],[37.1614,45.3068],[37.1542,45.3203],[37.1578,45.3253],[37.3486,45.327],[37.3702,45.322],[37.381,45.3068],[37.3954,45.3169],[37.4314,45.322],[37.4458,45.3304],[37.4602,45.3405],[37.5034,45.3608],[37.5178,45.3693],[37.5178,45.3608],[37.5034,45.3338],[37.5142,45.3372],[37.5358,45.3456],[37.543,45.3473],[37.5538,45.3456],[37.5754,45.3422],[37.5826,45.3405],[37.5934,45.3389],[37.6006,45.3321],[37.6078,45.322],[37.6078,45.3135],[37.6006,45.3068],[37.5898,45.3034],[37.5682,45.3],[37.5898,45.2899],[37.6078,45.2966],[37.6222,45.3135],[37.6366,45.3338],[37.6366,45.3287],[37.6438,45.322],[37.6474,45.3152],[37.651,45.3135],[37.6618,45.3118],[37.6654,45.3118],[37.6726,45.3085],[37.7086,45.3],[37.7194,45.3],[37.7302,45.3017],[37.7374,45.3068],[37.7374,45.3102],[37.7302,45.3152],[37.7158,45.3287],[37.7086,45.3338],[37.705,45.3372],[37.7014,45.3372],[37.7014,45.3389],[37.7014,45.3473],[37.705,45.3507],[37.7158,45.3541],[37.7158,45.3574],[37.7194,45.3574],[37.7374,45.3743],[37.741,45.3828],[37.7446,45.3895],[37.7482,45.3946],[37.759,45.3946],[37.759,45.4013],[37.7482,45.3996],[37.7302,45.3912],[37.7158,45.3895],[37.723,45.4148],[37.7158,45.4267],[37.7086,45.4368],[37.7014,45.4571],[37.7158,45.4537],[37.7338,45.4469],[37.7446,45.4435],[37.7446,45.4503],[37.7266,45.4571],[37.7014,45.479],[37.687,45.4841],[37.687,45.4942],[37.7014,45.5432],[37.7014,45.5634],[37.6942,45.5685],[37.6798,45.5736],[37.669,45.5786],[37.6582,45.5803],[37.651,45.5854],[37.6438,45.604],[37.6366,45.6073],[37.6222,45.6006],[37.6222,45.5854],[37.6366,45.5702],[37.6618,45.5668],[37.6618,45.5584],[37.6438,45.5533],[37.6366,45.5533],[37.6366,45.5449],[37.6402,45.5415],[37.6438,45.5347],[37.6474,45.5263],[37.6474,45.5178],[37.651,45.5178],[37.651,45.5162],[37.6546,45.5128],[37.6546,45.5077],[37.6546,45.5043],[37.6474,45.5043],[37.6438,45.5043],[37.6402,45.5043],[37.6402,45.4554],[37.6294,45.4284],[37.6186,45.4182],[37.6078,45.4165],[37.5934,45.4233],[37.5862,45.4317],[37.5862,45.4435],[37.5934,45.4773],[37.5934,45.5094],[37.5862,45.5685],[37.5862,45.6006],[37.5934,45.636],[37.6006,45.6529],[37.6078,45.6631],[37.6258,45.6681],[37.633,45.6614],[37.6294,45.6496],[37.615,45.6428],[37.6402,45.636],[37.651,45.6242],[37.6726,45.609],[37.6798,45.6107],[37.6834,45.6276],[37.6978,45.6242],[37.7014,45.6225],[37.7014,45.6344],[37.6942,45.6394],[37.6834,45.6411],[37.6762,45.6496],[37.6654,45.6631],[37.6654,45.6698],[37.6726,45.6715],[37.7626,45.7255],[37.8022,45.7407],[37.8166,45.7441],[37.831,45.7526],[37.8418,45.7728],[37.8598,45.8066],[37.8742,45.8404],[37.903,45.9501],[37.9174,45.9906],[37.939,46.021],[37.9714,46.0396],[38.0362,46.0565],[38.0902,46.0599],[38.0974,46.0582],[38.0866,46.0531],[38.047,46.0379],[38.0398,46.0346],[38.0326,46.0244],[38.0542,46.0329],[38.065,46.0329],[38.0758,46.0244],[38.0722,46.0143],[38.0506,45.9923],[38.047,45.9822],[38.0434,45.9603],[38.047,45.9535],[38.065,45.9501],[38.0794,45.9518],[38.0794,45.9467],[38.0794,45.9299],[38.0722,45.9096],[38.0542,45.8893],[38.0146,45.8572],[38.0002,45.8319],[38.0146,45.8184],[38.0398,45.8167],[38.0614,45.8269],[38.047,45.8404],[38.0506,45.8556],[38.0758,45.8826],[38.0974,45.94],[38.0974,45.9501],[38.1082,45.9569],[38.1226,45.9721],[38.1298,45.9906],[38.1406,46.0295],[38.1478,46.0413],[38.155,46.0481],[38.1622,46.0599],[38.1622,46.1021],[38.1658,46.1207],[38.1874,46.1274],[38.209,46.1325],[38.227,46.1376],[38.2486,46.1409],[38.2738,46.1359],[38.3206,46.0937],[38.353,46.0818],[38.4106,46.0464],[38.4286,46.0379],[38.4466,46.0346],[38.4826,46.0329],[38.4934,46.0329],[38.515,46.0379],[38.5258,46.0396],[38.5402,46.0329],[38.551,46.0312],[38.5582,46.0329],[38.5654,46.043],[38.5726,46.0649],[38.5762,46.0869],[38.5726,46.1055],[38.5582,46.1156],[38.299,46.2186],[38.2846,46.2321],[38.281,46.2558],[38.2702,46.2743],[38.2522,46.2878],[38.2162,46.3064],[38.1226,46.3773],[38.0866,46.3959],[38.0686,46.401],[37.9894,46.4027],[37.9822,46.401],[37.975,46.3942],[37.9786,46.3824],[38.011,46.3723],[38.0182,46.3689],[37.9966,46.3537],[37.9714,46.3621],[37.9066,46.4111],[37.8634,46.455],[37.849,46.4634],[37.8274,46.477],[37.813,46.5057],[37.8022,46.5394],[37.777,46.5867],[37.7662,46.6171],[37.7554,46.6458],[37.7302,46.6627],[37.7302,46.6695],[37.7338,46.6695],[37.7374,46.6711],[37.7374,46.6745],[37.7374,46.6762],[37.7698,46.6627],[37.8094,46.6391],[37.8526,46.6222],[37.8814,46.6289],[37.9246,46.6154],[37.9822,46.6171],[38.0362,46.6289],[38.0686,46.6458],[38.1046,46.6762],[38.1226,46.6863],[38.1442,46.6914],[38.1946,46.6914],[38.2126,46.6965],[38.2306,46.7049],[38.263,46.7286],[38.2702,46.7319],[38.281,46.7252],[38.2882,46.7117],[38.2918,46.7066],[38.3062,46.683],[38.3134,46.6762],[38.461,46.6475],[38.5762,46.6543],[38.5906,46.6593],[38.5978,46.6779],[38.587,46.6965],[38.5654,46.71],[38.5546,46.7167],[38.515,46.7319],[38.4718,46.7438],[38.4286,46.7454],[38.389,46.7319],[38.389,46.7252],[38.3818,46.7134],[38.3782,46.7083],[38.3746,46.7286],[38.371,46.7438],[38.3674,46.7556],[38.3746,46.7623],[38.3962,46.7741],[38.4034,46.7792],[38.4034,46.7893],[38.3998,46.8113],[38.4034,46.8214],[38.4142,46.8332],[38.4358,46.8468],[38.4574,46.8569],[38.4754,46.862],[38.5546,46.8484],[38.5726,46.8501],[38.6086,46.8603],[38.6914,46.8636],[38.713,46.8687],[38.767,46.8873],[38.803,46.894],[38.821,46.9042],[38.8462,46.9312],[38.8642,46.943],[38.8822,46.9464],[38.9182,46.943],[38.9362,46.9481],[38.9578,46.9565],[38.9902,46.9785],[39.037,47.0139],[39.0586,47.0224],[39.0658,47.0274],[39.0766,47.0325],[39.0874,47.0325],[39.0982,47.0291],[39.1054,47.0173],[39.1162,47.0122],[39.127,47.0139],[39.1378,47.019],[39.145,47.0241],[39.1522,47.0257],[39.2602,47.0089],[39.2818,47.0122],[39.289,47.0274],[39.2962,47.0696],[39.3034,47.0848],[39.325,47.0984],[39.3682,47.1068],[39.3898,47.1152],[39.3538,47.1304],[39.3286,47.1287],[39.307,47.1119],[39.2818,47.0882],[39.2638,47.0967],[39.2602,47.1068],[39.2746,47.1355],[39.253,47.1406],[39.2494,47.1473],[39.253,47.1811],[39.2566,47.1895],[39.2638,47.1912],[39.2746,47.1912],[39.2818,47.1963],[39.2818,47.2047],[39.2818,47.2351],[39.2638,47.2605],[39.2278,47.2672],[39.1846,47.2689],[39.1558,47.279],[39.1378,47.274],[39.1198,47.2773],[39.1018,47.2841],[39.0874,47.2858],[39.073,47.2824],[39.0478,47.2672],[39.0406,47.2655],[39.0118,47.2537],[38.9758,47.2571],[38.9434,47.252],[38.929,47.2216],[38.9326,47.2014],[38.9362,47.1895],[38.9326,47.1845],[38.8858,47.1811],[38.875,47.176],[38.8606,47.1693],[38.8462,47.1642],[38.8282,47.1625],[38.7706,47.1642],[38.7202,47.1507],[38.6842,47.1473],[38.6446,47.1372],[38.6266,47.1355],[38.5546,47.1355],[38.5582,47.1304],[38.5582,47.1287],[38.5618,47.1254],[38.569,47.122],[38.569,47.1152],[38.5438,47.1152],[38.5186,47.1186],[38.4934,47.1287],[38.479,47.1423],[38.4934,47.149],[38.5114,47.171],[38.5222,47.176],[38.5294,47.1828],[38.551,47.2098],[38.5582,47.2182],[38.5942,47.2301],[38.7742,47.2453],[38.7886,47.2503],[38.8066,47.2621],[38.821,47.2757],[38.821,47.2858],[38.8102,47.2875],[38.803,47.2807],[38.7886,47.2621],[38.7814,47.2588],[38.7742,47.2588],[38.7562,47.2588],[38.5942,47.2419],[38.5546,47.2301],[38.5186,47.2115],[38.5006,47.1811],[38.4934,47.176],[38.4862,47.1743],[38.4718,47.1693],[38.461,47.1625],[38.4574,47.1524],[38.4502,47.1406],[38.4286,47.1338],[38.2666,47.1186],[38.2234,47.1085],[38.2162,47.1034],[38.1946,47.0899],[38.1406,47.0376],[38.1082,47.0257],[38.1298,47.0578],[38.1298,47.0747],[38.1046,47.0815],[38.0722,47.1],[38.065,47.0984],[38.0614,47.095],[38.0362,47.0848],[38.0254,47.0815],[37.9894,47.0916],[37.9606,47.0967],[37.9498,47.0916],[37.8598,47.1017],[37.7518,47.0747],[37.7086,47.0747],[37.579,47.0899],[37.5466,47.0815],[37.4818,47.0359],[37.3774,46.9346],[37.3522,46.8991],[37.3342,46.8822],[37.3126,46.8755],[37.3162,46.9008],[37.2946,46.9211],[37.2622,46.9329],[37.2262,46.9363],[37.2082,46.9329],[37.1614,46.9092],[37.0462,46.8772],[37.0282,46.8755],[37.0174,46.8721],[36.985,46.8518],[36.9742,46.8484],[36.9382,46.84],[36.8878,46.8045],[36.8554,46.8012],[36.8626,46.7775],[36.8482,46.7539],[36.8302,46.7319],[36.8194,46.7083],[36.8122,46.6813],[36.7942,46.6543],[36.769,46.6374],[36.7438,46.6424],[36.7438,46.6492],[36.751,46.6492],[36.7726,46.6441],[36.7906,46.6711],[36.8014,46.7066],[36.8014,46.7252],[36.7942,46.7286],[36.7582,46.759],[36.7438,46.764],[36.7114,46.7725],[36.697,46.7792],[36.679,46.7725],[36.661,46.7741],[36.6322,46.7792],[36.6178,46.7758],[36.607,46.7691],[36.5962,46.7623],[36.589,46.759],[36.5242,46.759],[36.481,46.7421],[36.4342,46.7353],[36.4018,46.7235],[36.3694,46.7083],[36.3046,46.6593],[36.283,46.6357],[36.2794,46.607],[36.2722,46.607],[36.2722,46.6222],[36.2686,46.6256],[36.2578,46.6222],[36.247,46.6188],[36.247,46.612],[36.247,46.6104],[36.2398,46.6205],[36.2434,46.6239],[36.2434,46.6306],[36.2434,46.6357],[36.2326,46.6407],[36.229,46.6424],[36.2218,46.6543],[36.2182,46.6593],[36.211,46.6627],[36.1894,46.6695],[36.1714,46.6678],[36.1354,46.6627],[36.0634,46.6695],[35.9266,46.6526],[35.9014,46.6526],[35.8258,46.6239],[35.7718,46.6019],[35.743,46.585],[35.6602,46.5192],[35.6278,46.4989],[35.509,46.4567],[35.491,46.4483],[35.4766,46.4364],[35.4442,46.406],[35.4298,46.3959],[35.3938,46.379],[35.3794,46.3689],[35.2858,46.2591],[35.2786,46.2558],[35.2642,46.2422],[35.2102,46.1696],[35.185,46.146],[35.1634,46.1274],[35.1202,46.119],[35.095,46.1038],[35.0626,46.0987],[35.0374,46.0869],[35.0014,46.0734],[34.9833,46.0785],[34.9869,46.0869],[35.0158,46.1122],[35.0518,46.1274],[35.0482,46.1325],[35.0446,46.1426],[35.149,46.1646],[35.1994,46.1831],[35.2282,46.222],[35.2534,46.2406],[35.2606,46.2574],[35.293,46.2929],[35.329,46.3199],[35.3434,46.3351],[35.347,46.3604],[35.329,46.3486],[35.311,46.3368],[35.293,46.3368],[35.2678,46.3503],[35.257,46.374],[35.2642,46.3993],[35.2858,46.4381],[35.2786,46.4415],[35.2606,46.4415],[35.2498,46.4432],[35.2426,46.4466],[35.2318,46.455],[35.2138,46.4634],[35.203,46.477],[35.1922,46.4938],[35.1886,46.5124],[35.167,46.4938],[35.1742,46.4736],[35.1922,46.455],[35.203,46.4398],[35.2066,46.428],[35.2102,46.4195],[35.2138,46.4111],[35.2102,46.3959],[35.203,46.3858],[35.167,46.3604],[35.1094,46.298],[35.1058,46.2946],[35.0734,46.271],[35.0302,46.2524],[34.9365,46.2355],[34.9257,46.2355],[34.9149,46.2389],[34.9077,46.2439],[34.9077,46.2524],[34.9041,46.2558],[34.8933,46.2524],[34.8861,46.2422],[34.8861,46.2321],[34.8825,46.222],[34.8393,46.2085],[34.8357,46.2034],[34.8177,46.1865],[34.8105,46.1764],[34.8105,46.1663],[34.8141,46.1578],[34.8177,46.1426],[34.8249,46.0785],[34.8285,46.0633],[34.8393,46.0481],[34.8753,45.9265],[34.8825,45.913],[34.8969,45.9012],[34.9041,45.8893],[34.9581,45.7897],[35.0446,45.6698],[35.3326,45.3709],[35.4802,45.2983],[35.5162,45.295],[35.6962,45.3304],[35.7178,45.3405],[35.743,45.3608],[35.7466,45.3709],[35.7502,45.3794],[35.7538,45.3861],[35.7682,45.3895],[35.7718,45.3929],[35.7898,45.4081],[35.7934,45.4115],[35.7934,45.43],[35.8042,45.4486],[35.8186,45.4638],[35.833,45.4706],[35.8582,45.4689],[35.8618,45.4587],[35.851,45.4435],[35.8474,45.4267],[35.8546,45.4148],[35.8726,45.4047],[35.9482,45.3726],[35.9878,45.3625],[36.0238,45.3676],[36.0526,45.3946],[36.067,45.425],[36.0706,45.43],[36.0958,45.4419],[36.1174,45.4571],[36.139,45.4621],[36.2542,45.4621],[36.2686,45.4672],[36.283,45.4773],[36.301,45.4739],[36.3082,45.4604],[36.2974,45.4435],[36.3118,45.4435],[36.3226,45.4486],[36.3298,45.4537],[36.3406,45.4571],[36.3586,45.4537],[36.391,45.4402],[36.4126,45.4368],[36.4702,45.4452],[36.4918,45.4435],[36.517,45.4199],[36.5314,45.4081],[36.5494,45.4115],[36.5674,45.425],[36.5818,45.4267],[36.5998,45.4216],[36.6142,45.4081],[36.6322,45.3743],[36.6394,45.3507],[36.6322,45.3405],[36.5998,45.3338],[36.5854,45.3338],[36.5746,45.3355],[36.5458,45.3473],[36.5206,45.3507],[36.5026,45.3473],[36.4882,45.3372],[36.4846,45.3169],[36.4882,45.3102],[36.4954,45.3051],[36.499,45.3],[36.4918,45.2916],[36.481,45.2882],[36.4594,45.2882],[36.4522,45.2848],[36.4378,45.2713],[36.427,45.2511],[36.4198,45.2291],[36.409,45.1717],[36.409,45.1497],[36.4162,45.1278],[36.4414,45.1058],[36.4558,45.0923],[36.4522,45.0771],[36.4414,45.067],[36.3694,45.0484],[36.2794,45.045],[36.2686,45.0434],[36.2578,45.0383],[36.2542,45.0332],[36.247,45.0163],[36.2434,45.0113],[36.2254,45.0079],[36.1354,45.0214],[36.0778,45.0467],[36.0778,45.0383],[36.049,45.0484],[36.0238,45.0332],[36.0094,45.0096],[35.995,44.9978],[35.9158,45.0011],[35.8474,44.9927],[35.8294,44.9995],[35.8186,45.0214],[35.8114,45.0315],[35.7826,45.0569],[35.7718,45.0653],[35.707,45.094],[35.635,45.1143],[35.5918,45.1193],[35.5486,45.1193],[35.5054,45.1143],[35.4694,45.1008],[35.4154,45.0704],[35.4082,45.0619],[35.4046,45.0518],[35.401,45.0434],[35.3974,45.0349],[35.401,45.0248],[35.4082,45.0197],[35.437,45.0113],[35.437,45.0045],[35.4226,45.0011],[35.3902,45.0011],[35.3758,44.9978],[35.3614,44.9859],[35.3614,44.9741],[35.3686,44.9437],[35.3182,44.9707],[35.3146,44.9657],[35.3038,44.9606],[35.2966,44.9555],[35.275,44.9674],[35.257,44.9589],[35.2318,44.9252],[35.2138,44.915],[35.1706,44.9066],[35.1526,44.9015],[35.131,44.8694],[35.1094,44.8255],[35.0806,44.7934],[35.0374,44.7985],[35.0266,44.8086],[35.0194,44.8238],[35.005,44.8357],[34.9869,44.8407],[34.9509,44.8407],[34.9437,44.8407],[34.9293,44.8357],[34.9221,44.8306],[34.9149,44.8255],[34.9077,44.8205],[34.8897,44.8188],[34.8573,44.8238],[34.8429,44.8171],[34.8249,44.812],[34.7565,44.8205],[34.7205,44.8103],[34.6521,44.7766],[34.6125,44.7647],[34.5333,44.7529],[34.5009,44.7428],[34.4757,44.7242],[34.4757,44.7259],[34.4757,44.7293],[34.4721,44.731],[34.4685,44.7293],[34.4289,44.6904],[34.4253,44.682],[34.4145,44.6736],[34.3785,44.6313],[34.3425,44.5587],[34.3317,44.5452],[34.3245,44.5435],[34.2993,44.5452],[34.2849,44.5452],[34.2741,44.5469],[34.2705,44.5452],[34.2669,44.5418],[34.2669,44.5385],[34.2669,44.5351],[34.2633,44.5317],[34.2417,44.5081],[34.2309,44.4996],[34.1841,44.4929],[34.1697,44.4811],[34.1625,44.4659],[34.1481,44.4507],[34.1373,44.4422],[34.1013,44.4253],[34.0869,44.422],[34.0653,44.4203],[33.9573,44.3831],[33.9393,44.3814],[33.9141,44.3831],[33.8529,44.4017],[33.8385,44.4017],[33.8169,44.3966],[33.8061,44.3949],[33.7413,44.3966],[33.7197,44.4],[33.6441,44.4253],[33.6333,44.4338],[33.6261,44.4524],[33.6189,44.4625],[33.5901,44.4895],[33.5793,44.4963],[33.5613,44.4963],[33.5397,44.4912],[33.5181,44.4912],[33.5001,44.5013],[33.4857,44.5098],[33.3813,44.5638],[33.3705,44.5773],[33.3705,44.5874],[33.3705,44.5891],[33.3741,44.5858],[33.4065,44.5908],[33.4137,44.5925],[33.4353,44.606],[33.4461,44.6077],[33.4677,44.606],[33.4785,44.606],[33.4857,44.6111],[33.5001,44.6145],[33.5505,44.6145],[33.5721,44.6212],[33.5577,44.6246],[33.5253,44.6297],[33.5145,44.6347],[33.5145,44.6499],[33.5253,44.6617],[33.5361,44.6719],[33.5433,44.682],[33.5469,44.6989],[33.5469,44.709],[33.5361,44.7293],[33.5289,44.758],[33.5253,44.7732],[33.5145,44.785],[33.5253,44.7901],[33.5289,44.7934],[33.5289,44.7985],[33.5361,44.8188],[33.5469,44.8373],[33.5613,44.8492],[33.5973,44.8593],[33.6081,44.8711],[33.6153,44.8897],[33.6189,44.9083],[33.6189,44.9319],[33.6081,44.9707],[33.6045,44.9876],[33.6045,44.9927],[33.5865,45.018],[33.5829,45.0282],[33.5793,45.0535],[33.5613,45.094],[33.5361,45.1177],[33.4677,45.148],[33.4137,45.1852],[33.3957,45.1903],[33.3561,45.1852],[33.3165,45.1751],[33.2841,45.1599],[33.2589,45.1565],[33.2481,45.1649],[33.2409,45.1801],[33.2193,45.1869],[33.1725,45.197],[33.1581,45.2071],[33.1221,45.2375],[33.0969,45.2477],[33.0897,45.2561],[33.0789,45.2713],[33.0681,45.2764],[33.0501,45.2814],[33.0429,45.2848],[32.9781,45.3253],[32.9421,45.3422],[32.8989,45.3541],[32.7513,45.3642],[32.7297,45.3608],[32.7117,45.3524],[32.6757,45.3253],[32.6613,45.3203],[32.5929,45.3203],[32.5713,45.3253],[32.5353,45.3389],[32.5137,45.3405],[32.4849,45.3946],[32.4813,45.4081],[32.4957,45.4351],[32.5245,45.4587],[32.6433,45.5212],[32.6613,45.5263],[32.6865,45.5263],[32.7045,45.5314],[32.7189,45.5381],[32.7333,45.5449],[32.7441,45.5533],[32.7513,45.5601],[32.7585,45.5651],[32.7729,45.5668],[32.7837,45.5651],[32.8017,45.5601],[32.8125,45.5584],[32.8269,45.5617],[32.8305,45.5702],[32.8269,45.5786],[32.8233,45.5871],[32.8269,45.5955],[32.8305,45.6006],[32.8377,45.6073],[32.8665,45.6293],[32.9385,45.6631],[33.1617,45.7357],[33.1761,45.7424],[33.1797,45.7559],[33.1761,45.7593],[33.1653,45.7627],[33.1581,45.7678],[33.1617,45.7796],[33.1689,45.7846],[33.1797,45.7796],[33.1941,45.7644],[33.2301,45.7509],[33.2661,45.7542],[33.3381,45.7863],[33.3741,45.7965],[33.3813,45.8032],[33.4101,45.8269],[33.4245,45.8302],[33.4677,45.8505],[33.4821,45.8539],[33.4893,45.8522],[33.5073,45.8437],[33.5181,45.8404],[33.5289,45.8421],[33.5541,45.8471],[33.5793,45.8674],[33.5973,45.8775],[33.6117,45.8809],[33.6189,45.8826],[33.6297,45.8792],[33.6405,45.8758],[33.6513,45.8708],[33.6549,45.864],[33.6585,45.8589],[33.6693,45.8589],[33.6909,45.8606],[33.6945,45.8724],[33.6909,45.8961],[33.6945,45.9147],[33.7089,45.9096],[33.7269,45.9164],[33.7593,45.9231],[33.7773,45.9299],[33.7593,45.9417],[33.7413,45.9484],[33.6837,45.9586],[33.6585,45.9569],[33.6441,45.9535],[33.6405,45.9467],[33.6333,45.9451],[33.6189,45.9501],[33.6369,45.9687],[33.6477,45.9805],[33.6441,45.9856],[33.6333,45.989],[33.6297,45.9957],[33.6369,46.0058],[33.6441,46.0143],[33.6405,46.0227],[33.6297,46.0565],[33.6297,46.0683],[33.6405,46.0785],[33.6477,46.0903],[33.6441,46.1055],[33.6117,46.146],[33.5973,46.1561],[33.5721,46.1494],[33.5505,46.1359],[33.5325,46.1224],[33.5325,46.1072],[33.5577,46.0953],[33.5577,46.0869],[33.5325,46.0852],[33.5073,46.0801],[33.4965,46.0683],[33.5145,46.0464],[33.5073,46.0464],[33.4857,46.0531],[33.4245,46.0531],[33.4137,46.0582],[33.3849,46.0869],[33.3561,46.1038],[33.3309,46.1072],[33.3093,46.0869],[33.3057,46.092],[33.3021,46.0937],[33.2949,46.0937],[33.2913,46.0953],[33.3057,46.1055],[33.3165,46.119],[33.3165,46.1308],[33.2949,46.1359],[33.2157,46.1274],[33.2229,46.1409],[33.2265,46.1544],[33.2337,46.2237],[33.2121,46.2068],[33.1941,46.1781],[33.1761,46.1528],[33.1437,46.1426],[33.1365,46.1409],[33.1221,46.1359],[33.1113,46.1359],[33.1041,46.1376],[33.0825,46.1494],[33.0249,46.1696],[33.0321,46.1409],[33.0177,46.1274],[32.9133,46.1156],[32.8989,46.1156],[32.8917,46.1173],[32.8809,46.1207],[32.8773,46.1207],[32.8521,46.1207],[32.8449,46.1207],[32.7909,46.1342],[32.7657,46.1359],[32.7513,46.1325],[32.7153,46.1207],[32.5893,46.1038],[32.5785,46.1021],[32.5677,46.097],[32.5497,46.0835],[32.5425,46.0801],[32.5029,46.0768],[32.3013,46.1173],[32.2797,46.1274],[32.2689,46.1274],[32.2617,46.1274],[32.2617,46.1325],[32.2581,46.1443],[32.2545,46.1494],[32.2509,46.1561],[32.2473,46.1713],[32.2437,46.1764],[32.2617,46.1882],[32.2653,46.195],[32.2689,46.2051],[32.2401,46.195],[32.2149,46.1933],[32.1861,46.1967],[32.1429,46.2085],[32.1285,46.2102],[32.1141,46.2152],[32.0781,46.249],[32.0493,46.2659],[32.0169,46.2574],[31.9701,46.276],[31.8873,46.3199],[31.8837,46.3081],[31.8873,46.2946],[31.8909,46.2845],[31.8837,46.2794],[31.8189,46.2811],[31.8009,46.2845],[31.7865,46.2929],[31.7721,46.303],[31.7685,46.3182],[31.7793,46.3317],[31.8009,46.3419],[31.8153,46.3486],[31.8369,46.3503],[31.8909,46.3419],[31.9665,46.3503],[31.9773,46.3554],[32.0313,46.3892],[32.0421,46.3908],[32.0565,46.3908],[32.0601,46.3942],[32.0529,46.406],[32.0061,46.4483],[31.9917,46.4533],[31.9557,46.4516],[31.9089,46.4567],[31.7721,46.4955],[31.7469,46.5006],[31.7253,46.5006],[31.7109,46.4955],[31.6965,46.4837],[31.6893,46.4786],[31.6857,46.4702],[31.6857,46.4618],[31.6857,46.4297],[31.6641,46.4719],[31.6569,46.4786],[31.6425,46.482],[31.5237,46.5648],[31.5093,46.5884],[31.5417,46.5698],[31.5669,46.5496],[31.5813,46.5445],[31.7577,46.5546],[31.7901,46.5479],[31.8477,46.5225],[31.8513,46.5225],[31.8621,46.5192],[31.9485,46.5192],[32.0349,46.5057],[32.0925,46.5124],[32.1105,46.5124],[32.2221,46.4955],[32.2761,46.4702],[32.3193,46.4651],[32.3625,46.4668],[32.3985,46.4786],[32.4273,46.4989],[32.4093,46.5175],[32.4345,46.5428],[32.5065,46.5833],[32.5245,46.5935],[32.5713,46.5968],[32.5893,46.6036],[32.6037,46.6154],[32.6181,46.6239],[32.6325,46.6323],[32.6469,46.6492],[32.6217,46.6424],[32.5929,46.6289],[32.5677,46.6188],[32.5425,46.6222],[32.4093,46.5681],[32.3373,46.5614],[32.2689,46.5884],[32.2545,46.6053],[32.2473,46.607],[32.2365,46.6036],[32.2185,46.5901],[32.2113,46.5884],[32.2005,46.5867],[32.1789,46.5816],[32.1717,46.58],[32.1465,46.5597],[32.1321,46.5698],[32.1177,46.607],[32.0997,46.6154],[32.0385,46.6239],[32.0241,46.6289],[32.0097,46.6391],[31.9917,46.6576],[31.9809,46.6779],[31.9737,46.6948],[31.9701,46.7134],[31.9629,46.7269],[31.9485,46.7421],[31.9413,46.759],[31.9377,46.8012],[31.9557,46.8316],[31.9809,46.8603],[32.0025,46.8957],[32.0061,46.916],[32.0061,46.9312],[31.9953,46.9396],[31.9449,46.9464],[31.9341,46.9548],[31.9377,46.9683],[31.9701,46.9987],[31.9773,47.0089],[31.9701,47.0156],[31.9449,47.019],[31.9017,47.0139],[31.8801,47.0156],[31.8657,47.0257],[31.8945,47.068],[31.8981,47.0933],[31.8837,47.1186],[31.8693,47.1271],[31.8549,47.1304],[31.8441,47.1338],[31.8369,47.149],[31.8333,47.1676],[31.8333,47.1794],[31.8297,47.1862],[31.8153,47.1963],[31.7577,47.2166],[31.7469,47.2284],[31.7541,47.2486],[31.7505,47.2554],[31.7433,47.2588],[31.7361,47.2554],[31.7253,47.2368],[31.7217,47.2318],[31.7253,47.2199],[31.7433,47.2098],[31.7613,47.1997],[31.8045,47.1929],[31.8153,47.1811],[31.8153,47.122],[31.8189,47.1169],[31.8441,47.1136],[31.8513,47.1085],[31.8549,47.1034],[31.8621,47.1017],[31.8729,47.0933],[31.8657,47.0764],[31.8513,47.0612],[31.8441,47.0545],[31.8369,47.0089],[31.8693,46.9987],[31.9125,47.0038],[31.9485,46.9987],[31.9161,46.9768],[31.9053,46.9599],[31.8981,46.943],[31.9089,46.9261],[31.9269,46.9227],[31.9485,46.9278],[31.9665,46.9363],[31.9737,46.916],[31.9629,46.8856],[31.9449,46.8603],[31.9233,46.8484],[31.8981,46.8434],[31.8765,46.8282],[31.8657,46.8062],[31.8657,46.7792],[31.9017,46.7454],[31.9053,46.7387],[31.8981,46.6948],[31.9017,46.6762],[31.9089,46.6695],[31.9089,46.6627],[31.8981,46.6492],[31.8909,46.6441],[31.8693,46.6323],[31.8585,46.6289],[31.8153,46.6239],[31.7721,46.6272],[31.6749,46.6526],[31.6137,46.6492],[31.5957,46.6424],[31.5885,46.6289],[31.5777,46.6171],[31.5561,46.6154],[31.5489,46.6188],[31.5345,46.6272],[31.5237,46.6289],[31.5057,46.6272],[31.4913,46.6289],[31.4841,46.6323],[31.4805,46.6458],[31.4913,46.6627],[31.5453,46.7269],[31.5597,46.7488],[31.5597,46.759],[31.5705,46.7657],[31.6173,46.813],[31.6065,46.8265],[31.5993,46.8197],[31.5921,46.8062],[31.5849,46.7944],[31.5777,46.7893],[31.5561,46.7843],[31.5489,46.7792],[31.5417,46.7741],[31.5237,46.7539],[31.5237,46.7505],[31.5201,46.7471],[31.5093,46.7454],[31.4949,46.7505],[31.4805,46.759],[31.4661,46.7843],[31.4553,46.7961],[31.4409,46.8012],[31.4517,46.7758],[31.4553,46.7691],[31.4553,46.7539],[31.4625,46.7488],[31.4697,46.7454],[31.5021,46.7286],[31.5057,46.7201],[31.4985,46.7083],[31.4805,46.688],[31.4769,46.683],[31.4625,46.6745],[31.4301,46.6374],[31.4157,46.6289],[31.3977,46.6256],[31.3509,46.6087],[31.3365,46.6019],[31.3221,46.607],[31.2969,46.6087],[31.2825,46.6154],[31.2753,46.607],[31.2573,46.6171],[31.1853,46.6289],[31.1601,46.6289],[31.1097,46.6171],[31.0557,46.612],[31.0125,46.6036],[30.9909,46.6019],[30.9837,46.5968],[30.9585,46.5833],[30.9513,46.5833],[30.9405,46.5884],[30.9261,46.585],[30.8685,46.5563],[30.8541,46.5529],[30.8109,46.5597],[30.8037,46.5597],[30.7893,46.5529],[30.7605,46.5242],[30.7533,46.5158],[30.7569,46.5023],[30.7749,46.477],[30.7821,46.4567],[30.7857,46.4567],[30.7929,46.4516],[30.7965,46.4466],[30.7929,46.4432],[30.7893,46.4415],[30.7857,46.4364],[30.7821,46.4314],[30.7749,46.401],[30.7713,46.3959],[30.7317,46.3588],[30.7137,46.3486],[30.6597,46.3503],[30.6525,46.3452],[30.6561,46.3385],[30.6777,46.3284],[30.6849,46.3199],[30.6885,46.3098],[30.6813,46.2997],[30.6525,46.2591],[30.5841,46.1899],[30.5625,46.1612],[30.5481,46.1477],[30.5337,46.1426],[30.5229,46.1342],[30.5049,46.0937],[30.4941,46.0801],[30.3717,45.9974],[30.2601,45.8961],[30.2061,45.8556],[30.1377,45.8201],[30.1413,45.8336],[30.1341,45.8893],[30.1269,45.891],[30.1197,45.8843],[30.1089,45.8758],[30.1053,45.864],[30.1017,45.837],[30.1017,45.8302],[30.0981,45.8235],[30.0981,45.8184],[30.0945,45.815],[30.0873,45.8133],[30.0837,45.815],[30.0801,45.8201],[30.0729,45.8218],[30.0693,45.8167],[30.0621,45.8133],[30.0153,45.8404],[29.9901,45.8471],[29.9685,45.8387],[29.9613,45.8184],[29.9577,45.7948],[29.9541,45.7711],[29.9433,45.783],[29.9325,45.7931],[29.9325,45.7998],[29.9397,45.81],[29.9361,45.8167],[29.9253,45.8133],[29.9181,45.7998],[29.9181,45.783],[29.9217,45.7694],[29.9289,45.7593],[29.9397,45.7509],[29.9325,45.7239],[29.9289,45.734],[29.9181,45.7407],[29.8965,45.7509],[29.8965,45.7559],[29.8965,45.7593],[29.8965,45.7644],[29.8893,45.7644],[29.8821,45.7627],[29.8785,45.7576],[29.8785,45.7542],[29.8749,45.7509],[29.8497,45.7509],[29.8245,45.7475],[29.8029,45.7374],[29.7957,45.7171],[29.8029,45.7036],[29.8173,45.6985],[29.8425,45.6901],[29.8569,45.6799],[29.8641,45.6715],[29.8605,45.6681],[29.8425,45.6631],[29.8281,45.6546],[29.8101,45.6479],[29.7885,45.6546],[29.7849,45.6496],[29.7849,45.6462],[29.7849,45.6428],[29.7885,45.636],[29.7741,45.6293],[29.7453,45.6225],[29.7345,45.6141],[29.7345,45.6411],[29.7237,45.6681],[29.7057,45.6884],[29.6841,45.6968],[29.6841,45.7036],[29.6805,45.7509],[29.6841,45.7678],[29.6913,45.7745],[29.6949,45.7813],[29.6841,45.7931],[29.6805,45.7981],[29.6769,45.7998],[29.6733,45.8015],[29.6517,45.8133],[29.6481,45.8184],[29.6445,45.8269],[29.6373,45.8269],[29.6337,45.8218],[29.6301,45.8133],[29.6337,45.8066],[29.6481,45.7931],[29.6517,45.7897],[29.6481,45.7813],[29.6301,45.7627],[29.6229,45.7509],[29.6229,45.7357],[29.6265,45.7289],[29.6301,45.7222],[29.6373,45.7103],[29.6049,45.6918],[29.5977,45.6529],[29.5977,45.604],[29.5905,45.5584],[29.6157,45.5499],[29.6301,45.5466],[29.6481,45.5449],[29.6661,45.5482],[29.6805,45.555],[29.7057,45.5736],[29.6949,45.5617],[29.6625,45.5263],[29.6481,45.5178],[29.6373,45.5145],[29.6301,45.5043],[29.6265,45.4959],[29.6193,45.4908],[29.6049,45.4875],[29.6049,45.479],[29.6229,45.4537],[29.6301,45.4469],[29.6409,45.4419],[29.6517,45.4435],[29.6553,45.452],[29.6553,45.4638],[29.6553,45.4739],[29.6733,45.4773],[29.6733,45.4537],[29.6769,45.4503],[29.6805,45.4503],[29.6877,45.4537],[29.6841,45.4571],[29.6949,45.4554],[29.7021,45.4571],[29.7093,45.452],[29.7129,45.4368],[29.7201,45.452],[29.7237,45.4689],[29.7309,45.4756],[29.7489,45.4638],[29.7561,45.4469],[29.7561,45.4284],[29.7489,45.4148],[29.7273,45.4148],[29.7417,45.4047],[29.7489,45.3861],[29.7525,45.3642],[29.7561,45.322],[29.7561,45.3135],[29.7525,45.3034],[29.7417,45.2899],[29.7417,45.2814],[29.7309,45.2578],[29.7273,45.2477],[29.7273,45.2392],[29.7309,45.2375],[29.7273,45.2375],[29.7093,45.224],[29.6913,45.2173],[29.6733,45.2139],[29.6589,45.2156],[29.6517,45.2173],[29.6229,45.2173],[29.6229,45.2105],[29.6373,45.1953],[29.6481,45.1784],[29.6661,45.1649],[29.6985,45.1616],[29.6769,45.1447],[29.6661,45.1177],[29.6553,45.0282],[29.6517,45.0113],[29.6373,44.9843],[29.6337,44.9691],[29.6337,44.9539],[29.6301,44.9387],[29.6229,44.9285],[29.6301,44.9083],[29.6049,44.8796],[29.6193,44.861],[29.6121,44.8492],[29.6049,44.8458],[29.5941,44.8441],[29.5833,44.8407],[29.5689,44.8255],[29.5617,44.8205],[29.5437,44.8272],[29.5329,44.8255],[29.5221,44.8222],[29.5113,44.8205],[29.3169,44.7985],[29.1909,44.7934],[29.1549,44.785],[29.0541,44.7343],[29.0253,44.7141],[29.0001,44.6888],[28.9929,44.6972],[28.9965,44.7107],[28.9821,44.7293],[28.9749,44.7445],[28.9965,44.7512],[29.0217,44.7546],[29.0577,44.7681],[29.0973,44.7749],[29.1189,44.7867],[29.1369,44.8036],[29.1441,44.8272],[29.1405,44.839],[29.1261,44.8525],[29.0973,44.8745],[29.1009,44.8593],[29.1045,44.8509],[29.1045,44.8407],[29.0865,44.8424],[29.0721,44.8357],[29.0613,44.8323],[29.0469,44.8475],[29.0433,44.8661],[29.0433,44.9252],[29.0505,44.9454],[29.0973,44.9572],[29.1117,44.9707],[29.1009,44.9809],[29.0577,45.0011],[29.0469,45.0045],[29.0145,45.0045],[28.9821,45.013],[28.9713,45.0113],[28.9677,45.0062],[28.9677,44.9961],[28.9605,44.9876],[28.9497,44.9843],[28.9281,44.9826],[28.9173,44.9792],[28.8813,44.9555],[28.8705,44.9437],[28.8633,44.9218],[28.8633,44.9167],[28.8741,44.9116],[28.8777,44.9049],[28.8741,44.8998],[28.8705,44.8964],[28.8669,44.8948],[28.8633,44.8914],[28.8669,44.8829],[28.8741,44.8745],[28.8813,44.8694],[28.9029,44.8627],[28.9533,44.8272],[28.9389,44.8171],[28.9353,44.8137],[28.9245,44.8137],[28.9353,44.807],[28.9389,44.807],[28.9389,44.7985],[28.9245,44.7934],[28.9245,44.7833],[28.9317,44.7732],[28.9461,44.7647],[28.9353,44.7597],[28.9245,44.758],[28.8777,44.7563],[28.8705,44.7529],[28.8093,44.7276],[28.7985,44.7208],[28.7877,44.7056],[28.7877,44.6938],[28.7949,44.6871],[28.8093,44.6972],[28.8057,44.6837],[28.7841,44.6803],[28.7805,44.6651],[28.7841,44.6499],[28.7913,44.6449],[28.8453,44.6516],[28.8705,44.6617],[28.8921,44.6769],[28.9137,44.6972],[28.8993,44.7175],[28.9677,44.7006],[28.9821,44.6921],[28.9893,44.6752],[28.9785,44.655],[28.9605,44.6398],[28.9389,44.6347],[28.9569,44.6516],[28.9713,44.6702],[28.9749,44.6871],[28.9533,44.6972],[28.9533,44.6888],[28.9605,44.682],[28.9569,44.6786],[28.9389,44.6752],[28.9245,44.682],[28.9173,44.682],[28.9137,44.6803],[28.9101,44.6752],[28.9029,44.6685],[28.8849,44.6584],[28.8525,44.6347],[28.8345,44.628],[28.7877,44.6094],[28.7733,44.6009],[28.7913,44.6246],[28.7949,44.6347],[28.7805,44.6364],[28.7661,44.633],[28.7589,44.6263],[28.7553,44.6145],[28.7661,44.6145],[28.7589,44.6043],[28.7661,44.5959],[28.7733,44.5908],[28.7877,44.5858],[28.7481,44.5773],[28.7337,44.5672],[28.7337,44.552],[28.7373,44.557],[28.7445,44.5621],[28.7481,44.5655],[28.7625,44.5604],[28.7733,44.552],[28.7661,44.5385],[28.7517,44.5131],[28.7445,44.4861],[28.7517,44.4659],[28.7589,44.4659],[28.7661,44.4726],[28.7733,44.4844],[28.7769,44.5081],[28.7877,44.5148],[28.8093,44.525],[28.8381,44.5537],[28.8561,44.5672],[28.8741,44.5739],[28.8921,44.5773],[28.9065,44.5874],[28.9137,44.6009],[28.9245,44.6212],[28.9173,44.6009],[28.9101,44.5841],[28.8453,44.4929],[28.7985,44.4676],[28.7049,44.3814],[28.6977,44.3578],[28.6941,44.346],[28.6797,44.3527],[28.6653,44.3477],[28.6509,44.3392],[28.6401,44.3291],[28.6365,44.3156],[28.6329,44.3021],[28.6293,44.2649],[28.6365,44.2514],[28.6509,44.2312],[28.6653,44.1991],[28.6689,44.1839],[28.6653,44.1754],[28.6725,44.1687],[28.6581,44.1737],[28.6473,44.172],[28.6365,44.1636],[28.6293,44.1552],[28.6365,44.1366],[28.6545,44.0555],[28.6725,44.0032],[28.6725,43.9981],[28.6689,43.9897],[28.6617,43.9796],[28.6545,43.961],[28.6401,43.9323],[28.6365,43.9188],[28.6149,43.885],[28.6077,43.8749],[28.5933,43.8191],[28.5861,43.8107],[28.5861,43.8006],[28.5897,43.7921],[28.5861,43.782],[28.5825,43.7719],[28.5825,43.7617],[28.5825,43.7516],[28.5789,43.7415],[28.5753,43.728],[28.5717,43.6064],[28.5753,43.5929],[28.5861,43.576],[28.5969,43.5642],[28.6041,43.5523],[28.6041,43.5388],[28.5933,43.5118],[28.5789,43.4814],[28.5609,43.4544],[28.5465,43.4426],[28.5357,43.4392],[28.4889,43.4071],[28.4781,43.397],[28.4745,43.3835],[28.4745,43.3666],[28.4601,43.3801],[28.4133,43.3987],[28.4061,43.4054],[28.3953,43.4139],[28.3701,43.4223],[28.3233,43.4291],[28.2981,43.4257],[28.2621,43.4105],[28.2441,43.4071],[28.1793,43.4105],[28.1577,43.4071],[28.1181,43.3919],[28.0929,43.3632],[28.0857,43.3548],[28.0317,43.2484],[28.0173,43.2332],[27.9993,43.2231],[27.9309,43.2096],[27.9201,43.2045],[27.9129,43.2028],[27.9057,43.2028],[27.9057,43.1961],[27.9381,43.1758],[27.9453,43.169],[27.9453,43.1572],[27.9237,43.1133],[27.9129,43.0643],[27.9057,43.0559],[27.8949,43.0491],[27.8877,43.0424],[27.8841,43.0306],[27.8841,43.0086],[27.9021,42.963],[27.9057,42.9428],[27.8985,42.8752],[27.9057,42.86],[27.8841,42.8482],[27.8841,42.8313],[27.8913,42.8111],[27.8985,42.784],[27.8985,42.7368],[27.8949,42.7182],[27.8913,42.7097],[27.8409,42.7081],[27.7869,42.7148],[27.7437,42.7165],[27.7329,42.7148],[27.7257,42.7081],[27.7185,42.6945],[27.7149,42.6844],[27.7185,42.6743],[27.7257,42.6675],[27.7401,42.6608],[27.7113,42.6574],[27.6681,42.6439],[27.6465,42.6405],[27.6285,42.6287],[27.6321,42.6034],[27.6429,42.5747],[27.6501,42.5578],[27.6357,42.5645],[27.5421,42.5662],[27.5133,42.5527],[27.4989,42.5324],[27.4917,42.5071],[27.4809,42.4835],[27.4629,42.4902],[27.4521,42.4801],[27.4521,42.4649],[27.4665,42.4565],[27.4629,42.448],[27.4629,42.4429],[27.4665,42.4277],[27.4701,42.4362],[27.4701,42.4379],[27.4665,42.4413],[27.4737,42.4615],[27.5025,42.4379],[27.5133,42.4345],[27.5277,42.4429],[27.5349,42.4548],[27.5457,42.4598],[27.5637,42.448],[27.5709,42.4581],[27.5781,42.4565],[27.5889,42.4514],[27.5961,42.448],[27.6105,42.4514],[27.6213,42.4565],[27.6285,42.4581],[27.6429,42.4565],[27.6429,42.4497],[27.6393,42.4497],[27.6357,42.448],[27.6429,42.4311],[27.6537,42.4193],[27.6681,42.4159],[27.6933,42.4277],[27.6933,42.4193],[27.7005,42.4142],[27.7077,42.4126],[27.7185,42.4142],[27.7185,42.4075],[27.7149,42.4058],[27.6969,42.4007],[27.7041,42.3906],[27.7113,42.3889],[27.7185,42.3872],[27.7113,42.3771],[27.7077,42.3636],[27.7149,42.3484],[27.7257,42.3383],[27.7401,42.3349],[27.7509,42.3349],[27.7653,42.3383],[27.7797,42.3383],[27.7797,42.3332],[27.7761,42.3264],[27.7761,42.3214],[27.7797,42.3163],[27.7869,42.3112],[27.7617,42.296],[27.7509,42.2775],[27.7545,42.2589],[27.7797,42.2437],[27.7761,42.2403],[27.7725,42.2353],[27.8085,42.2184],[27.8157,42.2116],[27.8193,42.2049],[27.8301,42.1947],[27.8445,42.1863],[27.8553,42.1812],[27.8553,42.1778],[27.8517,42.1694],[27.8481,42.1677],[27.8805,42.1542],[27.8877,42.1474],[27.9057,42.1204],[27.9561,42.0951],[27.9633,42.085],[27.9741,42.0748],[27.9849,42.0715],[27.9813,42.0613],[27.9885,42.0512],[27.9957,42.0444],[28.0065,42.0377],[28.0065,42.0326],[28.0065,42.0309],[28.0029,42.0309],[27.9993,42.0309],[28.0101,42.0208],[28.0173,42.009],[28.0209,41.9938],[28.0137,41.982],[28.0173,41.9718],[28.0317,41.9246],[28.0317,41.9144],[28.0353,41.911],[28.0425,41.9043],[28.0461,41.8975],[28.0461,41.8908],[28.0353,41.8857],[28.0245,41.8874],[28.0065,41.8925],[27.9921,41.8925],[27.9777,41.8874],[27.9705,41.8739],[27.9669,41.8486],[27.9705,41.8216],[27.9885,41.8047],[28.0065,41.7878],[28.0209,41.7709],[28.0389,41.7253],[28.0533,41.7118],[28.0713,41.7],[28.0785,41.6915],[28.0821,41.6814],[28.0857,41.6797],[28.0893,41.6763],[28.0893,41.6713],[28.0857,41.6679],[28.0821,41.6679],[28.0749,41.6662],[28.0749,41.6611],[28.0821,41.6442],[28.0965,41.6274],[28.1145,41.6122],[28.1433,41.5987],[28.1577,41.5851],[28.1793,41.5581],[28.2333,41.5193],[28.3845,41.4467],[28.6005,41.3775],[28.9101,41.266],[29.0073,41.2491],[29.0145,41.2474],[29.0145,41.2457],[29.0181,41.2441],[29.0253,41.2424],[29.0325,41.2457],[29.0397,41.2542],[29.0469,41.2559],[29.0685,41.2542],[29.0937,41.2457],[29.1081,41.2356],[29.1009,41.2103],[29.0865,41.1917],[29.0685,41.1748],[29.0505,41.1664],[29.0397,41.1647],[29.0433,41.1579],[29.0505,41.1495],[29.0577,41.1411],[29.0649,41.1343],[29.0649,41.1326],[29.0721,41.1309],[29.0685,41.1242],[29.0649,41.1191],[29.0613,41.1191],[29.0577,41.0988],[29.0505,41.082],[29.0433,41.0668],[29.0325,41.0532],[29.0217,41.0482],[29.0073,41.0448],[28.9965,41.0397],[28.9893,41.0313],[28.9893,41.0262],[28.9893,41.0212],[28.9893,41.0178],[28.9929,41.0144],[28.9929,41.0077],[28.9857,41.0026],[28.9821,41.0009],[28.9605,41.0026],[28.9533,41.0093],[28.9461,41.0093],[28.9389,41.0077],[28.9317,40.9975],[28.9281,40.9958],[28.9173,40.9941],[28.8993,40.984],[28.8597,40.9773],[28.8489,40.9756],[28.8453,40.9722],[28.8417,40.9671],[28.8345,40.9638],[28.8237,40.9621],[28.7985,40.9621],[28.7877,40.9654],[28.7805,40.9722],[28.7697,40.979],[28.7445,40.9806],[28.6257,40.9688],[28.5969,40.9773],[28.6041,41.0093],[28.5933,41.0195],[28.5861,41.0229],[28.5753,41.0229],[28.5825,41.0465],[28.5717,41.0668],[28.5537,41.0803],[28.5285,41.0853],[28.5321,41.0701],[28.5537,41.0532],[28.5609,41.0364],[28.5645,41.0262],[28.5609,41.0127],[28.5537,40.9975],[28.5429,40.9891],[28.5141,40.9925],[28.4601,41.033],[28.4349,41.0431],[28.4025,41.0465],[28.3341,41.0668],[28.2981,41.0701],[28.2657,41.0701],[28.2549,41.0735],[28.2441,41.0836],[28.2369,41.0853],[28.2009,41.0786],[28.1829,41.0769],[28.1757,41.0803],[28.1649,41.0853],[28.1181,41.0718],[28.1109,41.0684],[28.1001,41.0684],[28.0461,41.0499],[28.0317,41.0482],[28.0137,41.0414],[27.9957,41.0313],[27.9849,41.0229],[27.9633,40.9958],[27.9561,40.984],[27.9597,40.9756],[27.9417,40.9705],[27.8625,40.979],[27.8445,40.9857],[27.8301,40.9958],[27.8157,41.0026],[27.7761,41.011],[27.7365,41.0127],[27.5241,40.9891],[27.4917,40.9756],[27.4701,40.9418],[27.4449,40.8624],[27.4233,40.832],[27.3297,40.7611],[27.2865,40.7037],[27.1965,40.6531],[27.1929,40.648],[27.1821,40.6362],[27.1785,40.6328],[27.1677,40.6294],[27.1425,40.6277],[27.1137,40.6142],[27.0669,40.6142],[27.0489,40.6125],[27.0309,40.6007],[27.0021,40.5703],[26.9913,40.5636],[26.9625,40.5602],[26.9517,40.5602],[26.9121,40.5501],[26.8545,40.523],[26.8401,40.5129],[26.8221,40.5028],[26.7609,40.496],[26.7393,40.4876],[26.7069,40.4656],[26.6961,40.4606],[26.6817,40.4555],[26.6745,40.4251],[26.6637,40.4133],[26.6313,40.3998],[26.6241,40.393],[26.6241,40.3761],[26.6169,40.3592],[26.6025,40.3457],[26.5485,40.3069],[26.5413,40.3035],[26.5089,40.2985],[26.4981,40.29],[26.4765,40.2731],[26.4765,40.2697],[26.4693,40.2664],[26.4441,40.241],[26.4261,40.2309],[26.4045,40.2191],[26.3793,40.2106],[26.3577,40.209],[26.3469,40.2005],[26.3505,40.1819],[26.3613,40.1634],[26.3757,40.1532],[26.3289,40.1195],[26.3145,40.1093],[26.2749,40.0924],[26.2425,40.0705],[26.2317,40.0654],[26.1777,40.0502],[26.1669,40.0502],[26.1561,40.0553],[26.1597,40.0671],[26.1669,40.0789],[26.1741,40.084],[26.1885,40.0941],[26.2029,40.1161],[26.2101,40.1364],[26.2137,40.1465],[26.2605,40.1938],[26.2713,40.2309],[26.2677,40.2579],[26.2497,40.2799],[26.2173,40.2968],[26.2281,40.3035],[26.2317,40.3103],[26.2281,40.3153],[26.2137,40.317],[26.2101,40.3221],[26.2209,40.3322],[26.2317,40.3407],[26.2389,40.3424],[26.2497,40.3491],[26.3001,40.3643],[26.3217,40.366],[26.3361,40.3846],[26.3865,40.4099],[26.4333,40.4403],[26.4909,40.4572],[26.5377,40.4859],[26.5629,40.4994],[26.5953,40.5112],[26.6241,40.5146],[26.6709,40.5112],[26.6853,40.5146],[26.6961,40.5264],[26.7177,40.5517],[26.7321,40.5636],[26.7573,40.5551],[26.7897,40.5636],[26.8149,40.5804],[26.8293,40.6024],[26.7969,40.6514],[26.7897,40.6598],[26.7789,40.6598],[26.7141,40.6514],[26.6925,40.6429],[26.6781,40.6395],[26.6097,40.6395],[26.5809,40.6328],[26.5053,40.599],[26.4765,40.6125],[26.4621,40.6176],[26.4441,40.6193],[26.4297,40.6159],[26.4153,40.6075],[26.4009,40.6041],[26.3721,40.6142],[26.3577,40.6125],[26.3037,40.6007],[26.1165,40.6024],[26.0913,40.6058],[26.0769,40.6125],[26.0697,40.6277],[26.0625,40.6446],[26.0553,40.6598],[26.0625,40.675],[26.0589,40.697],[26.0481,40.7189],[26.0337,40.7358],[26.0409,40.7375],[26.0445,40.7392],[26.0481,40.7425],[26.0373,40.7577],[26.0337,40.778],[26.0265,40.7966],[26.0049,40.8033],[26.0049,40.8101],[26.0193,40.8101],[26.0373,40.8118],[26.0553,40.8168],[26.0589,40.8202],[26.0553,40.8304],[26.0373,40.832],[26.0229,40.8287],[26.0121,40.8253],[26.0085,40.832],[26.0049,40.8388],[25.9977,40.8388],[25.9977,40.832],[26.0013,40.8253],[26.0049,40.8168],[25.9977,40.8168],[25.9833,40.8304],[25.9509,40.8456],[25.9185,40.8523],[25.8969,40.8456],[25.8789,40.8489],[25.8249,40.8489],[25.8141,40.8557],[25.8033,40.8557],[25.7313,40.8523],[25.6917,40.8574],[25.6485,40.8692],[25.6053,40.8759],[25.5657,40.8658],[25.5585,40.8675],[25.5369,40.8709],[25.5153,40.8793],[25.5009,40.8895],[25.4865,40.8979],[25.4361,40.9047],[25.4181,40.9063],[25.3821,40.9199],[25.3425,40.9418],[25.2993,40.9519],[25.2669,40.9266],[25.2597,40.9266],[25.2597,40.9317],[25.1805,40.9435],[25.1589,40.9519],[25.1481,40.9587],[25.1373,40.9604],[25.1337,40.9621],[25.1373,40.9756],[25.1409,40.984],[25.1481,40.9908],[25.1589,40.9941],[25.1697,40.9958],[25.1517,41.006],[25.1373,41.0093],[25.0581,41.0093],[25.0401,41.006],[25.0401,40.9891],[25.0185,40.9756],[25.0077,40.9705],[24.9932,40.9688],[25.0005,40.9502],[24.9896,40.9418],[24.9716,40.9401],[24.9536,40.9418],[24.9392,40.9384],[24.9068,40.9232],[24.8924,40.9199],[24.8636,40.9047],[24.8348,40.8743],[24.8024,40.854],[24.7664,40.8658],[24.7268,40.8523],[24.7088,40.8523],[24.6908,40.8591],[24.6944,40.8607],[24.6944,40.8624],[24.698,40.8658],[24.662,40.8793],[24.6404,40.8641],[24.6368,40.8591],[24.6296,40.8591],[24.6188,40.8743],[24.608,40.8878],[24.5972,40.9013],[24.6008,40.9131],[24.5864,40.9199],[24.5756,40.9266],[24.5684,40.9367],[24.5684,40.9519],[24.518,40.9587],[24.5036,40.9621],[24.4964,40.9553],[24.4856,40.9553],[24.4712,40.9519],[24.464,40.9418],[24.4424,40.9486],[24.4172,40.9452],[24.392,40.9367],[24.3704,40.9148],[24.3272,40.8861],[24.3128,40.8793],[24.3236,40.8726],[24.3308,40.8624],[24.3308,40.8557],[24.3092,40.8506],[24.3056,40.8472],[24.3056,40.8422],[24.3092,40.8354],[24.3164,40.832],[24.3308,40.8337],[24.3416,40.832],[24.212,40.7729],[24.1112,40.7274],[24.0716,40.7206],[24.0284,40.724],[23.9852,40.7324],[23.8736,40.778],[23.8556,40.7814],[23.8412,40.7831],[23.8088,40.7797],[23.7548,40.7628],[23.7332,40.7527],[23.7116,40.7375],[23.6972,40.7206],[23.69,40.6953],[23.7008,40.6733],[23.7188,40.6581],[23.7404,40.6531],[23.7548,40.6463],[23.7728,40.6277],[23.7872,40.6058],[23.7944,40.5872],[23.798,40.5872],[23.834,40.5636],[23.8484,40.5602],[23.8628,40.5585],[23.8772,40.5602],[23.888,40.5636],[23.8952,40.5534],[23.9132,40.5382],[23.9168,40.5298],[23.906,40.5247],[23.8376,40.518],[23.8232,40.5061],[23.8196,40.4876],[23.8268,40.4606],[23.8664,40.4133],[23.8772,40.4065],[23.9096,40.3947],[23.9168,40.3896],[23.9528,40.3829],[23.9636,40.3795],[23.9744,40.3829],[24.0032,40.3863],[24.0104,40.393],[24.0104,40.4015],[24.0068,40.415],[23.9924,40.4335],[23.9996,40.4403],[23.9924,40.447],[24.0104,40.4487],[24.0284,40.4319],[24.0536,40.393],[24.0644,40.3812],[24.086,40.366],[24.1076,40.3576],[24.1292,40.366],[24.14,40.3609],[24.1688,40.3525],[24.1796,40.3508],[24.1868,40.3474],[24.1976,40.3238],[24.2048,40.317],[24.2336,40.317],[24.266,40.2883],[24.32,40.2275],[24.3848,40.1786],[24.392,40.1532],[24.3596,40.133],[24.32,40.1245],[24.2984,40.1279],[24.2912,40.1431],[24.2876,40.16],[24.2732,40.1701],[24.2552,40.1786],[24.2372,40.187],[24.212,40.2174],[24.194,40.2495],[24.1688,40.2748],[24.1292,40.29],[24.0464,40.3018],[24.0176,40.3103],[23.9924,40.3238],[23.9564,40.3525],[23.9348,40.366],[23.924,40.3694],[23.8844,40.366],[23.8484,40.3728],[23.834,40.3728],[23.7836,40.3525],[23.7584,40.3491],[23.7296,40.3592],[23.726,40.3542],[23.7224,40.344],[23.7152,40.3457],[23.7008,40.3272],[23.6936,40.3086],[23.6972,40.2934],[23.7116,40.2613],[23.7152,40.2546],[23.7224,40.2495],[23.7584,40.2309],[23.7656,40.2157],[23.78,40.2022],[23.7944,40.1955],[23.798,40.1971],[23.8664,40.1735],[23.8808,40.1769],[23.8952,40.1718],[23.9132,40.1617],[23.9276,40.1499],[23.942,40.1414],[23.9816,40.1313],[23.9924,40.1195],[23.9888,40.1093],[23.978,40.1009],[23.978,40.0908],[23.9816,40.0857],[23.9996,40.0756],[24.0032,40.0671],[24.0032,40.0587],[23.996,40.057],[23.9888,40.057],[23.9852,40.0536],[23.9852,40.0418],[23.9924,40.0367],[24.0032,40.0384],[24.0104,40.0435],[24.0104,40.0333],[24.0104,40.0266],[24.014,40.0215],[24.0176,40.0165],[23.9924,39.9996],[23.9888,39.9894],[23.9996,39.981],[23.9996,39.9742],[23.978,39.9742],[23.9708,39.9675],[23.9744,39.9624],[23.9924,39.9607],[23.9924,39.954],[23.9384,39.9523],[23.9204,39.9557],[23.924,39.9675],[23.924,39.9742],[23.9168,39.9742],[23.906,39.9692],[23.9024,39.9709],[23.8988,39.9776],[23.9024,39.9878],[23.8664,40.0046],[23.8592,40.0063],[23.8556,40.0165],[23.8448,40.0249],[23.8304,40.0266],[23.8232,40.0215],[23.8232,40.0165],[23.8268,40.008],[23.7908,40.0553],[23.7836,40.0671],[23.7908,40.084],[23.7944,40.0941],[23.7872,40.0975],[23.78,40.1009],[23.7728,40.1093],[23.7692,40.1195],[23.7656,40.1262],[23.6756,40.2174],[23.6432,40.236],[23.6216,40.2394],[23.5388,40.2444],[23.4848,40.2697],[23.438,40.2799],[23.3984,40.2782],[23.366,40.2613],[23.3408,40.2275],[23.3372,40.209],[23.3444,40.1921],[23.3552,40.1752],[23.3588,40.1566],[23.3624,40.1499],[23.3696,40.1482],[23.3912,40.1465],[23.402,40.1448],[23.4056,40.1397],[23.4164,40.1262],[23.4704,40.0671],[23.4992,40.0418],[23.6036,39.9979],[23.672,39.9861],[23.672,39.9793],[23.672,39.9709],[23.6756,39.9607],[23.6864,39.9489],[23.6972,39.9405],[23.7116,39.9354],[23.7332,39.9337],[23.7476,39.9303],[23.7404,39.9236],[23.7224,39.9151],[23.7044,39.9135],[23.618,39.9236],[23.4704,39.9709],[23.4452,39.9742],[23.3732,39.9658],[23.3588,39.9607],[23.366,39.9726],[23.3804,39.9911],[23.3804,40.003],[23.3768,40.0114],[23.3624,40.0266],[23.3588,40.0333],[23.3516,40.057],[23.3336,40.0739],[23.3156,40.0891],[23.3048,40.1043],[23.3192,40.1364],[23.3228,40.1752],[23.3192,40.2106],[23.2976,40.236],[23.258,40.2529],[23.2364,40.2596],[23.2004,40.2664],[23.1824,40.2748],[23.1644,40.2799],[23.15,40.2765],[23.096,40.3069],[23.0852,40.3069],[23.0744,40.3137],[23.0528,40.3187],[23.0276,40.3255],[23.0096,40.3508],[22.9628,40.3795],[22.9448,40.3863],[22.9268,40.3879],[22.8872,40.3863],[22.898,40.4015],[22.8908,40.4183],[22.8584,40.447],[22.862,40.4487],[22.8656,40.4487],[22.8692,40.4487],[22.8656,40.4538],[22.8296,40.4859],[22.8224,40.5028],[22.844,40.5095],[22.9088,40.5112],[22.9412,40.518],[22.9556,40.5264],[22.9628,40.5349],[22.9736,40.5416],[22.9844,40.5534],[22.9772,40.5703],[22.952,40.5821],[22.9448,40.5838],[22.9412,40.5872],[22.9448,40.594],[22.9484,40.6058],[22.934,40.6311],[22.9088,40.6446],[22.8836,40.648],[22.8548,40.6395],[22.862,40.621],[22.8584,40.6058],[22.8512,40.594],[22.8404,40.5838],[22.826,40.5788],[22.8152,40.5737],[22.8152,40.5703],[22.7972,40.5703],[22.7864,40.5737],[22.7792,40.5788],[22.7576,40.5669],[22.7468,40.5551],[22.7432,40.5399],[22.7504,40.523],[22.7432,40.523],[22.736,40.5298],[22.736,40.5146],[22.7288,40.5146],[22.7288,40.523],[22.7216,40.523],[22.718,40.5112],[22.7108,40.5112],[22.7,40.518],[22.6892,40.523],[22.6892,40.5281],[22.6748,40.5264],[22.6568,40.5163],[22.6568,40.5045],[22.6748,40.496],[22.6676,40.496],[22.6604,40.4926],[22.6568,40.4876],[22.6532,40.4774],[22.6496,40.4724],[22.6424,40.4741],[22.628,40.4825],[22.6028,40.4808],[22.592,40.4774],[22.5776,40.469],[22.592,40.4589],[22.6028,40.4437],[22.61,40.4285],[22.6064,40.4133],[22.6172,40.4048],[22.628,40.393],[22.6388,40.3829],[22.6568,40.3795],[22.6604,40.3694],[22.646,40.3457],[22.6208,40.3103],[22.592,40.241],[22.592,40.2309],[22.5524,40.1667],[22.5488,40.1431],[22.556,40.1279],[22.5668,40.111],[22.574,40.0874],[22.5704,40.0654],[22.5704,40.0536],[22.5848,40.0502],[22.5884,40.0452],[22.5992,40.0165],[22.6532,39.9827],[22.6604,39.9776],[22.6676,39.9742],[22.6892,39.9675],[22.6964,39.9641],[22.7,39.9607],[22.7072,39.9607],[22.7108,39.9574],[22.7072,39.9388],[22.7108,39.9354],[22.7108,39.9337],[22.7216,39.8983],[22.7288,39.8848],[22.7396,39.8746],[22.7792,39.8493],[22.8008,39.8408],[22.8152,39.829],[22.8404,39.8037],[22.8512,39.7902],[22.8584,39.7733],[22.8656,39.753],[22.8656,39.7311],[22.8728,39.7159],[22.9016,39.6585],[22.9268,39.5994],[22.9412,39.5808],[22.952,39.5707],[23.006,39.5437],[23.0564,39.5268],[23.096,39.5048],[23.096,39.5014],[23.1032,39.4981],[23.114,39.4677],[23.1248,39.4542],[23.2112,39.3799],[23.222,39.3579],[23.2724,39.3225],[23.294,39.2684],[23.3408,39.1924],[23.3444,39.1789],[23.3336,39.1739],[23.3012,39.1519],[23.2832,39.1468],[23.2436,39.1418],[23.2256,39.1367],[23.2112,39.1316],[23.2148,39.13],[23.2184,39.1266],[23.222,39.1249],[23.2292,39.1249],[23.2292,39.1181],[23.222,39.1164],[23.2148,39.1131],[23.2076,39.108],[23.204,39.1046],[23.1896,39.108],[23.168,39.1063],[23.1464,39.1013],[23.132,39.0945],[23.114,39.0877],[23.0924,39.0894],[23.0528,39.0979],[23.06,39.1114],[23.0744,39.1249],[23.0672,39.1384],[23.0816,39.1468],[23.114,39.1587],[23.114,39.1468],[23.0996,39.1046],[23.1716,39.135],[23.1824,39.1468],[23.1752,39.1553],[23.1824,39.1587],[23.1896,39.1587],[23.1968,39.1553],[23.2004,39.1519],[23.2076,39.157],[23.2148,39.1688],[23.2184,39.1789],[23.2112,39.1907],[23.186,39.2245],[23.1752,39.2346],[23.1788,39.2515],[23.168,39.2684],[23.15,39.2853],[23.1356,39.2971],[23.114,39.3073],[23.0996,39.3123],[23.0204,39.3174],[23.0204,39.3208],[23.0204,39.3258],[23.0168,39.3309],[23.0132,39.336],[23.0024,39.3529],[22.9988,39.3579],[22.9916,39.3579],[22.9628,39.3579],[22.9412,39.3613],[22.9376,39.3613],[22.9412,39.3512],[22.9412,39.3444],[22.934,39.336],[22.9304,39.3241],[22.9304,39.3123],[22.9412,39.3039],[22.9196,39.2988],[22.88,39.2954],[22.844,39.2887],[22.826,39.2718],[22.826,39.233],[22.826,39.2211],[22.8548,39.1587],[22.8584,39.1587],[22.8692,39.1705],[22.88,39.1789],[22.8764,39.1907],[22.8836,39.1907],[22.8908,39.184],[22.8944,39.1722],[22.9016,39.1789],[22.9124,39.1637],[22.916,39.1435],[22.9196,39.1249],[22.9376,39.1114],[22.9376,39.1164],[22.9412,39.1164],[22.9412,39.1181],[22.9376,39.1249],[22.9376,39.1316],[22.9628,39.1198],[22.9736,39.1013],[22.9808,39.0844],[22.9988,39.0692],[22.9916,39.0573],[22.9916,39.054],[22.9988,39.0489],[22.9664,39.0354],[22.9592,39.0253],[22.9628,39.0084],[23.0168,39.0337],[23.042,39.0405],[23.0744,39.0422],[23.0744,39.0371],[23.0636,39.0286],[23.0312,39.0151],[23.024,39.0084],[23.0204,39.0016],[23.0132,38.9814],[23.006,38.9746],[22.9988,38.9662],[22.9952,38.9628],[22.9916,38.9594],[22.9844,38.9543],[22.9772,38.9527],[22.9628,38.956],[22.9556,38.9543],[22.9484,38.9493],[22.9448,38.9476],[22.9376,38.9476],[22.9412,38.9358],[22.9412,38.9324],[22.9268,38.9324],[22.9088,38.9223],[22.898,38.9189],[22.8872,38.9223],[22.8728,38.9256],[22.8584,38.929],[22.8476,38.9256],[22.8404,38.9189],[22.8368,38.8969],[22.8296,38.8919],[22.8044,38.8902],[22.7972,38.8868],[22.7936,38.8784],[22.7792,38.8784],[22.754,38.8733],[22.7324,38.8716],[22.7216,38.8817],[22.718,38.8902],[22.7072,38.8868],[22.6892,38.8784],[22.682,38.88],[22.664,38.8902],[22.6568,38.8919],[22.6568,38.8936],[22.6208,38.9138],[22.6136,38.9138],[22.5956,38.902],[22.5884,38.8986],[22.5812,38.8936],[22.5704,38.8919],[22.5596,38.8919],[22.5524,38.8885],[22.5452,38.8851],[22.538,38.8784],[22.5344,38.88],[22.5236,38.8851],[22.5236,38.8581],[22.574,38.8649],[22.574,38.8581],[22.5524,38.848],[22.5632,38.8361],[22.5812,38.8328],[22.592,38.8446],[22.5992,38.8446],[22.592,38.8294],[22.6064,38.8311],[22.6208,38.8345],[22.6316,38.8345],[22.6424,38.8294],[22.6892,38.8497],[22.7036,38.8513],[22.7252,38.8193],[22.7468,38.799],[22.7576,38.7939],[22.7684,38.7855],[22.7792,38.7821],[22.7864,38.7821],[22.8044,38.7872],[22.8152,38.7889],[22.8296,38.7855],[22.844,38.7787],[22.8584,38.7669],[22.8656,38.7551],[22.8872,38.772],[22.898,38.7754],[22.916,38.7754],[22.9268,38.772],[22.9448,38.7585],[22.9592,38.7551],[23.0168,38.7551],[23.042,38.7467],[23.06,38.7281],[23.0888,38.6487],[23.1032,38.6386],[23.1248,38.6369],[23.132,38.6403],[23.1464,38.6487],[23.1572,38.6538],[23.168,38.6521],[23.1824,38.6538],[23.1968,38.6656],[23.1752,38.6774],[23.168,38.6791],[23.186,38.6859],[23.204,38.6825],[23.2364,38.6656],[23.2544,38.6622],[23.2868,38.6588],[23.3048,38.6521],[23.3192,38.6436],[23.33,38.6301],[23.3372,38.6166],[23.3336,38.6048],[23.3228,38.5947],[23.3048,38.5896],[23.294,38.5795],[23.2868,38.5558],[23.294,38.5677],[23.3084,38.5694],[23.3192,38.5626],[23.33,38.5525],[23.3408,38.5457],[23.366,38.5406],[23.3804,38.5356],[23.3804,38.5288],[23.3732,38.5254],[23.3516,38.5254],[23.3408,38.5221],[23.33,38.5153],[23.33,38.5086],[23.3336,38.5035],[23.3516,38.5018],[23.42,38.5035],[23.5208,38.49],[23.5316,38.4984],[23.5424,38.5119],[23.5676,38.5018],[23.6,38.4731],[23.582,38.463],[23.5748,38.4613],[23.5748,38.4528],[23.5856,38.4512],[23.5964,38.4461],[23.6,38.441],[23.5928,38.4326],[23.5928,38.4258],[23.6252,38.414],[23.672,38.3566],[23.7116,38.3363],[23.726,38.3363],[23.7836,38.3431],[23.8052,38.3329],[23.816,38.3313],[23.9132,38.2975],[23.9312,38.2958],[23.9492,38.2907],[23.9672,38.2789],[23.9924,38.2536],[24.0392,38.2232],[24.0464,38.2164],[24.05,38.2114],[24.068,38.2046],[24.0716,38.1962],[24.0716,38.1877],[24.068,38.181],[24.068,38.1742],[24.0788,38.1658],[24.0716,38.1624],[24.0644,38.1556],[24.0608,38.1438],[24.0608,38.132],[24.0536,38.1455],[24.0392,38.1438],[23.9888,38.1219],[23.9888,38.1016],[24.0032,38.0594],[24.0104,38.0408],[24.0176,38.0273],[24.0284,38.0155],[24.032,38.0071],[24.0284,37.9986],[24.0176,37.9767],[24.0104,37.9665],[24.0104,37.9581],[24.014,37.948],[24.0176,37.9378],[24.0104,37.926],[24.0212,37.926],[24.0356,37.9226],[24.0428,37.9159],[24.0464,37.9057],[24.0428,37.9007],[24.0104,37.8922],[24.0176,37.8855],[24.0284,37.8804],[24.0392,37.877],[24.0536,37.8787],[24.0464,37.8703],[24.0536,37.8703],[24.068,37.8652],[24.0608,37.8551],[24.0608,37.8483],[24.0608,37.8433],[24.068,37.8365],[24.0608,37.8348],[24.0572,37.8314],[24.0536,37.8281],[24.0536,37.823],[24.0752,37.8112],[24.086,37.801],[24.086,37.7859],[24.086,37.7639],[24.0824,37.7521],[24.0608,37.7335],[24.0716,37.7268],[24.0716,37.72],[24.0608,37.72],[24.0608,37.7132],[24.0644,37.7132],[24.068,37.7099],[24.0644,37.7048],[24.068,37.6997],[24.0644,37.7014],[24.0644,37.7048],[24.0608,37.6997],[24.0716,37.6896],[24.0644,37.6778],[24.0464,37.666],[24.032,37.6508],[24.0212,37.6575],[23.9816,37.671],[23.9672,37.6727],[23.9492,37.6778],[23.942,37.6896],[23.942,37.7268],[23.9348,37.7268],[23.924,37.7217],[23.9132,37.7403],[23.9024,37.7825],[23.8988,37.7791],[23.888,37.774],[23.8808,37.7909],[23.8664,37.8078],[23.8484,37.8179],[23.834,37.8162],[23.8304,37.8196],[23.8268,37.8213],[23.8232,37.8247],[23.8196,37.8298],[23.8124,37.8298],[23.8088,37.8078],[23.798,37.8078],[23.7872,37.8129],[23.78,37.8027],[23.7764,37.8095],[23.7764,37.8146],[23.7728,37.8162],[23.7656,37.8162],[23.7692,37.8281],[23.7656,37.8382],[23.744,37.8568],[23.7404,37.877],[23.7008,37.926],[23.6972,37.9395],[23.6792,37.9463],[23.6648,37.9429],[23.6468,37.9361],[23.6288,37.9328],[23.6288,37.9378],[23.6288,37.9395],[23.636,37.9429],[23.6396,37.9463],[23.6432,37.953],[23.6252,37.948],[23.618,37.953],[23.6108,37.9615],[23.5964,37.9665],[23.582,37.9665],[23.5712,37.9682],[23.5604,37.9733],[23.5532,37.98],[23.5892,38.0071],[23.5964,38.0206],[23.5892,38.0391],[23.582,38.0459],[23.5748,38.0476],[23.5676,38.0442],[23.5604,38.0425],[23.5208,38.0425],[23.51,38.0408],[23.5064,38.0358],[23.4992,38.0307],[23.4956,38.029],[23.4704,38.0273],[23.4596,38.0256],[23.4488,38.0223],[23.4128,37.9935],[23.3948,37.9885],[23.4308,37.98],[23.4092,37.975],[23.33,37.98],[23.2256,37.9733],[23.1896,37.9581],[23.1608,37.9412],[23.1428,37.9294],[23.0924,37.9108],[23.0528,37.926],[23.042,37.9226],[23.0348,37.9226],[23.0276,37.9243],[23.0168,37.926],[23.0132,37.9192],[23.0132,37.9091],[23.0096,37.8973],[23.0024,37.8922],[22.9952,37.8821],[22.9988,37.8635],[23.0132,37.8483],[23.0312,37.85],[23.0492,37.8433],[23.0744,37.8416],[23.096,37.8433],[23.114,37.85],[23.1464,37.8264],[23.1644,37.8146],[23.1824,37.8095],[23.1788,37.7994],[23.1752,37.7892],[23.1788,37.7808],[23.1824,37.774],[23.168,37.7723],[23.15,37.7639],[23.1284,37.7605],[23.1248,37.7571],[23.1248,37.7504],[23.1212,37.7403],[23.1464,37.7251],[23.1608,37.72],[23.1752,37.72],[23.168,37.6964],[23.1644,37.6812],[23.168,37.666],[23.1752,37.644],[23.1608,37.644],[23.1644,37.6237],[23.168,37.6136],[23.1896,37.6069],[23.2292,37.5832],[23.2364,37.59],[23.276,37.5613],[23.2796,37.5596],[23.2832,37.5596],[23.294,37.5562],[23.312,37.5427],[23.3228,37.5376],[23.3372,37.5359],[23.3588,37.5478],[23.3588,37.5748],[23.3408,37.6001],[23.312,37.6102],[23.312,37.617],[23.33,37.6288],[23.348,37.6339],[23.3984,37.6373],[23.4092,37.6254],[23.4056,37.6001],[23.3912,37.5714],[23.3732,37.5562],[23.384,37.5478],[23.3948,37.541],[23.4056,37.5376],[23.4236,37.5359],[23.4236,37.5275],[23.402,37.5224],[23.3948,37.5224],[23.3948,37.5157],[23.402,37.5157],[23.4092,37.5123],[23.438,37.5089],[23.4596,37.4954],[23.4776,37.4903],[23.5244,37.46],[23.5208,37.4549],[23.5172,37.4532],[23.5208,37.4515],[23.5244,37.4464],[23.5244,37.4397],[23.5064,37.4312],[23.4452,37.4144],[23.4416,37.4144],[23.3228,37.4093],[23.3048,37.4127],[23.3084,37.4076],[23.3084,37.4059],[23.3084,37.4025],[23.312,37.3975],[23.276,37.4025],[23.2616,37.4009],[23.2652,37.3907],[23.2292,37.384],[23.2292,37.3755],[23.2364,37.3705],[23.2472,37.3688],[23.258,37.3705],[23.2508,37.3637],[23.2508,37.357],[23.258,37.357],[23.2796,37.3502],[23.2616,37.3434],[23.2436,37.3418],[23.2076,37.3434],[23.186,37.3401],[23.186,37.3316],[23.1932,37.3198],[23.204,37.3029],[23.1824,37.2995],[23.168,37.2995],[23.1572,37.3029],[23.1428,37.3097],[23.1428,37.3164],[23.1608,37.3164],[23.1608,37.3232],[23.15,37.3266],[23.1356,37.3232],[23.1248,37.3249],[23.114,37.3367],[23.1356,37.3299],[23.1284,37.3384],[23.1212,37.3451],[23.0996,37.357],[23.0924,37.3502],[23.0816,37.3502],[23.0744,37.3553],[23.0744,37.357],[23.0708,37.389],[23.0708,37.4009],[23.0852,37.3941],[23.096,37.389],[23.1068,37.3975],[23.114,37.411],[23.114,37.4262],[23.1356,37.4161],[23.1428,37.4127],[23.1428,37.4177],[23.1356,37.4279],[23.1356,37.4329],[23.1356,37.4431],[23.132,37.4481],[23.1248,37.4515],[23.1176,37.4532],[23.1104,37.4566],[23.096,37.4616],[23.0636,37.4549],[23.0456,37.46],[23.06,37.4667],[23.0456,37.487],[23.0204,37.4752],[23.0096,37.4684],[23.006,37.46],[22.9916,37.4954],[22.9808,37.5089],[22.9628,37.5224],[22.9592,37.5224],[22.9484,37.5207],[22.9412,37.5224],[22.9376,37.5258],[22.9376,37.5292],[22.9376,37.5343],[22.9376,37.5359],[22.9232,37.541],[22.9124,37.541],[22.9016,37.541],[22.916,37.5393],[22.9196,37.5359],[22.9232,37.5275],[22.9016,37.5343],[22.8836,37.5326],[22.8692,37.5258],[22.8548,37.5157],[22.8476,37.5207],[22.8188,37.5359],[22.8224,37.5393],[22.826,37.5494],[22.8152,37.5528],[22.8008,37.5613],[22.7972,37.5697],[22.7972,37.5765],[22.79,37.5883],[22.7792,37.5967],[22.7576,37.59],[22.7396,37.5815],[22.7252,37.5663],[22.7216,37.541],[22.7252,37.5359],[22.736,37.5241],[22.736,37.5191],[22.736,37.5123],[22.7324,37.5005],[22.7288,37.4937],[22.736,37.4836],[22.7396,37.4768],[22.7468,37.4735],[22.7504,37.4667],[22.7504,37.4616],[22.7504,37.4431],[22.754,37.4397],[22.7648,37.4312],[22.7648,37.4211],[22.7576,37.4076],[22.7576,37.3975],[22.8116,37.3485],[22.8188,37.3434],[22.8116,37.3299],[22.826,37.3299],[22.826,37.3232],[22.8188,37.3232],[22.8188,37.3164],[22.8296,37.308],[22.8548,37.2742],[22.862,37.2556],[22.8944,37.2067],[22.898,37.2033],[22.9052,37.1932],[22.9124,37.183],[22.9052,37.178],[22.9016,37.1729],[22.898,37.1594],[22.8944,37.1341],[22.9016,37.1206],[22.9232,37.1172],[22.9412,37.1206],[22.9556,37.1239],[22.9556,37.1189],[22.9592,37.1172],[22.9628,37.1138],[22.9628,37.1104],[22.9556,37.107],[22.9592,37.1054],[22.9628,37.1037],[22.9556,37.0952],[22.9736,37.0902],[22.9808,37.0834],[22.9808,37.0783],[22.9628,37.0834],[22.9736,37.0648],[22.9988,37.0327],[22.9988,37.0209],[23.006,37.004],[23.0132,36.9872],[23.006,36.9872],[22.9952,36.9872],[22.9916,36.9872],[22.9916,36.9821],[23.0024,36.972],[23.006,36.9669],[23.006,36.9703],[23.0096,36.9703],[23.0132,36.9736],[23.0132,36.9635],[23.0168,36.9551],[23.0168,36.9466],[23.0132,36.9382],[23.0204,36.9264],[23.042,36.8858],[23.0492,36.8774],[23.0456,36.869],[23.06,36.8521],[23.0852,36.8284],[23.0924,36.8183],[23.096,36.8065],[23.0924,36.798],[23.0816,36.7947],[23.0816,36.7896],[23.0924,36.7879],[23.0996,36.7862],[23.114,36.7811],[23.1104,36.7744],[23.0996,36.7659],[23.096,36.7609],[23.0924,36.7558],[23.0924,36.7524],[23.0924,36.7491],[23.096,36.744],[23.0888,36.7322],[23.0744,36.7339],[23.06,36.7406],[23.0528,36.7474],[23.042,36.7356],[23.0312,36.7254],[23.024,36.7153],[23.0384,36.7068],[23.0384,36.7035],[23.0348,36.695],[23.0312,36.6933],[23.06,36.6933],[23.0348,36.6748],[23.0348,36.6494],[23.0492,36.6224],[23.0708,36.5971],[23.0816,36.5785],[23.0852,36.5768],[23.1032,36.5701],[23.1176,36.5616],[23.1356,36.5549],[23.1392,36.5498],[23.1428,36.5464],[23.1464,36.5414],[23.1536,36.5414],[23.1464,36.5363],[23.1428,36.5346],[23.1428,36.5279],[23.1464,36.5228],[23.1464,36.5177],[23.1428,36.5127],[23.1356,36.5076],[23.1536,36.4873],[23.1824,36.4721],[23.204,36.4569],[23.1968,36.4333],[23.1608,36.4468],[23.1536,36.435],[23.1392,36.4333],[23.096,36.4434],[23.0852,36.4536],[23.078,36.4654],[23.0672,36.4738],[23.0672,36.4789],[23.0708,36.4924],[23.0636,36.5093],[23.0528,36.5228],[23.0348,36.5279],[22.9916,36.5211],[22.9736,36.5194],[22.9628,36.5312],[22.9592,36.5481],[22.9376,36.587],[22.9304,36.5971],[22.916,36.6055],[22.8764,36.6309],[22.8872,36.6427],[22.8836,36.6545],[22.844,36.6849],[22.8368,36.6866],[22.8332,36.6781],[22.8188,36.6646],[22.8152,36.6714],[22.8152,36.6798],[22.8188,36.7035],[22.8188,36.7187],[22.808,36.7389],[22.8008,36.7761],[22.7864,36.793],[22.7648,36.8048],[22.736,36.8082],[22.6856,36.8099],[22.6208,36.8031],[22.5776,36.7828],[22.5776,36.7406],[22.5452,36.722],[22.5344,36.7068],[22.5236,36.6849],[22.5416,36.6849],[22.5488,36.6781],[22.5524,36.6663],[22.5524,36.6511],[22.5452,36.6511],[22.5452,36.6579],[22.5416,36.6646],[22.5344,36.6714],[22.5236,36.6714],[22.5164,36.6663],[22.5128,36.6562],[22.5092,36.6477],[22.5128,36.6444],[22.5308,36.6326],[22.5272,36.6123],[22.5128,36.6022],[22.5056,36.6241],[22.4912,36.6174],[22.484,36.6072],[22.484,36.5481],[22.4876,36.5245],[22.4912,36.5059],[22.5128,36.4671],[22.5056,36.4603],[22.5128,36.4519],[22.4984,36.4451],[22.4948,36.435],[22.4984,36.4232],[22.5056,36.4113],[22.5056,36.4046],[22.4948,36.4046],[22.4912,36.4029],[22.4912,36.3978],[22.4912,36.3911],[22.4804,36.4012],[22.4768,36.4198],[22.4768,36.4384],[22.4696,36.4519],[22.4552,36.462],[22.4192,36.4738],[22.4084,36.4873],[22.4012,36.4873],[22.3904,36.4789],[22.3796,36.4806],[22.3724,36.489],[22.3652,36.4975],[22.3544,36.5127],[22.3544,36.5228],[22.3616,36.5329],[22.3688,36.5481],[22.3832,36.5447],[22.3868,36.5566],[22.3832,36.5718],[22.3724,36.5819],[22.3796,36.587],[22.3868,36.6022],[22.3688,36.6022],[22.3688,36.6157],[22.3688,36.6309],[22.3724,36.6427],[22.3868,36.6444],[22.3868,36.6511],[22.3688,36.6562],[22.3688,36.6731],[22.3868,36.7068],[22.358,36.7018],[22.34,36.7271],[22.322,36.7575],[22.304,36.7744],[22.3076,36.7947],[22.2932,36.82],[22.2212,36.8977],[22.1996,36.9061],[22.1744,36.8909],[22.1492,36.9078],[22.1384,36.9179],[22.1348,36.9314],[22.142,36.9365],[22.1456,36.9466],[22.1492,36.9568],[22.1492,36.9669],[22.1528,36.9872],[22.1564,37.0142],[22.1528,37.0209],[22.0844,37.0327],[22.0484,37.0344],[22.0304,37.0311],[21.9908,37.0125],[21.9548,37.004],[21.944,36.9939],[21.9368,36.9804],[21.926,36.8842],[21.9224,36.8723],[21.9224,36.8639],[21.926,36.8521],[21.9332,36.8436],[21.9332,36.8335],[21.9296,36.8217],[21.944,36.8099],[21.9548,36.8031],[21.9692,36.8014],[21.9692,36.7947],[21.9584,36.7947],[21.944,36.7896],[21.9404,36.7828],[21.944,36.7744],[21.9368,36.7659],[21.8936,36.7356],[21.89,36.7305],[21.8828,36.7271],[21.8756,36.7271],[21.8576,36.7558],[21.854,36.7575],[21.8216,36.8082],[21.8036,36.8082],[21.7892,36.8048],[21.764,36.7947],[21.7532,36.8048],[21.728,36.8132],[21.7208,36.8217],[21.7172,36.8217],[21.7064,36.8183],[21.7028,36.8251],[21.6956,36.8386],[21.6884,36.8504],[21.692,36.8588],[21.692,36.8673],[21.6884,36.8774],[21.6884,36.8909],[21.692,36.901],[21.7064,36.9179],[21.71,36.9264],[21.71,36.9433],[21.7028,36.9568],[21.6884,36.9652],[21.6668,36.9601],[21.6776,36.9635],[21.6812,36.9669],[21.6812,36.9736],[21.674,36.9736],[21.6668,36.9703],[21.6632,36.9601],[21.656,36.9939],[21.6308,37.0209],[21.5984,37.0463],[21.5804,37.0766],[21.5696,37.1155],[21.566,37.156],[21.5732,37.1932],[21.5912,37.2202],[21.656,37.2607],[21.6812,37.2843],[21.6956,37.3164],[21.692,37.357],[21.6812,37.3789],[21.674,37.3958],[21.6056,37.4988],[21.5696,37.5461],[21.5516,37.5613],[21.4652,37.6102],[21.4436,37.6187],[21.4328,37.6271],[21.4112,37.6474],[21.4004,37.6558],[21.3428,37.6693],[21.3248,37.6643],[21.3176,37.6373],[21.314,37.6373],[21.3104,37.6474],[21.3104,37.6575],[21.3068,37.666],[21.2996,37.6727],[21.3104,37.693],[21.314,37.7099],[21.3104,37.7268],[21.296,37.7723],[21.2852,37.7859],[21.2708,37.7926],[21.2276,37.8112],[21.1232,37.8382],[21.1124,37.8433],[21.1088,37.8551],[21.1124,37.8703],[21.1052,37.8787],[21.134,37.9463],[21.1412,37.9463],[21.1628,37.9294],[21.206,37.9463],[21.2528,37.9767],[21.278,38.0003],[21.2924,37.9969],[21.3032,38.0037],[21.314,38.0138],[21.3248,38.0223],[21.3248,38.029],[21.3212,38.0307],[21.3212,38.0324],[21.3176,38.0358],[21.3104,38.0324],[21.2996,38.0273],[21.2888,38.0206],[21.2852,38.0155],[21.3284,38.0695],[21.332,38.0763],[21.368,38.1219],[21.3716,38.132],[21.3752,38.1438],[21.3752,38.2046],[21.3752,38.2198],[21.386,38.2114],[21.3968,38.1928],[21.4076,38.186],[21.4076,38.1979],[21.404,38.208],[21.4004,38.2147],[21.4076,38.208],[21.422,38.2029],[21.44,38.1996],[21.458,38.1996],[21.4724,38.1962],[21.5228,38.1658],[21.602,38.1523],[21.6236,38.154],[21.6416,38.1624],[21.674,38.1793],[21.7028,38.2046],[21.7424,38.2705],[21.764,38.2958],[21.8396,38.3329],[21.8504,38.3414],[21.9152,38.3313],[21.9368,38.3313],[21.9476,38.3329],[21.9548,38.3363],[21.9656,38.3296],[21.9764,38.3228],[21.9908,38.3194],[22.0088,38.3161],[22.0196,38.3127],[22.0268,38.3042],[22.0304,38.2924],[22.0376,38.2823],[22.0484,38.2755],[22.0772,38.2637],[22.088,38.262],[22.0988,38.262],[22.1096,38.2671],[22.1132,38.2671],[22.1204,38.2603],[22.1276,38.257],[22.1384,38.2536],[22.142,38.2485],[22.1528,38.2232],[22.16,38.2131],[22.1708,38.2097],[22.2068,38.1996],[22.2104,38.1979],[22.214,38.1928],[22.2176,38.1877],[22.2248,38.186],[22.2572,38.186],[22.3004,38.1776],[22.3112,38.1725],[22.3328,38.1793],[22.3472,38.1708],[22.3652,38.159],[22.394,38.1489],[22.4048,38.1421],[22.4156,38.1371],[22.4264,38.1421],[22.4336,38.1438],[22.5128,38.1286],[22.6208,38.083],[22.682,38.0662],[22.6892,38.0594],[22.7,38.056],[22.7792,38.0003],[22.7972,37.9767],[22.8008,37.9733],[22.8224,37.9699],[22.8512,37.948],[22.8656,37.9395],[22.8836,37.9378],[22.898,37.9395],[22.9232,37.9463],[22.9304,37.9463],[22.9376,37.9463],[22.9448,37.9463],[22.952,37.9496],[22.9736,37.9733],[22.9736,37.9783],[22.9664,37.9902],[22.952,38.002],[22.9412,38.0071],[22.9232,38.0121],[22.898,38.0273],[22.88,38.029],[22.8836,38.0324],[22.8872,38.0341],[22.8548,38.0358],[22.8764,38.0493],[22.8836,38.0543],[22.898,38.056],[22.9124,38.0594],[22.934,38.078],[22.9412,38.083],[22.97,38.0814],[23.0204,38.0645],[23.0384,38.0695],[23.0672,38.0594],[23.0996,38.0628],[23.1716,38.0797],[23.1896,38.0949],[23.2076,38.0982],[23.2184,38.1033],[23.2112,38.1151],[23.1932,38.1269],[23.1752,38.132],[23.1752,38.1371],[23.1752,38.1455],[23.1896,38.1455],[23.2112,38.1506],[23.222,38.1523],[23.222,38.159],[23.2148,38.1607],[23.1428,38.1675],[23.1284,38.1725],[23.15,38.186],[23.1212,38.208],[23.1104,38.2097],[23.078,38.186],[23.0672,38.1827],[23.0312,38.186],[23.0312,38.1928],[23.0528,38.1928],[23.0384,38.208],[23.024,38.2164],[23.0096,38.2198],[22.952,38.2249],[22.934,38.2215],[22.9232,38.2063],[22.9376,38.2114],[22.952,38.2097],[22.9628,38.2046],[22.97,38.1928],[22.952,38.1928],[22.9232,38.1979],[22.9088,38.1928],[22.8944,38.2418],[22.8872,38.2418],[22.88,38.2266],[22.88,38.2316],[22.8764,38.2367],[22.8764,38.2418],[22.8548,38.2367],[22.8188,38.2333],[22.8044,38.2266],[22.7648,38.2485],[22.772,38.2587],[22.79,38.2705],[22.7972,38.2823],[22.7792,38.289],[22.7432,38.2975],[22.718,38.311],[22.7036,38.3144],[22.6964,38.3161],[22.6928,38.3228],[22.6748,38.3431],[22.6856,38.3617],[22.6712,38.3819],[22.646,38.3904],[22.628,38.3718],[22.646,38.3701],[22.646,38.3617],[22.6352,38.3566],[22.6244,38.3617],[22.6136,38.3633],[22.5992,38.3549],[22.592,38.3448],[22.5884,38.3363],[22.5884,38.3313],[22.592,38.3279],[22.5956,38.3262],[22.5992,38.3245],[22.6064,38.3228],[22.6064,38.3161],[22.5992,38.3127],[22.5992,38.311],[22.5992,38.3076],[22.5992,38.3026],[22.5884,38.2924],[22.5776,38.2907],[22.5632,38.2941],[22.5452,38.3026],[22.5452,38.3059],[22.5344,38.3228],[22.5308,38.3228],[22.5272,38.3296],[22.5272,38.3313],[22.5272,38.3346],[22.538,38.3363],[22.5236,38.3583],[22.4768,38.4056],[22.4696,38.4208],[22.4624,38.4258],[22.4588,38.4275],[22.448,38.4309],[22.4012,38.4528],[22.4012,38.4427],[22.4084,38.4258],[22.4084,38.4157],[22.3796,38.3988],[22.3724,38.392],[22.3796,38.3836],[22.3868,38.3802],[22.3904,38.3802],[22.394,38.3853],[22.3976,38.3752],[22.3976,38.3684],[22.3904,38.3617],[22.3796,38.3583],[22.3868,38.3515],[22.3832,38.3431],[22.3688,38.3414],[22.3472,38.3481],[22.322,38.3515],[22.286,38.3481],[22.2788,38.3532],[22.268,38.3583],[22.2536,38.3617],[22.2428,38.3583],[22.2356,38.3583],[22.2248,38.36],[22.2104,38.3532],[22.196,38.3397],[22.1888,38.3228],[22.1816,38.3296],[22.1744,38.3431],[22.1672,38.3515],[22.16,38.3532],[22.1492,38.3532],[22.1456,38.3532],[22.1492,38.3633],[22.1312,38.3735],[22.1024,38.3802],[22.0484,38.3988],[22.0304,38.3988],[22.0124,38.392],[21.9872,38.4106],[21.9584,38.4123],[21.9296,38.4022],[21.89,38.3802],[21.8792,38.3785],[21.8648,38.3769],[21.8576,38.3802],[21.8504,38.3887],[21.8468,38.3954],[21.8396,38.3988],[21.8324,38.3971],[21.782,38.3633],[21.7748,38.3532],[21.7712,38.3329],[21.764,38.3279],[21.7424,38.338],[21.7172,38.3583],[21.6596,38.3583],[21.6416,38.3549],[21.6272,38.3481],[21.6128,38.3448],[21.5984,38.3515],[21.5336,38.3144],[21.5228,38.2958],[21.5192,38.2958],[21.5084,38.3026],[21.494,38.3042],[21.4832,38.3059],[21.476,38.3059],[21.4688,38.3127],[21.4292,38.3313],[21.4436,38.3346],[21.4616,38.3262],[21.476,38.3161],[21.4904,38.3093],[21.4904,38.3161],[21.4868,38.3211],[21.4832,38.3245],[21.4832,38.3296],[21.4904,38.3363],[21.4796,38.3414],[21.476,38.3431],[21.476,38.3515],[21.4796,38.3532],[21.4904,38.3583],[21.4688,38.3583],[21.476,38.3718],[21.4652,38.3684],[21.458,38.3667],[21.4508,38.3667],[21.4436,38.3718],[21.4364,38.3684],[21.4328,38.3667],[21.422,38.3633],[21.4292,38.3836],[21.4148,38.3937],[21.3968,38.3988],[21.3788,38.3988],[21.3716,38.4089],[21.3608,38.468],[21.3392,38.4883],[21.3284,38.4951],[21.3212,38.4967],[21.3176,38.4951],[21.3068,38.4951],[21.3104,38.4866],[21.3536,38.4326],[21.3392,38.4326],[21.3428,38.4292],[21.3464,38.4258],[21.3428,38.4157],[21.3392,38.4039],[21.3356,38.3954],[21.3284,38.392],[21.3176,38.3904],[21.2996,38.3819],[21.2924,38.3769],[21.2924,38.3735],[21.296,38.3735],[21.2996,38.3718],[21.2924,38.3633],[21.278,38.3701],[21.2708,38.3684],[21.2672,38.3617],[21.2672,38.3583],[21.2708,38.3549],[21.2636,38.3465],[21.2492,38.3363],[21.2384,38.3313],[21.2312,38.3296],[21.2132,38.3313],[21.206,38.3346],[21.1988,38.3397],[21.188,38.3414],[21.1808,38.3313],[21.188,38.3262],[21.1916,38.3245],[21.1988,38.3228],[21.1952,38.3211],[21.1844,38.3194],[21.1736,38.3127],[21.1736,38.3026],[21.1556,38.3042],[21.1484,38.3144],[21.1448,38.3279],[21.1412,38.3363],[21.1268,38.3397],[21.098,38.3414],[21.0836,38.3431],[21.098,38.3481],[21.1052,38.3532],[21.1088,38.36],[21.1052,38.3718],[21.098,38.3667],[21.0908,38.3633],[21.1016,38.3802],[21.1052,38.3853],[21.1016,38.3785],[21.1124,38.3735],[21.1232,38.3802],[21.134,38.3887],[21.1412,38.3988],[21.1232,38.4106],[21.116,38.4089],[21.1052,38.3988],[21.0944,38.4022],[21.0872,38.4106],[21.08,38.4208],[21.08,38.4326],[21.0836,38.4343],[21.0836,38.436],[21.0836,38.441],[21.0944,38.4309],[21.1052,38.4258],[21.116,38.4275],[21.1196,38.441],[21.1052,38.4326],[21.1124,38.4461],[21.1016,38.4647],[21.1052,38.4731],[21.1052,38.4815],[21.098,38.4815],[21.0908,38.4832],[21.08,38.4883],[21.0872,38.4917],[21.0944,38.4934],[21.098,38.4951],[21.0944,38.4967],[21.0908,38.5001],[21.0836,38.5018],[21.0944,38.5187],[21.098,38.5254],[21.0944,38.5322],[21.0872,38.5373],[21.08,38.5322],[21.0728,38.5254],[21.062,38.5221],[21.0584,38.5187],[21.0476,38.5119],[21.0368,38.5069],[21.0296,38.5119],[21.0296,38.5204],[21.0188,38.5356],[21.0152,38.5457],[21.026,38.5862],[21.026,38.6082],[21.0044,38.6268],[20.9864,38.6639],[20.9792,38.6724],[20.9396,38.6724],[20.9252,38.6774],[20.9144,38.6859],[20.9072,38.6994],[20.882,38.7787],[20.8748,38.7956],[20.8604,38.8041],[20.846,38.799],[20.8316,38.7872],[20.8172,38.7737],[20.81,38.7618],[20.8028,38.7737],[20.7992,38.772],[20.792,38.7669],[20.7848,38.7686],[20.774,38.7602],[20.7704,38.7652],[20.7668,38.7737],[20.7632,38.7821],[20.7308,38.8041],[20.7308,38.8091],[20.738,38.8226],[20.7416,38.8412],[20.7488,38.8564],[20.7668,38.8649],[20.7884,38.8632],[20.7992,38.8649],[20.8064,38.8682],[20.8028,38.8733],[20.7956,38.88],[20.7848,38.8834],[20.7632,38.8919],[20.756,38.9071],[20.7524,38.9256],[20.756,38.9408],[20.7704,38.9594],[20.774,38.951],[20.7812,38.9358],[20.7992,38.9256],[20.8172,38.9206],[20.8352,38.929],[20.8496,38.9442],[20.8604,38.9611],[20.8676,38.9611],[20.8712,38.9527],[20.8712,38.9476],[20.8712,38.9442],[20.8676,38.9408],[20.8676,38.9391],[20.8712,38.9358],[20.8712,38.9324],[20.8676,38.9256],[20.8856,38.9256],[20.9036,38.9273],[20.9144,38.9358],[20.9216,38.9543],[20.9288,38.9543],[20.936,38.9442],[20.9468,38.9442],[20.9612,38.9459],[20.9756,38.9476],[20.99,38.9425],[20.9972,38.9375],[21.008,38.9341],[21.026,38.9324],[21.0296,38.9256],[21.026,38.9121],[21.026,38.8986],[21.0332,38.8919],[21.0476,38.8885],[21.062,38.8817],[21.0836,38.8649],[21.0872,38.8733],[21.0872,38.8784],[21.0944,38.8817],[21.098,38.8851],[21.098,38.8919],[21.0908,38.9037],[21.1016,38.9104],[21.1196,38.9104],[21.1376,38.902],[21.1592,38.88],[21.1592,38.8784],[21.1664,38.875],[21.1736,38.8733],[21.1772,38.8767],[21.1808,38.8851],[21.1736,38.8919],[21.17,38.8952],[21.1664,38.9104],[21.1628,38.9121],[21.1592,38.9104],[21.1556,38.9138],[21.1412,38.9307],[21.1412,38.9408],[21.1484,38.9543],[21.1412,38.9628],[21.1448,38.9712],[21.152,38.9763],[21.1592,38.9746],[21.1592,38.9982],[21.134,39.0236],[21.0836,39.0624],[21.0764,39.0573],[21.0728,39.0506],[21.0728,39.0438],[21.08,39.0371],[21.0656,39.0405],[21.062,39.0388],[21.0548,39.0371],[21.0368,39.0219],[21.0584,39.0084],[21.0044,39.0151],[21.0044,39.0219],[20.99,39.0236],[20.9792,39.0303],[20.9684,39.0371],[20.9648,39.0388],[20.954,39.0337],[20.9432,39.0388],[20.936,39.0472],[20.936,39.0573],[20.9396,39.0607],[20.9468,39.0624],[20.9468,39.0692],[20.9396,39.0692],[20.9324,39.0641],[20.9216,39.0641],[20.9108,39.0692],[20.9,39.0776],[20.8928,39.0776],[20.8892,39.0675],[20.8712,39.059],[20.8676,39.0523],[20.8712,39.0438],[20.882,39.0405],[20.8856,39.0371],[20.846,39.0371],[20.8604,39.0422],[20.8568,39.0489],[20.8568,39.059],[20.8532,39.0658],[20.846,39.0624],[20.846,39.0675],[20.846,39.0692],[20.846,39.0709],[20.846,39.0725],[20.846,39.0776],[20.8388,39.0776],[20.8316,39.0776],[20.828,39.0742],[20.8244,39.0692],[20.8388,39.0911],[20.8352,39.108],[20.8208,39.1148],[20.81,39.1046],[20.8064,39.1114],[20.8028,39.1046],[20.7956,39.0979],[20.7884,39.0945],[20.7776,39.0911],[20.7776,39.0827],[20.792,39.081],[20.7884,39.0725],[20.7884,39.0607],[20.7848,39.0489],[20.7776,39.0422],[20.7704,39.0371],[20.7632,39.032],[20.756,39.0219],[20.7416,39.0286],[20.7452,39.0185],[20.7452,39.0151],[20.7488,39.0134],[20.756,39.0151],[20.8028,38.9847],[20.8244,38.978],[20.828,38.9712],[20.8316,38.9645],[20.828,38.9611],[20.8208,38.9628],[20.8028,38.9712],[20.774,38.978],[20.7668,38.978],[20.756,38.9746],[20.756,38.9695],[20.7452,38.9577],[20.7344,38.9493],[20.7308,38.9577],[20.7272,38.9662],[20.72,38.9729],[20.7128,38.9797],[20.7092,38.9847],[20.7092,38.9898],[20.7056,38.9932],[20.702,38.9966],[20.702,38.9982],[20.7056,39.005],[20.7092,39.0084],[20.7128,39.0118],[20.7164,39.0151],[20.7056,39.0489],[20.6876,39.0725],[20.6588,39.0894],[20.6264,39.1046],[20.5976,39.1232],[20.5184,39.2009],[20.4896,39.2161],[20.4788,39.2245],[20.4824,39.2346],[20.4788,39.2431],[20.4752,39.2549],[20.4752,39.2667],[20.4824,39.2752],[20.4824,39.2819],[20.4716,39.2786],[20.4608,39.2769],[20.4536,39.2802],[20.45,39.2887],[20.432,39.2836],[20.4176,39.2836],[20.4068,39.2887],[20.3924,39.2971],[20.3672,39.287],[20.324,39.3039],[20.2916,39.3343],[20.2916,39.3647],[20.2772,39.3748],[20.27,39.3866],[20.2592,39.3968],[20.2376,39.4001],[20.2376,39.4069],[20.2412,39.4069],[20.2412,39.412],[20.234,39.4204],[20.2232,39.4356],[20.216,39.4407],[20.234,39.444],[20.252,39.444],[20.2664,39.4474],[20.2628,39.4609],[20.2556,39.4694],[20.216,39.4879],[20.216,39.4947],[20.234,39.4947],[20.2448,39.4913],[20.2556,39.493],[20.2628,39.5014],[20.2628,39.5082],[20.252,39.515],[20.2376,39.52],[20.2232,39.5217],[20.2232,39.5082],[20.2124,39.515],[20.2016,39.52],[20.1908,39.5217],[20.2016,39.5302],[20.1836,39.5335],[20.1656,39.5352],[20.1512,39.5335],[20.1332,39.5302],[20.1404,39.5386],[20.144,39.547],[20.1476,39.5572],[20.1476,39.5707],[20.1548,39.5639],[20.162,39.5639],[20.1692,39.569],[20.1728,39.5774],[20.1764,39.5808],[20.1728,39.5926],[20.1728,39.5977],[20.1764,39.5994],[20.1872,39.6044],[20.1836,39.6247],[20.1656,39.6332],[20.1476,39.6382],[20.1404,39.6416],[20.1368,39.6467],[20.1224,39.6568],[20.1152,39.6585],[20.1044,39.6619],[20.0972,39.6652],[20.09,39.6737],[20.0432,39.6804],[20.0216,39.6872],[20.0108,39.6939],[20.0036,39.6923],[20,39.6939],[19.9964,39.6923],[19.9964,39.6872],[19.9892,39.6872],[19.982,39.7007],[19.9856,39.7176],[20.0036,39.748],[19.9856,39.753],[19.982,39.7581],[19.9964,39.7834],[20.0144,39.8324],[20.018,39.8442],[20.0108,39.8662],[20,39.8712],[19.982,39.8729],[19.9604,39.878],[19.9604,39.8814],[19.9604,39.8848],[19.9604,39.8898],[19.9532,39.8932],[19.9424,39.8983],[19.9316,39.9016],[19.9136,39.9016],[19.9064,39.9067],[19.9064,39.9135],[19.9208,39.927],[19.9316,39.9337],[19.9424,39.9405],[19.9244,39.9523],[19.8776,40.0215],[19.8704,40.035],[19.8632,40.0452],[19.856,40.0502],[19.8236,40.0502],[19.8056,40.0536],[19.7948,40.057],[19.8056,40.0637],[19.7768,40.0772],[19.7732,40.0705],[19.7732,40.0688],[19.7696,40.0637],[19.766,40.0722],[19.7624,40.0772],[19.7552,40.0806],[19.748,40.084],[19.748,40.0891],[19.7408,40.1009],[19.7336,40.111],[19.73,40.1076],[19.7192,40.1161],[19.6544,40.133],[19.5968,40.1583],[19.5644,40.1803],[19.5104,40.1938],[19.478,40.214],[19.3808,40.2951],[19.37,40.3086],[19.3664,40.317],[19.352,40.3626],[19.3448,40.3744],[19.3088,40.4015],[19.298,40.4133],[19.2944,40.4183],[19.2908,40.42],[19.2908,40.4268],[19.316,40.4386],[19.334,40.4386],[19.3484,40.4302],[19.3844,40.3981],[19.3916,40.3863],[19.406,40.3626],[19.4132,40.3474],[19.4132,40.3339],[19.424,40.3305],[19.4456,40.3339],[19.4672,40.3407],[19.4744,40.3491],[19.4816,40.4386],[19.478,40.4538],[19.4528,40.4656],[19.4204,40.4926],[19.3916,40.5213],[19.388,40.5433],[19.3916,40.5365],[19.3952,40.5298],[19.3988,40.5213],[19.406,40.523],[19.4132,40.523],[19.4348,40.5061],[19.4456,40.5112],[19.4528,40.5298],[19.4564,40.5534],[19.442,40.5737],[19.4168,40.5838],[19.3916,40.5788],[19.388,40.5501],[19.3808,40.5669],[19.3088,40.6446],[19.3052,40.6531],[19.3088,40.6649],[19.3232,40.675],[19.3376,40.6834],[19.352,40.6936],[19.3592,40.7105],[19.3628,40.7257],[19.3664,40.7865],[19.37,40.8016],[19.3772,40.8135],[19.3952,40.8168],[19.406,40.8202],[19.4024,40.8287],[19.3952,40.8388],[19.3916,40.8456],[19.3988,40.8523],[19.406,40.8607],[19.4096,40.8675],[19.4132,40.8692],[19.406,40.881],[19.3916,40.8945],[19.3808,40.908],[19.3916,40.9131],[19.406,40.9182],[19.424,40.9401],[19.442,40.9486],[19.4276,40.9367],[19.4348,40.9131],[19.4276,40.8928],[19.4276,40.8726],[19.4348,40.8726],[19.4384,40.8861],[19.4384,40.8827],[19.4384,40.8793],[19.442,40.8726],[19.4528,40.8861],[19.5068,40.9047],[19.5248,40.9199],[19.5248,40.9452],[19.514,40.9654],[19.5032,40.9823],[19.496,41.0026],[19.4924,40.9773],[19.478,40.9536],[19.4528,40.9232],[19.4528,40.9283],[19.4492,40.935],[19.46,40.9418],[19.4708,40.957],[19.478,40.9756],[19.4744,40.9958],[19.4708,41.0009],[19.4528,41.006],[19.4492,41.0093],[19.442,41.0212],[19.442,41.0262],[19.4456,41.0313],[19.4564,41.1073],[19.4528,41.1225],[19.4456,41.1292],[19.442,41.1377],[19.442,41.1444],[19.4636,41.1512],[19.4672,41.163],[19.4672,41.1765],[19.4672,41.1883],[19.5104,41.2373],[19.5176,41.2559],[19.514,41.2761],[19.5032,41.2947],[19.4888,41.3065],[19.4708,41.3116],[19.4492,41.3116],[19.4312,41.3133],[19.4204,41.3234],[19.4132,41.342],[19.4132,41.3825],[19.4096,41.391],[19.3952,41.4028],[19.3916,41.4129],[19.406,41.4011],[19.4276,41.4011],[19.4456,41.4146],[19.442,41.4416],[19.4636,41.4501],[19.4888,41.4669],[19.5104,41.4872],[19.5176,41.5142],[19.514,41.5294],[19.5068,41.5362],[19.496,41.5396],[19.4816,41.5446],[19.4672,41.5548],[19.4528,41.575],[19.442,41.5851],[19.5284,41.5767],[19.5572,41.5835],[19.5644,41.5851],[19.586,41.6189],[19.5932,41.6189],[19.5932,41.6088],[19.5968,41.602],[19.604,41.602],[19.6112,41.6054],[19.604,41.6324],[19.6004,41.6392],[19.5932,41.6324],[19.586,41.6409],[19.5572,41.6611],[19.5788,41.6882],[19.5752,41.7185],[19.5716,41.7523],[19.5716,41.7709],[19.5896,41.7658],[19.6004,41.7793],[19.6004,41.7996],[19.5932,41.8182],[19.586,41.8182],[19.4672,41.8553],[19.4528,41.8621],[19.4312,41.8688],[19.3664,41.8519],[19.3484,41.8638],[19.3088,41.8942],[19.2944,41.9009],[19.2188,41.9195],[19.2044,41.9262],[19.1792,41.9347],[19.172,41.9381],[19.1612,41.9482],[19.1612,41.9533],[19.1648,41.9583],[19.1612,41.9685],[19.154,41.9701],[19.1468,41.9769],[19.1396,41.9853],[19.1432,41.9887],[19.1432,41.9938],[19.1396,42.0428],[19.082,42.0816],[19.0748,42.0951],[19.0856,42.1103],[19.0748,42.1154],[19.064,42.1204],[19.0496,42.1407],[19.01,42.139],[19.0028,42.1508],[18.9992,42.161],[18.9956,42.1643],[18.9884,42.1643],[18.9812,42.1677],[18.9668,42.188],[18.9524,42.1998],[18.9128,42.2217],[18.902,42.2369],[18.8948,42.2707],[18.8876,42.2842],[18.8732,42.291],[18.8552,42.291],[18.8372,42.2859],[18.83,42.2775],[18.8264,42.2825],[18.8192,42.2859],[18.8192,42.291],[18.8012,42.2842],[18.794,42.2808],[18.7904,42.2758],[18.7868,42.2741],[18.7796,42.2707],[18.7724,42.2775],[18.7616,42.291],[18.7292,42.3112],[18.7148,42.3247],[18.7148,42.3383],[18.7076,42.3416],[18.7004,42.3501],[18.6932,42.3535],[18.6932,42.3602],[18.6968,42.3737],[18.6788,42.3855],[18.6572,42.3872],[18.6536,42.367],[18.6464,42.367],[18.6392,42.3703],[18.6176,42.3686],[18.614,42.3703],[18.6068,42.3771],[18.596,42.3838],[18.5816,42.3906],[18.5708,42.3923],[18.5744,42.3957],[18.5744,42.3974],[18.5744,42.399],[18.578,42.4007],[18.5528,42.4142],[18.5456,42.4244],[18.5492,42.4345],[18.5636,42.4379],[18.6464,42.4176],[18.6572,42.4159],[18.686,42.4041],[18.7004,42.3923],[18.7076,42.4092],[18.7076,42.421],[18.6824,42.4581],[18.6824,42.4683],[18.686,42.4835],[18.6536,42.4514],[18.6104,42.4446],[18.5024,42.4565],[18.5024,42.448],[18.5204,42.4379],[18.5132,42.4092],[18.5312,42.4007],[18.5096,42.4058],[18.4952,42.4159],[18.4736,42.4413],[18.4592,42.448],[18.4268,42.4548],[18.4124,42.4615],[18.4124,42.4767],[18.2396,42.5595],[18.2216,42.5797],[18.2216,42.5882],[18.2216,42.6017],[18.2252,42.6152],[18.218,42.6202],[18.1676,42.627],[18.1244,42.6439],[18.11,42.6473],[18.092,42.649],[18.0776,42.6506],[18.0632,42.6574],[18.056,42.6675],[18.0776,42.6675],[18.056,42.6827],[18.0488,42.6912],[18.0416,42.7013],[18.0272,42.6912],[18.002,42.7013],[17.9624,42.73],[17.9012,42.752],[17.8796,42.7688],[17.894,42.7908],[17.8652,42.7891],[17.8364,42.8077],[17.8076,42.8127],[17.8004,42.8111],[17.7932,42.8094],[17.786,42.806],[17.7788,42.7975],[17.7752,42.7992],[17.768,42.8026],[17.7644,42.8043],[17.7572,42.8077],[17.7356,42.8212],[17.7212,42.8263],[17.7392,42.8127],[17.75,42.8026],[17.7608,42.779],[17.7608,42.7739],[17.7536,42.7705],[17.75,42.7722],[17.75,42.779],[17.75,42.7857],[17.75,42.7908],[17.7284,42.8009],[17.678,42.8161],[17.6348,42.8229],[17.5808,42.8415],[17.5268,42.8482],[17.4404,42.8735],[17.444,42.8989],[17.4188,42.9107],[17.3504,42.9225],[17.2712,42.963],[17.2388,42.9715],[17.2208,42.9799],[17.2136,42.9833],[17.2028,42.985],[17.0948,42.985],[17.0624,42.99],[17.0444,42.9951],[17.0264,43.0036],[17.0192,43.0137],[17.0264,43.0238],[17.0264,43.0306],[17.0192,43.0339],[17.012,43.039],[17.0084,43.0458],[17.0012,43.0508],[17.0228,43.0491],[17.0552,43.0289],[17.0732,43.0238],[17.1596,43.0306],[17.2388,43.0221],[17.39,42.9782],[17.426,42.9613],[17.4548,42.9428],[17.4548,42.9377],[17.4548,42.9326],[17.4584,42.9276],[17.462,42.9225],[17.4656,42.9208],[17.4764,42.9225],[17.48,42.9225],[17.498,42.9124],[17.5088,42.909],[17.5196,42.9073],[17.5232,42.9107],[17.5232,42.9191],[17.5268,42.9225],[17.5304,42.9208],[17.5412,42.9157],[17.5448,42.9141],[17.5592,42.9124],[17.5664,42.909],[17.5844,42.9006],[17.624,42.8921],[17.642,42.8837],[17.6528,42.8735],[17.66,42.8735],[17.6744,42.8752],[17.7176,42.8448],[17.7428,42.8398],[17.7104,42.8566],[17.7032,42.8685],[17.714,42.8803],[17.7068,42.887],[17.678,42.8786],[17.6528,42.8904],[17.5556,42.9343],[17.5736,42.9343],[17.6024,42.9259],[17.6168,42.9225],[17.6024,42.9326],[17.5808,42.9428],[17.5484,42.9546],[17.534,42.9512],[17.516,42.9597],[17.498,42.9715],[17.4872,42.9833],[17.4764,43.0019],[17.4692,43.0137],[17.48,43.0221],[17.5016,43.0306],[17.4872,43.0356],[17.4728,43.0306],[17.4548,43.0221],[17.4332,43.0171],[17.4404,43.0204],[17.462,43.0306],[17.4512,43.0306],[17.4404,43.0323],[17.4332,43.0356],[17.426,43.0441],[17.4332,43.0508],[17.426,43.061],[17.426,43.0643],[17.4044,43.0508],[17.372,43.0745],[17.318,43.1268],[17.174,43.1825],[17.138,43.2028],[17.12,43.2096],[17.1128,43.2129],[17.1092,43.2264],[17.102,43.2315],[17.0912,43.2349],[17.0804,43.2366],[17.0732,43.2383],[17.066,43.245],[17.0552,43.2568],[17.0552,43.2619],[17.0516,43.2737],[17.048,43.2788],[17.0444,43.2805],[17.0336,43.2822],[17.0264,43.2839],[16.9328,43.3734],[16.9076,43.3869],[16.8968,43.3953],[16.8896,43.4004],[16.8824,43.4054],[16.7528,43.4189],[16.6952,43.4375],[16.6268,43.4493],[16.5332,43.4966],[16.5332,43.5],[16.5332,43.5051],[16.5296,43.5084],[16.526,43.5101],[16.5188,43.5101],[16.508,43.5051],[16.5044,43.5034],[16.4648,43.5101],[16.3928,43.5101],[16.3928,43.5169],[16.4108,43.5186],[16.436,43.5219],[16.4576,43.5287],[16.472,43.5388],[16.4576,43.5456],[16.4324,43.549],[16.3352,43.5507],[16.3244,43.549],[16.3064,43.5405],[16.2992,43.5388],[16.2812,43.5355],[16.238,43.527],[16.1192,43.5253],[16.1192,43.5169],[16.1516,43.5118],[16.166,43.5034],[16.1732,43.4899],[16.112,43.4899],[16.112,43.4797],[16.0976,43.4797],[16.0652,43.4899],[16.04,43.4916],[16.0292,43.4949],[16.0148,43.5034],[16.0076,43.5034],[16.0076,43.4966],[15.9968,43.5034],[15.9752,43.5034],[15.968,43.5101],[15.9644,43.5084],[15.9644,43.5068],[15.9644,43.5034],[15.9608,43.5034],[15.9608,43.5152],[15.968,43.5169],[15.9752,43.5169],[15.9824,43.5203],[15.986,43.527],[15.986,43.5321],[15.9824,43.5371],[15.986,43.5456],[15.9716,43.5439],[15.9644,43.5422],[15.9608,43.5388],[15.9572,43.5473],[15.9464,43.5523],[15.9248,43.5591],[15.9428,43.5608],[15.9428,43.5675],[15.9356,43.5726],[15.9176,43.5726],[15.9176,43.5794],[15.9212,43.581],[15.9284,43.5844],[15.932,43.5861],[15.9212,43.5912],[15.9176,43.5929],[15.9248,43.5996],[15.9176,43.6064],[15.9248,43.6131],[15.9176,43.6283],[15.9284,43.6334],[15.968,43.6334],[15.968,43.6418],[15.9212,43.6486],[15.9032,43.6486],[15.9176,43.6537],[15.9284,43.6537],[15.9356,43.6503],[15.9428,43.6486],[15.9536,43.6503],[15.95,43.657],[15.9428,43.6638],[15.932,43.6689],[15.9464,43.6722],[15.9536,43.679],[15.95,43.6891],[15.9392,43.6959],[15.9392,43.6773],[15.932,43.6773],[15.9068,43.6908],[15.8924,43.7009],[15.8852,43.7009],[15.878,43.7009],[15.8708,43.7026],[15.8636,43.7077],[15.8492,43.7246],[15.8456,43.7296],[15.8024,43.7465],[15.7916,43.755],[15.77,43.76],[15.7052,43.7634],[15.6944,43.7752],[15.6836,43.7972],[15.6584,43.8056],[15.6332,43.8107],[15.6188,43.8259],[15.6476,43.8158],[15.662,43.8124],[15.68,43.8124],[15.68,43.8191],[15.6728,43.8208],[15.6692,43.8208],[15.6656,43.8191],[15.6404,43.836],[15.5756,43.8597],[15.5468,43.8765],[15.5468,43.8782],[15.5252,43.9002],[15.5108,43.9103],[15.4964,43.9154],[15.482,43.9171],[15.4748,43.9188],[15.4676,43.9221],[15.4568,43.9272],[15.4496,43.934],[15.446,43.9407],[15.4388,43.9492],[15.3848,43.9981],[15.3596,44.0251],[15.338,44.0387],[15.32,44.0454],[15.2768,44.0826],[15.2768,44.0859],[15.2336,44.1214],[15.2228,44.1265],[15.212,44.1315],[15.2084,44.1383],[15.212,44.1484],[15.1976,44.1569],[15.1436,44.1957],[15.1616,44.2126],[15.1508,44.2345],[15.1328,44.2548],[15.1112,44.2649],[15.122,44.2751],[15.14,44.2818],[15.158,44.2801],[15.1652,44.2615],[15.176,44.2497],[15.1976,44.2565],[15.2084,44.2734],[15.1868,44.2852],[15.194,44.2869],[15.194,44.2886],[15.1976,44.2852],[15.2084,44.2852],[15.2012,44.297],[15.1976,44.3021],[15.248,44.2784],[15.2696,44.2582],[15.2804,44.2514],[15.2948,44.2514],[15.2804,44.2852],[15.2912,44.2869],[15.2948,44.2903],[15.2984,44.2936],[15.302,44.2987],[15.2876,44.3021],[15.2768,44.3105],[15.2696,44.3206],[15.2624,44.3325],[15.2804,44.3274],[15.3092,44.3088],[15.338,44.3021],[15.41,44.2717],[15.4244,44.2683],[15.5036,44.2599],[15.5252,44.2599],[15.5288,44.2717],[15.5144,44.2784],[15.4496,44.2852],[15.446,44.2886],[15.4136,44.3173],[15.4064,44.3206],[15.3092,44.3544],[15.2948,44.3645],[15.1544,44.4659],[15.1076,44.5131],[15.0788,44.5368],[15.0536,44.5452],[15.0464,44.5503],[15.014,44.5689],[15.0068,44.5706],[14.9995,44.579],[14.9023,44.6904],[14.8843,44.7242],[14.8951,44.736],[14.8951,44.7512],[14.8879,44.7681],[14.8843,44.7884],[14.8807,44.8441],[14.8843,44.861],[14.9059,44.9252],[14.9131,44.9404],[14.9203,44.9589],[14.9131,44.9809],[14.8555,45.0771],[14.8519,45.094],[14.8411,45.1058],[14.8267,45.1143],[14.7655,45.1379],[14.6575,45.197],[14.6071,45.2443],[14.5927,45.2494],[14.5747,45.2629],[14.5675,45.2764],[14.5819,45.2848],[14.5711,45.2933],[14.5351,45.3135],[14.5531,45.2983],[14.5567,45.2966],[14.5531,45.2882],[14.5423,45.2831],[14.5315,45.2831],[14.5243,45.2882],[14.5099,45.3],[14.4019,45.3389],[14.3623,45.3439],[14.3443,45.3524],[14.3299,45.3541],[14.3119,45.3439],[14.2903,45.3203],[14.2723,45.2899],[14.2579,45.2561],[14.2471,45.1869],[14.2363,45.1548],[14.2327,45.1531],[14.2327,45.1497],[14.2075,45.1261],[14.1787,45.1345],[14.1967,45.121],[14.1931,45.1058],[14.1787,45.0906],[14.1643,45.0805],[14.1571,45.0873],[14.1535,45.0788],[14.1535,45.0721],[14.1571,45.0535],[14.1535,45.0552],[14.1463,45.0569],[14.1427,45.0586],[14.1427,45.0535],[14.1607,45.04],[14.1679,45.0197],[14.1643,44.9961],[14.1499,44.9775],[14.1391,44.9707],[14.1319,44.9724],[14.1247,44.9758],[14.1139,44.9775],[14.0995,44.9741],[14.0887,44.9657],[14.0815,44.9572],[14.0743,44.9488],[14.0671,44.9488],[14.0707,44.9691],[14.0779,44.9775],[14.0851,44.9859],[14.0743,45.0045],[14.0527,45.018],[14.0527,45.0265],[14.0527,45.0332],[14.0527,45.0383],[14.0419,45.0383],[14.0455,45.0265],[14.0383,45.0096],[14.0455,45.0011],[14.0563,44.9961],[14.0635,44.9961],[14.0707,44.9927],[14.0743,44.9843],[14.0635,44.9758],[14.0491,44.9572],[14.0455,44.9522],[14.0419,44.9555],[14.0347,44.9555],[14.0383,44.9488],[14.0419,44.9404],[14.0383,44.9319],[14.0347,44.9218],[14.0275,44.9235],[14.0239,44.9235],[14.0239,44.9201],[14.0275,44.915],[14.0275,44.9083],[14.0239,44.9083],[14.0203,44.9066],[14.0203,44.9049],[14.0203,44.9015],[14.0095,44.9049],[13.9879,44.9015],[13.9735,44.9015],[13.9807,44.8964],[13.9843,44.8914],[13.9915,44.8813],[13.9879,44.8813],[13.9879,44.8745],[13.9915,44.8745],[13.9915,44.8677],[13.9843,44.8644],[13.9807,44.8593],[13.9735,44.8475],[13.9735,44.839],[13.9771,44.8373],[13.9771,44.8357],[13.9735,44.8272],[13.9843,44.8272],[13.9879,44.8255],[13.9951,44.8205],[13.9987,44.8137],[13.9627,44.812],[13.9447,44.8137],[13.9303,44.8205],[13.9303,44.8171],[13.9303,44.8154],[13.9231,44.8137],[13.9195,44.8289],[13.9087,44.8306],[13.8979,44.8289],[13.8907,44.834],[13.8835,44.8272],[13.8943,44.8238],[13.9051,44.8171],[13.9087,44.8086],[13.9051,44.7985],[13.9123,44.7816],[13.9195,44.7782],[13.9015,44.7732],[13.8979,44.7816],[13.9015,44.7985],[13.8979,44.8137],[13.8907,44.8171],[13.8583,44.8255],[13.8475,44.8272],[13.8511,44.8306],[13.8547,44.8373],[13.8547,44.8407],[13.8511,44.8407],[13.8439,44.8407],[13.8475,44.8475],[13.8439,44.8542],[13.8331,44.8525],[13.8151,44.8559],[13.8007,44.8644],[13.7863,44.8745],[13.7935,44.8813],[13.8043,44.8711],[13.8187,44.8677],[13.8331,44.8728],[13.8439,44.888],[13.8151,44.8829],[13.8043,44.8846],[13.7935,44.8948],[13.7935,44.9015],[13.7971,44.9032],[13.8043,44.91],[13.8079,44.915],[13.7971,44.9252],[13.7755,44.964],[13.7323,44.9944],[13.6819,45.0467],[13.6747,45.0518],[13.6603,45.0619],[13.6423,45.0704],[13.6243,45.0738],[13.6279,45.0788],[13.6315,45.0889],[13.6351,45.094],[13.6135,45.1177],[13.6387,45.1295],[13.7251,45.1345],[13.7071,45.1413],[13.6819,45.143],[13.6351,45.1413],[13.6135,45.1362],[13.5991,45.1379],[13.5955,45.1447],[13.5991,45.1565],[13.5991,45.1649],[13.5991,45.1717],[13.5883,45.1751],[13.5955,45.1818],[13.5955,45.1869],[13.5919,45.192],[13.5811,45.197],[13.5811,45.2021],[13.5919,45.2071],[13.5955,45.2122],[13.5955,45.2207],[13.5883,45.2308],[13.5955,45.2409],[13.5955,45.2511],[13.5883,45.2595],[13.5739,45.2646],[13.5775,45.2713],[13.5847,45.2764],[13.5919,45.2798],[13.6027,45.2798],[13.6027,45.2848],[13.5919,45.2882],[13.5847,45.2933],[13.5775,45.2983],[13.5739,45.3068],[13.5847,45.3085],[13.5955,45.3118],[13.6099,45.3203],[13.5991,45.3237],[13.5703,45.3253],[13.5631,45.327],[13.5523,45.3338],[13.5415,45.3456],[13.5415,45.3574],[13.5559,45.3608],[13.5559,45.3676],[13.5415,45.376],[13.5127,45.4368],[13.5163,45.4385],[13.5199,45.4402],[13.5199,45.4435],[13.5163,45.4469],[13.5163,45.4486],[13.5163,45.4503],[13.5199,45.4571],[13.5055,45.4841],[13.5019,45.4993],[13.5055,45.5111],[13.5127,45.5111],[13.5235,45.506],[13.5703,45.4908],[13.5883,45.4891],[13.5919,45.4925],[13.5883,45.501],[13.5955,45.5111],[13.5955,45.5178],[13.5847,45.5195],[13.5775,45.5229],[13.5739,45.5297],[13.5703,45.5398],[13.5883,45.5364],[13.6747,45.5449],[13.7539,45.5533],[13.7539,45.5584],[13.7431,45.5702],[13.7287,45.582],[13.7107,45.5938],[13.7179,45.6006],[13.7287,45.6124],[13.7575,45.6141],[13.7863,45.6107],[13.8079,45.6141],[13.7971,45.6175],[13.7863,45.6242],[13.7755,45.636],[13.7395,45.6496],[13.7575,45.6546],[13.7539,45.6715],[13.7395,45.6918],[13.7251,45.7036],[13.6459,45.7627],[13.6279,45.7728],[13.5739,45.7897],[13.5523,45.7931],[13.5343,45.7813],[13.5235,45.7593],[13.5271,45.7407],[13.5559,45.7374],[13.5199,45.7255],[13.5127,45.7205],[13.5091,45.7137],[13.4803,45.7103],[13.4695,45.707],[13.4515,45.6935],[13.4263,45.6816],[13.4011,45.6749],[13.3759,45.6833],[13.3903,45.685],[13.4083,45.6918],[13.4263,45.6985],[13.4299,45.707],[13.4227,45.7239],[13.3831,45.7306],[13.3687,45.7441],[13.3507,45.7407],[13.2535,45.7559],[13.2463,45.7593],[13.2211,45.7762],[13.2139,45.7796],[13.2031,45.7779],[13.1707,45.7694],[13.1563,45.7542],[13.1491,45.7509],[13.1383,45.7542],[13.1311,45.7694],[13.1203,45.7711],[13.1095,45.7678],[13.1095,45.7576],[13.1131,45.7492],[13.1239,45.7441],[13.1239,45.7374],[13.1023,45.7357],[13.0807,45.7272],[13.0699,45.7137],[13.0735,45.6968],[13.0915,45.6884],[13.1131,45.6918],[13.1491,45.7036],[13.1383,45.6901],[13.1023,45.6698],[13.0951,45.6529],[13.0843,45.6411],[13.0591,45.636],[12.9799,45.6344],[12.9439,45.6293],[12.7819,45.5533],[12.6127,45.4959],[12.5119,45.4706],[12.4975,45.4604],[12.4867,45.4571],[12.4507,45.4503],[12.4219,45.4385],[12.4111,45.4368],[12.4183,45.4503],[12.4291,45.4638],[12.4363,45.4756],[12.4291,45.4841],[12.4399,45.4824],[12.4471,45.4841],[12.4507,45.4891],[12.4507,45.4976],[12.4579,45.4976],[12.4615,45.4891],[12.4687,45.4858],[12.4723,45.4858],[12.4795,45.4908],[12.4651,45.5043],[12.4759,45.5043],[12.4867,45.5043],[12.4975,45.506],[12.4975,45.5043],[12.5011,45.506],[12.5047,45.5026],[12.5047,45.4993],[12.5083,45.4976],[12.5047,45.4976],[12.4939,45.4976],[12.4939,45.4908],[12.5155,45.4925],[12.5191,45.5043],[12.5227,45.5195],[12.5299,45.5263],[12.5479,45.5263],[12.5623,45.5314],[12.5731,45.5398],[12.5803,45.5533],[12.5695,45.5499],[12.5443,45.5364],[12.5371,45.5364],[12.5191,45.5499],[12.5119,45.5584],[12.5083,45.5736],[12.4867,45.5651],[12.4579,45.5482],[12.4435,45.5297],[12.4507,45.5178],[12.4507,45.5111],[12.4363,45.5128],[12.4183,45.5229],[12.4111,45.5178],[12.4039,45.5178],[12.3967,45.5398],[12.3859,45.5229],[12.3895,45.5145],[12.4255,45.5043],[12.4255,45.4976],[12.4111,45.4925],[12.3931,45.4908],[12.3823,45.4942],[12.3823,45.5043],[12.3499,45.5043],[12.3103,45.4891],[12.2743,45.4638],[12.2527,45.4368],[12.2527,45.43],[12.2599,45.43],[12.2491,45.4199],[12.2455,45.4115],[12.2491,45.403],[12.2599,45.3946],[12.2491,45.3861],[12.2491,45.3777],[12.2491,45.3709],[12.2455,45.3608],[12.2383,45.3574],[12.2275,45.3574],[12.2239,45.3541],[12.2311,45.3405],[12.2203,45.327],[12.2167,45.3169],[12.2095,45.3085],[12.1879,45.3068],[12.1735,45.3102],[12.1627,45.3169],[12.1555,45.3135],[12.1483,45.2916],[12.1591,45.2831],[12.1699,45.2629],[12.1807,45.2578],[12.1915,45.2629],[12.1987,45.2747],[12.2023,45.2882],[12.1987,45.3],[12.2167,45.2933],[12.2203,45.2831],[12.2203,45.2696],[12.2239,45.2511],[12.2131,45.2477],[12.2095,45.2426],[12.2167,45.2375],[12.2239,45.2308],[12.2203,45.2156],[12.2311,45.2038],[12.2491,45.197],[12.2671,45.197],[12.2635,45.2004],[12.2599,45.2021],[12.2743,45.2105],[12.2959,45.2274],[12.3067,45.2308],[12.2995,45.2156],[12.3031,45.2004],[12.3139,45.1869],[12.3211,45.1717],[12.3211,45.1379],[12.3283,45.1008],[12.3175,45.1041],[12.3067,45.1075],[12.3067,45.1143],[12.3067,45.1244],[12.3067,45.1278],[12.2959,45.1058],[12.2959,45.0889],[12.3067,45.0788],[12.3283,45.0805],[12.3247,45.0839],[12.3247,45.0873],[12.3211,45.094],[12.3391,45.0822],[12.3535,45.067],[12.3643,45.0518],[12.3751,45.0383],[12.3751,45.0315],[12.3679,45.0315],[12.3643,45.0298],[12.3607,45.0265],[12.3535,45.0248],[12.3679,45.0113],[12.3823,45.0265],[12.3859,45.0383],[12.3823,45.0501],[12.3679,45.0653],[12.3823,45.0569],[12.4003,45.0501],[12.4147,45.0434],[12.4111,45.0315],[12.4255,45.0197],[12.4327,45.0163],[12.4435,45.0113],[12.4651,44.9927],[12.4867,44.9758],[12.4975,44.9843],[12.4903,44.9826],[12.4867,44.9843],[12.4867,44.991],[12.5011,44.991],[12.5155,44.9876],[12.5263,44.9809],[12.5335,44.9707],[12.5335,44.9606],[12.5227,44.9505],[12.5263,44.9437],[12.5191,44.9336],[12.5155,44.9285],[12.5119,44.9218],[12.5083,44.9218],[12.4975,44.9218],[12.4939,44.91],[12.4939,44.8779],[12.4867,44.8627],[12.4759,44.8458],[12.4435,44.8205],[12.4435,44.8255],[12.4399,44.8357],[12.4327,44.8458],[12.4255,44.8542],[12.4399,44.8779],[12.4435,44.8897],[12.4399,44.9015],[12.4255,44.9049],[12.4147,44.8998],[12.4075,44.8914],[12.4039,44.8846],[12.3931,44.8677],[12.3931,44.8593],[12.4147,44.8509],[12.4147,44.8441],[12.4075,44.8357],[12.3967,44.834],[12.3967,44.8272],[12.4039,44.8255],[12.4147,44.8222],[12.4255,44.8205],[12.4147,44.8036],[12.3967,44.7934],[12.3751,44.7918],[12.3571,44.8036],[12.3463,44.8154],[12.3211,44.834],[12.3031,44.8424],[12.2923,44.8424],[12.2671,44.8272],[12.2671,44.8205],[12.2815,44.8205],[12.2527,44.7512],[12.2455,44.7124],[12.2527,44.6685],[12.2671,44.6364],[12.2743,44.6212],[12.2851,44.6145],[12.2851,44.6026],[12.2815,44.5317],[12.2851,44.4878],[12.3139,44.3865],[12.3175,44.3612],[12.3211,44.3544],[12.3247,44.3477],[12.3391,44.3342],[12.3427,44.3291],[12.3427,44.3088],[12.3499,44.2886],[12.3679,44.2514],[12.3895,44.2227],[12.4183,44.1957],[12.4579,44.167],[12.4795,44.14],[12.5119,44.1146],[12.5479,44.0927],[12.5731,44.0859],[12.6307,44.0302],[12.6595,44.0083],[12.6919,43.9914],[12.7099,43.9829],[12.7531,43.9728],[12.7567,43.9711],[12.8035,43.966],[12.8215,43.9593],[12.8611,43.9356],[12.9295,43.9154],[12.9403,43.9053],[12.9475,43.8968],[13.2535,43.7026],[13.3687,43.6503],[13.3903,43.6452],[13.4011,43.6351],[13.4479,43.6233],[13.4731,43.6114],[13.4839,43.6165],[13.4911,43.6233],[13.4947,43.6283],[13.4983,43.6283],[13.5019,43.63],[13.5055,43.6334],[13.5091,43.6334],[13.5163,43.6317],[13.5199,43.6266],[13.5199,43.6233],[13.5235,43.6199],[13.5415,43.6131],[13.5595,43.5962],[13.5703,43.581],[13.5775,43.5726],[13.5991,43.5692],[13.6171,43.5608],[13.6243,43.5473],[13.6171,43.5321],[13.7611,43.2636],[13.7755,43.2433],[13.7791,43.2366],[13.7863,43.2011],[13.7899,43.1927],[13.8043,43.1775],[13.8331,43.1268],[13.8475,43.0914],[13.8655,43.0069],[13.9051,42.9022],[13.9447,42.7975],[13.9807,42.73],[14.0023,42.6979],[14.0635,42.6253],[14.0671,42.6101],[14.0743,42.5983],[14.2219,42.47],[14.2831,42.4277],[14.3551,42.3923],[14.3875,42.3737],[14.4307,42.3214],[14.5603,42.2251],[14.5963,42.2082],[14.6539,42.1913],[14.6935,42.1846],[14.7079,42.1762],[14.7187,42.1593],[14.7223,42.1187],[14.7295,42.0985],[14.7403,42.085],[14.7583,42.0782],[14.7619,42.0782],[14.7799,42.0748],[14.8015,42.0664],[14.8339,42.0444],[14.8699,42.0326],[14.9527,42.0208],[14.9923,42.0107],[15.0068,42.0005],[15.0356,41.9752],[15.0464,41.9685],[15.0644,41.9651],[15.104,41.9414],[15.122,41.9347],[15.1436,41.9313],[15.1652,41.9279],[15.2804,41.9279],[15.3992,41.9077],[15.446,41.9077],[15.6116,41.9279],[15.7736,41.9212],[16.0256,41.9448],[16.112,41.9279],[16.112,41.9262],[16.1408,41.9195],[16.1624,41.8925],[16.1804,41.8925],[16.1768,41.8773],[16.184,41.8587],[16.1912,41.8216],[16.1948,41.808],[16.1912,41.7912],[16.184,41.7793],[16.166,41.7641],[16.1444,41.7489],[16.1264,41.7422],[16.1084,41.7371],[16.0904,41.7253],[16.0616,41.7017],[16.0292,41.6797],[15.9248,41.6409],[15.8996,41.6139],[15.8924,41.5767],[15.896,41.5362],[15.9104,41.5024],[15.932,41.4788],[15.9608,41.4602],[16.022,41.4281],[16.0868,41.4129],[16.1012,41.4028],[16.1156,41.3927],[16.3028,41.3285],[16.4612,41.2626],[16.5224,41.2508],[16.5404,41.239],[16.5548,41.2272],[16.5944,41.2069],[16.832,41.1461],[16.85,41.1326],[16.8572,41.1326],[16.8572,41.1411],[16.8644,41.1411],[16.886,41.1242],[17.0588,41.082],[17.2028,41.0212],[17.2748,40.9806],[17.3108,40.9553],[17.3468,40.9114],[17.3612,40.9063],[17.3792,40.903],[17.4152,40.881],[17.4764,40.8304],[17.4908,40.8253],[17.5124,40.8202],[17.5484,40.8016],[17.6348,40.7848],[17.6456,40.7797],[17.75,40.7476],[17.8436,40.6936],[17.9228,40.6834],[17.9552,40.6699],[17.9552,40.6463],[17.966,40.6463],[17.9912,40.6531],[18.0056,40.6514],[18.0128,40.6446],[18.0128,40.6345],[18.0164,40.6243],[18.038,40.6075],[18.0416,40.6024],[18.038,40.5568],[18.1208,40.5045],[18.2108,40.4639],[18.2324,40.4606],[18.2396,40.4572],[18.2576,40.4302],[18.272,40.4217],[18.3044,40.3998],[18.3296,40.366],[18.344,40.3508],[18.362,40.3457],[18.3692,40.339],[18.4376,40.2681],[18.4988,40.1532],[18.506,40.1465],[18.5096,40.1414],[18.5168,40.1397],[18.5096,40.1279],[18.5132,40.1212],[18.5168,40.1144],[18.5168,40.1043],[18.5096,40.0941],[18.4916,40.084],[18.4844,40.0553],[18.47,40.0435],[18.434,40.0232],[18.4124,39.9793],[18.4088,39.9692],[18.4052,39.9472],[18.3944,39.9253],[18.3944,39.9168],[18.398,39.8898],[18.4016,39.878],[18.3872,39.8257],[18.3908,39.8172],[18.3836,39.8138],[18.3728,39.8003],[18.3692,39.7969],[18.3476,39.7986],[18.3368,39.8003],[18.3296,39.8037],[18.2828,39.8324],[18.2648,39.8375],[18.2252,39.8375],[18.2108,39.8392],[18.1856,39.8527],[18.1604,39.8611],[18.1316,39.8831],[18.0956,39.9033],[18.0812,39.9067],[18.0704,39.9118],[18.0056,39.9861],[17.9948,39.9945],[17.9948,40.003],[18.0128,40.003],[18.02,40.0097],[18.0236,40.0215],[18.0164,40.0367],[18.0056,40.0452],[17.9768,40.0519],[17.966,40.057],[18.002,40.0739],[18.0128,40.0958],[17.9984,40.1212],[17.966,40.1465],[17.9408,40.1634],[17.9264,40.1769],[17.9192,40.1904],[17.9192,40.2106],[17.9156,40.2275],[17.912,40.241],[17.9012,40.2495],[17.912,40.2495],[17.912,40.2546],[17.8616,40.2849],[17.8472,40.29],[17.5124,40.3035],[17.4944,40.3069],[17.4404,40.3305],[17.4296,40.3322],[17.408,40.3305],[17.4008,40.3305],[17.3936,40.3356],[17.3756,40.3491],[17.3684,40.3508],[17.3504,40.3542],[17.2964,40.3795],[17.2388,40.3947],[17.2136,40.4065],[17.1992,40.42],[17.2244,40.4285],[17.2424,40.442],[17.2496,40.4572],[17.228,40.4741],[17.246,40.4808],[17.2964,40.4724],[17.318,40.4825],[17.3216,40.4977],[17.3036,40.4994],[17.2604,40.4893],[17.264,40.491],[17.2676,40.496],[17.246,40.5028],[17.228,40.4977],[17.21,40.4876],[17.1884,40.4825],[17.1812,40.4859],[17.1776,40.4926],[17.1704,40.5028],[17.1668,40.5095],[17.156,40.5129],[17.1344,40.5129],[17.1236,40.5146],[17.048,40.5197],[16.976,40.4926],[16.9112,40.4454],[16.8644,40.3913],[16.7816,40.3018],[16.76,40.2697],[16.7384,40.2106],[16.7312,40.2005],[16.7168,40.1938],[16.6808,40.1465],[16.6412,40.1195],[16.6232,40.1076],[16.6052,40.084],[16.598,40.0469],[16.598,40.0333],[16.6124,39.9962],[16.6304,39.9658],[16.6232,39.954],[16.6052,39.9422],[16.5908,39.9202],[16.544,39.8848],[16.508,39.8375],[16.49,39.8054],[16.49,39.775],[16.5008,39.7463],[16.5296,39.721],[16.5296,39.7142],[16.5152,39.6889],[16.5476,39.6602],[16.5908,39.6365],[16.6232,39.6247],[16.7492,39.6196],[16.7816,39.6112],[16.7996,39.6028],[16.8176,39.5909],[16.832,39.5757],[16.8356,39.5605],[16.8464,39.5521],[16.9076,39.5302],[16.9544,39.4998],[16.9724,39.4947],[16.994,39.493],[17.012,39.4862],[17.0228,39.4761],[17.0372,39.4609],[17.0588,39.4423],[17.0876,39.4221],[17.1236,39.4086],[17.1596,39.4069],[17.1236,39.3377],[17.1164,39.2836],[17.1128,39.2701],[17.1164,39.2566],[17.1236,39.2448],[17.1416,39.2228],[17.1452,39.211],[17.1416,39.1789],[17.1236,39.1215],[17.1236,39.0911],[17.1488,39.054],[17.1524,39.0455],[17.1596,39.0405],[17.192,39.0303],[17.2064,39.0286],[17.1884,39.0185],[17.1776,39.0118],[17.174,39.005],[17.1704,38.9662],[17.174,38.9611],[17.138,38.9375],[17.1344,38.9324],[17.1272,38.929],[17.12,38.9189],[17.1056,38.8986],[17.0948,38.9189],[17.0696,38.9223],[17.0408,38.9155],[17.0228,38.9054],[16.9976,38.929],[16.9796,38.9375],[16.958,38.9408],[16.9364,38.9391],[16.8392,38.9189],[16.7276,38.8784],[16.688,38.8564],[16.6808,38.848],[16.67,38.8412],[16.6124,38.8159],[16.5872,38.7973],[16.5728,38.7855],[16.562,38.7568],[16.5512,38.7416],[16.5404,38.723],[16.5332,38.6994],[16.5476,38.6926],[16.5476,38.6892],[16.5476,38.6724],[16.5584,38.5964],[16.5764,38.5288],[16.5764,38.5035],[16.5692,38.4292],[16.562,38.4157],[16.5224,38.387],[16.508,38.3718],[16.4972,38.3701],[16.4684,38.3481],[16.436,38.3397],[16.3388,38.3009],[16.3064,38.2772],[16.1696,38.1438],[16.1516,38.1101],[16.1264,38.0054],[16.112,37.9733],[16.1012,37.9598],[16.0904,37.9496],[16.076,37.9395],[16.0616,37.9328],[16.0148,37.9243],[16.0004,37.9192],[15.9428,37.9328],[15.7628,37.926],[15.734,37.9311],[15.7088,37.9412],[15.6836,37.953],[15.6656,37.9665],[15.644,37.9885],[15.6368,38.0087],[15.6368,38.0273],[15.6584,38.0425],[15.6332,38.0746],[15.6224,38.0915],[15.626,38.1067],[15.6404,38.1253],[15.6476,38.1438],[15.6476,38.1624],[15.6368,38.186],[15.6332,38.2198],[15.6512,38.2418],[15.6836,38.2536],[15.788,38.2772],[15.7952,38.2857],[15.7988,38.2907],[15.8132,38.3009],[15.8168,38.3059],[15.8312,38.3515],[15.9032,38.4731],[15.9176,38.517],[15.9176,38.5508],[15.8996,38.5778],[15.8708,38.6048],[15.8636,38.6082],[15.8492,38.6133],[15.8456,38.6183],[15.8348,38.6285],[15.8348,38.6335],[15.8348,38.6386],[15.8384,38.6487],[15.8456,38.6605],[15.8636,38.669],[15.9032,38.6791],[15.968,38.7129],[16.004,38.7247],[16.0472,38.7281],[16.1192,38.7213],[16.1372,38.723],[16.1516,38.7315],[16.1804,38.7483],[16.202,38.777],[16.2164,38.8142],[16.22,38.8564],[16.22,38.8986],[16.2164,38.9189],[16.2056,38.9341],[16.1912,38.9442],[16.1696,38.9476],[16.1552,38.9543],[16.1408,38.9746],[16.0832,39.0759],[16.0436,39.3106],[16.0328,39.3444],[15.9968,39.439],[15.9572,39.4778],[15.932,39.5133],[15.9032,39.5352],[15.878,39.5521],[15.8672,39.5639],[15.86,39.5893],[15.8492,39.6146],[15.8384,39.6534],[15.8168,39.6787],[15.806,39.6956],[15.788,39.7969],[15.788,39.7902],[15.7844,39.8105],[15.7772,39.8206],[15.77,39.824],[15.77,39.8307],[15.7808,39.8679],[15.7736,39.8915],[15.7412,39.9303],[15.734,39.9439],[15.7268,39.9641],[15.7124,39.981],[15.68,40.008],[15.6512,40.0435],[15.6296,40.057],[15.626,40.0654],[15.626,40.0772],[15.6116,40.0739],[15.536,40.0772],[15.5144,40.0671],[15.4964,40.0469],[15.4604,40.03],[15.428,39.9996],[15.41,39.9945],[15.3596,39.9996],[15.3416,40.0046],[15.3128,40.0333],[15.302,40.0367],[15.2948,40.0317],[15.284,40.03],[15.2732,40.0283],[15.2624,40.03],[15.2624,40.0367],[15.2804,40.0469],[15.2624,40.0739],[15.2336,40.0992],[15.2084,40.1127],[15.1904,40.1195],[15.1256,40.1701],[15.1112,40.1752],[15.0968,40.1735],[15.0644,40.1667],[15.0464,40.1684],[15.0356,40.1752],[15.0212,40.1955],[15.0032,40.2106],[14.9743,40.2191],[14.9671,40.2242],[14.9563,40.2309],[14.9383,40.2275],[14.9203,40.2377],[14.9095,40.241],[14.9059,40.2579],[14.9311,40.2849],[14.9383,40.3069],[14.9311,40.3238],[14.9311,40.3339],[14.9419,40.3373],[14.9527,40.3407],[14.9635,40.3457],[14.9743,40.3525],[14.9959,40.3592],[14.9995,40.3694],[14.9995,40.3981],[14.9743,40.4319],[14.8879,40.5737],[14.8627,40.6075],[14.8339,40.6328],[14.8087,40.6531],[14.7835,40.6699],[14.7511,40.6767],[14.7187,40.6666],[14.6899,40.6497],[14.6791,40.6463],[14.6251,40.6497],[14.6143,40.6463],[14.5711,40.6176],[14.5459,40.6142],[14.5171,40.6193],[14.4883,40.6328],[14.4703,40.6243],[14.4235,40.6159],[14.4019,40.6024],[14.3551,40.5838],[14.3443,40.5703],[14.3299,40.5838],[14.3263,40.6058],[14.3371,40.6243],[14.3587,40.6328],[14.3803,40.6345],[14.3875,40.6362],[14.3983,40.6446],[14.4055,40.6564],[14.4451,40.6868],[14.4775,40.6953],[14.4811,40.7122],[14.4739,40.729],[14.4595,40.7442],[14.4415,40.7544],[14.4199,40.751],[14.4055,40.7561],[14.3947,40.7611],[14.3839,40.7729],[14.3659,40.7797],[14.3479,40.7966],[14.3119,40.8287],[14.2939,40.8388],[14.2759,40.8405],[14.2471,40.8371],[14.2219,40.832],[14.2111,40.8202],[14.2039,40.8016],[14.1823,40.8016],[14.1643,40.8152],[14.1355,40.8185],[14.1103,40.8304],[14.0959,40.8337],[14.0815,40.832],[14.0779,40.8219],[14.0779,40.8101],[14.0815,40.7966],[14.0815,40.7831],[14.0743,40.7865],[14.0491,40.7898],[14.0419,40.7966],[14.0527,40.8371],[14.0455,40.8743],[14.0203,40.9215],[13.9663,40.9958],[13.9303,41.0144],[13.9195,41.0229],[13.9159,41.033],[13.9123,41.0549],[13.9123,41.0651],[13.8835,41.1056],[13.8511,41.1478],[13.7899,41.2052],[13.7215,41.2525],[13.7071,41.2559],[13.6783,41.2508],[13.6639,41.2508],[13.6567,41.2593],[13.5955,41.2525],[13.5631,41.2373],[13.5739,41.2086],[13.5451,41.2069],[13.5343,41.2086],[13.5235,41.2154],[13.5199,41.2255],[13.5127,41.2289],[13.5055,41.2221],[13.4983,41.2221],[13.4803,41.239],[13.3255,41.2947],[13.2859,41.2964],[13.2031,41.2846],[13.1887,41.2778],[13.1527,41.2609],[13.1131,41.2508],[13.0915,41.2272],[13.0699,41.2221],[13.0447,41.2272],[13.0375,41.2407],[13.0339,41.2576],[13.0231,41.2728],[13.0123,41.2863],[12.9943,41.315],[12.9799,41.3302],[12.9223,41.3791],[12.8935,41.3994],[12.8611,41.4129],[12.8431,41.418],[12.7639,41.4214],[12.7495,41.423],[12.6775,41.4585],[12.6523,41.4653],[12.6415,41.4585],[12.6343,41.4467],[12.6199,41.4585],[12.5443,41.5446],[12.4471,41.6307],[12.3427,41.7017],[12.3283,41.7118],[12.2995,41.7169],[12.2851,41.727],[12.2779,41.7287],[12.2455,41.7337],[12.2383,41.7354],[12.2239,41.7506],[12.2167,41.7675],[12.2131,41.7878],[12.2095,41.808],[12.2059,41.8266],[12.1951,41.8469],[12.1699,41.879],[12.1483,41.9043],[12.0511,41.96],[12.0403,41.9651],[12.0295,41.9735],[12.0259,41.9853],[12.0187,41.9938],[11.9935,41.9955],[11.9827,42.0005],[11.9683,42.0107],[11.9539,42.0225],[11.9359,42.0309],[11.9179,42.0377],[11.8387,42.036],[11.8279,42.0343],[11.8207,42.0461],[11.8099,42.0664],[11.7919,42.085],[11.7811,42.0917],[11.7703,42.1069],[11.7487,42.1272],[11.7451,42.1373],[11.7415,42.1525],[11.7379,42.1694],[11.6839,42.2521],[11.6587,42.2792],[11.5399,42.3484],[11.4895,42.3585],[11.4211,42.3872],[11.3959,42.3923],[11.3959,42.4007],[11.3851,42.4041],[11.3779,42.4075],[11.3671,42.4075],[11.3563,42.4075],[11.3635,42.4007],[11.3347,42.4007],[11.2591,42.421],[11.2447,42.4227],[11.2267,42.4227],[11.2123,42.4193],[11.2051,42.4109],[11.2015,42.3957],[11.1871,42.3788],[11.1835,42.367],[11.1763,42.3686],[11.1655,42.3686],[11.1583,42.367],[11.1547,42.367],[11.1475,42.372],[11.1331,42.3838],[11.1079,42.3906],[11.0935,42.4024],[11.0863,42.4176],[11.0863,42.4294],[11.1007,42.4429],[11.1115,42.4463],[11.1403,42.4396],[11.1655,42.4396],[11.1799,42.4565],[11.1871,42.4801],[11.1907,42.5054],[11.1871,42.5206],[11.1655,42.5459],[11.1583,42.5645],[11.1475,42.5628],[11.1367,42.5595],[11.1295,42.5578],[11.1151,42.5713],[11.1079,42.5915],[11.0971,42.6067],[11.0791,42.6135],[11.0791,42.6321],[11.0539,42.6473],[11.0071,42.6675],[10.9999,42.6793],[10.9963,42.6962],[10.9891,42.7097],[10.9819,42.7165],[10.9711,42.7199],[10.9423,42.7435],[10.8919,42.7638],[10.7299,42.8043],[10.7551,42.8195],[10.7659,42.8347],[10.7659,42.855],[10.7659,42.8769],[10.7695,42.8837],[10.7731,42.8887],[10.7767,42.8955],[10.7731,42.9073],[10.7623,42.9174],[10.7515,42.9259],[10.6831,42.9495],[10.6327,42.958],[10.5823,42.9597],[10.5391,42.9495],[10.5427,42.9394],[10.5463,42.9343],[10.5175,42.9259],[10.4995,42.9411],[10.4779,42.99],[10.5031,43.0052],[10.5175,43.0238],[10.5391,43.0795],[10.5355,43.0914],[10.5355,43.1133],[10.5391,43.1336],[10.5463,43.1471],[10.5391,43.164],[10.5355,43.1859],[10.5319,43.2264],[10.5283,43.2467],[10.5175,43.267],[10.4383,43.3886],[10.3735,43.4527],[10.3591,43.4645],[10.3267,43.4764],[10.3159,43.4932],[10.2943,43.5692],[10.2655,43.809],[10.2511,43.8462],[10.2115,43.9205],[10.1791,43.9559],[10.1359,43.9779],[10.1071,44.0167],[10.0891,44.0251],[10.0711,44.0302],[10.0351,44.0471],[10.0135,44.0522],[9.9991,44.0572],[9.9883,44.0606],[9.9847,44.0555],[9.9811,44.0505],[9.9739,44.0454],[9.9631,44.0454],[9.9523,44.0488],[9.9379,44.0606],[9.9055,44.0792],[9.8875,44.0927],[9.8767,44.0876],[9.8443,44.1079],[9.8263,44.1079],[9.8335,44.0994],[9.8299,44.0978],[9.8227,44.0944],[9.8191,44.0927],[9.8227,44.0842],[9.8299,44.0792],[9.8371,44.0741],[9.8479,44.0724],[9.8479,44.0657],[9.8407,44.064],[9.8371,44.0606],[9.8335,44.0522],[9.8479,44.0471],[9.8443,44.0403],[9.8335,44.042],[9.8263,44.0555],[9.8191,44.064],[9.7723,44.0792],[9.7219,44.1129],[9.7111,44.118],[9.6823,44.1366],[9.6715,44.1417],[9.6427,44.1417],[9.6319,44.145],[9.6211,44.1484],[9.5851,44.1771],[9.5815,44.1788],[9.5743,44.1923],[9.5563,44.2008],[9.5095,44.216],[9.4987,44.221],[9.4915,44.2312],[9.4843,44.2447],[9.4735,44.2396],[9.4555,44.2379],[9.4375,44.2396],[9.4303,44.248],[9.4231,44.2565],[9.3763,44.2717],[9.3691,44.2936],[9.2611,44.3358],[9.2323,44.3544],[9.2215,44.3443],[9.2143,44.3342],[9.2107,44.3206],[9.2107,44.3054],[9.1639,44.319],[9.1459,44.3291],[9.1495,44.3392],[9.1315,44.3629],[9.1027,44.3747],[9.0019,44.3865],[8.9515,44.4],[8.9227,44.4118],[8.9155,44.4085],[8.8687,44.4101],[8.8471,44.4135],[8.8363,44.4169],[8.8255,44.4287],[8.7607,44.4321],[8.7355,44.4287],[8.7247,44.4236],[8.6959,44.4068],[8.6851,44.3983],[8.6779,44.3949],[8.6707,44.3949],[8.6635,44.3949],[8.6563,44.3949],[8.5951,44.3629],[8.5771,44.3612],[8.5663,44.3578],[8.5411,44.3392],[8.4655,44.3038],[8.4439,44.2835],[8.4511,44.2649],[8.4403,44.2531],[8.4367,44.248],[8.4367,44.2396],[8.4331,44.2379],[8.4187,44.2312],[8.4115,44.2278],[8.4079,44.2143],[8.4079,44.2041],[8.4079,44.194],[8.3935,44.1822],[8.3683,44.1737],[8.3143,44.1602],[8.2855,44.1484],[8.2711,44.1383],[8.2567,44.1281],[8.2315,44.1028],[8.2315,44.0961],[8.2315,44.0809],[8.2315,44.0724],[8.2243,44.0572],[8.2171,44.0454],[8.1703,44.0066],[8.1523,43.9829],[8.1667,43.9627],[8.1667,43.9559],[8.1451,43.9525],[8.1163,43.9272],[8.0875,43.9205],[8.0803,43.9154],[8.0767,43.9103],[8.0731,43.9053],[8.0695,43.8968],[8.0551,43.8917],[8.0299,43.8867],[7.9615,43.8529],[7.7851,43.8225],[7.7383,43.7989],[7.6951,43.7904],[7.5727,43.7921],[7.5439,43.7837],[7.5295,43.7837],[7.5223,43.7887],[7.5115,43.7921],[7.5007,43.7921],[7.4899,43.7854],[7.4863,43.7854],[7.4791,43.7854],[7.4755,43.7837],[7.4755,43.7803],[7.4791,43.7685],[7.4755,43.7651],[7.4683,43.7617],[7.4611,43.7617],[7.4539,43.7567],[7.4467,43.7499],[7.4323,43.7398],[7.4179,43.7313],[7.4035,43.7178],[7.3819,43.7195],[7.3675,43.7229],[7.3531,43.7161],[7.3423,43.7077],[7.3387,43.6976],[7.3315,43.6857],[7.3207,43.6857],[7.3027,43.6874],[7.2811,43.6925],[7.2559,43.6908],[7.2415,43.6841],[7.2271,43.6739],[7.2307,43.6638],[7.2127,43.6486],[7.2055,43.6435],[7.1983,43.657],[7.1767,43.6604],[7.1659,43.6553],[7.1515,43.6553],[7.1443,43.6452],[7.1371,43.6418],[7.1335,43.6334],[7.1263,43.6064],[7.1335,43.5794],[7.1335,43.5743],[7.1371,43.5625],[7.1407,43.554],[7.1263,43.5473],[7.1119,43.5642],[7.1047,43.5675],[7.0867,43.5692],[7.0723,43.5608],[7.0579,43.5507],[7.0435,43.5422],[7.0363,43.5355],[7.0291,43.5473],[7.0147,43.5473],[6.9931,43.549],[6.9751,43.5473],[6.9607,43.5405],[6.9463,43.527],[6.9427,43.5118],[6.9499,43.5084],[6.9499,43.5068],[6.9535,43.5051],[6.9535,43.5],[6.9247,43.473],[6.9211,43.4493],[6.8995,43.4375],[6.8923,43.4274],[6.8707,43.4257],[6.8707,43.4325],[6.8671,43.4358],[6.8635,43.4392],[6.8563,43.4358],[6.8563,43.4291],[6.8599,43.4156],[6.8455,43.4122],[6.8347,43.4156],[6.8203,43.4156],[6.7843,43.4088],[6.7735,43.4189],[6.7555,43.4223],[6.7483,43.4173],[6.7303,43.4071],[6.7339,43.3818],[6.7195,43.3666],[6.7195,43.3514],[6.6943,43.348],[6.6763,43.3463],[6.6655,43.3328],[6.6619,43.3227],[6.6511,43.3143],[6.6259,43.2957],[6.5971,43.2839],[6.5899,43.2687],[6.6115,43.2636],[6.6727,43.2754],[6.6943,43.2737],[6.6979,43.2653],[6.6871,43.2484],[6.6691,43.24],[6.6655,43.2214],[6.6727,43.2129],[6.6799,43.2011],[6.6619,43.191],[6.6403,43.1825],[6.6295,43.1792],[6.6115,43.1741],[6.6007,43.1758],[6.5971,43.1792],[6.5935,43.1876],[6.5827,43.1842],[6.5647,43.1842],[6.5395,43.1825],[6.5359,43.1724],[6.5251,43.1606],[6.5071,43.1505],[6.4783,43.1555],[6.4531,43.1521],[6.4207,43.1521],[6.4027,43.1471],[6.3775,43.1353],[6.3667,43.1184],[6.3703,43.1049],[6.3739,43.0914],[6.3415,43.0914],[6.3307,43.0998],[6.3271,43.1049],[6.3055,43.1099],[6.2803,43.1184],[6.2551,43.1201],[6.2191,43.1167],[6.1939,43.1082],[6.1795,43.1032],[6.1615,43.093],[6.1543,43.0728],[6.1543,43.0475],[6.1723,43.0424],[6.1867,43.0458],[6.1795,43.0356],[6.1543,43.0339],[6.0967,43.0306],[6.0895,43.0356],[6.1039,43.0407],[6.1183,43.0458],[6.1327,43.0525],[6.1291,43.0711],[6.1111,43.0846],[6.0931,43.0829],[6.0463,43.0779],[6.0283,43.0779],[6.0175,43.0981],[5.9923,43.1032],[5.9599,43.1015],[5.9347,43.1133],[5.9383,43.1201],[5.9383,43.1285],[5.9419,43.1336],[5.9239,43.1336],[5.9095,43.1319],[5.8807,43.1201],[5.8951,43.115],[5.9095,43.093],[5.9275,43.088],[5.9527,43.0795],[5.9419,43.0711],[5.9167,43.0728],[5.8879,43.0728],[5.8771,43.0694],[5.8555,43.0441],[5.8195,43.0542],[5.7907,43.0694],[5.7835,43.0795],[5.8015,43.0897],[5.8195,43.0998],[5.8123,43.1066],[5.8015,43.1116],[5.7835,43.115],[5.7799,43.1234],[5.7763,43.1302],[5.7619,43.1319],[5.7403,43.1319],[5.6971,43.1471],[5.6863,43.169],[5.6755,43.1792],[5.6539,43.1859],[5.6359,43.1876],[5.6215,43.1775],[5.6107,43.1606],[5.5891,43.1673],[5.5711,43.169],[5.5603,43.1809],[5.5459,43.1944],[5.5387,43.2079],[5.5243,43.2129],[5.5135,43.2079],[5.5027,43.2062],[5.4595,43.2079],[5.4415,43.2079],[5.4091,43.2112],[5.3947,43.2129],[5.3695,43.2079],[5.3479,43.2163],[5.3515,43.2332],[5.3551,43.2433],[5.3623,43.2535],[5.3695,43.2703],[5.3587,43.2805],[5.3551,43.2923],[5.3515,43.2974],[5.3407,43.3345],[5.2939,43.3548],[5.2399,43.3278],[5.1643,43.3294],[5.1247,43.3261],[5.0635,43.3278],[5.0347,43.3362],[5.0131,43.3582],[5.0059,43.3818],[5.0275,43.4088],[5.0563,43.4223],[5.1463,43.4223],[5.1751,43.4291],[5.1931,43.4392],[5.2147,43.4578],[5.2255,43.4797],[5.2219,43.5034],[5.1931,43.4899],[5.1643,43.4831],[5.1391,43.4865],[5.1175,43.5034],[5.1103,43.5186],[5.1103,43.5287],[5.1067,43.5338],[5.0851,43.5388],[5.0779,43.5388],[5.0527,43.5388],[5.0491,43.5422],[5.0347,43.5557],[5.0275,43.5591],[5.0239,43.5523],[5.0167,43.5388],[5.0095,43.5253],[5.0095,43.5169],[5.0131,43.4983],[5.0239,43.4899],[5.0347,43.4848],[5.0491,43.4764],[5.0635,43.451],[5.0527,43.4291],[5.0275,43.4173],[4.9986,43.4139],[4.9842,43.4173],[4.9302,43.4409],[4.9014,43.4325],[4.8942,43.4257],[4.869,43.4206],[4.8582,43.4156],[4.851,43.4021],[4.8546,43.397],[4.8654,43.3784],[4.869,43.3649],[4.9014,43.3666],[4.8762,43.3514],[4.8546,43.3413],[4.851,43.3582],[4.833,43.3818],[4.7934,43.3987],[4.7574,43.4223],[4.743,43.4493],[4.7466,43.5068],[4.743,43.5253],[4.7358,43.5388],[4.725,43.5574],[4.7106,43.5709],[4.6962,43.5794],[4.6962,43.5726],[4.725,43.5388],[4.7286,43.5287],[4.7286,43.4561],[4.743,43.4223],[4.7682,43.4021],[4.8006,43.3869],[4.8222,43.3666],[4.8186,43.3463],[4.7898,43.3446],[4.6674,43.348],[4.5918,43.3598],[4.5666,43.3717],[4.5666,43.3886],[4.5846,43.4037],[4.5882,43.4173],[4.581,43.4308],[4.5558,43.4426],[4.5126,43.4561],[4.4082,43.4477],[4.2066,43.4595],[4.1814,43.4645],[4.1598,43.4713],[4.131,43.4865],[4.1166,43.5101],[4.131,43.5321],[4.131,43.5355],[4.1058,43.5523],[4.0482,43.5557],[3.9906,43.5507],[3.9546,43.5405],[3.9402,43.5321],[3.7386,43.4122],[3.6234,43.375],[3.591,43.3548],[3.5118,43.2805],[3.4938,43.2737],[3.4506,43.2889],[3.429,43.2855],[3.3858,43.2839],[3.3174,43.2636],[3.2454,43.2197],[3.2274,43.2045],[3.2202,43.1961],[3.2058,43.1859],[3.195,43.1775],[3.177,43.1657],[3.1662,43.1521],[3.1554,43.1353],[3.1374,43.1218],[3.1122,43.1066],[3.105,43.088],[3.0978,43.0728],[3.087,43.0542],[3.069,43.0272],[3.0618,43.0086],[3.0546,42.9934],[3.0474,42.9647],[3.0402,42.9428],[3.0402,42.9326],[3.0546,42.9276],[3.0546,42.9073],[3.0474,42.8465],[3.0402,42.7908],[3.0402,42.7503],[3.0438,42.7249],[3.0366,42.6827],[3.0402,42.6287],[3.0474,42.5882],[3.051,42.5544],[3.0654,42.5426],[3.087,42.5341],[3.1158,42.5308],[3.1374,42.5257],[3.1446,42.5156],[3.1446,42.5037],[3.1446,42.4919],[3.1518,42.4818],[3.159,42.475],[3.177,42.4565],[3.1806,42.4345],[3.177,42.4176],[3.1698,42.3974],[3.1734,42.3805],[3.1734,42.3636],[3.1878,42.3501],[3.2058,42.3399],[3.2274,42.3433],[3.249,42.3433],[3.2634,42.3298],[3.2706,42.3298],[3.2814,42.3366],[3.2922,42.3349],[3.3174,42.3231],[3.2958,42.2876],[3.2886,42.2775],[3.2886,42.2623],[3.2778,42.2555],[3.2706,42.2504],[3.2634,42.2403],[3.2454,42.2454],[3.2094,42.2403],[3.177,42.2504],[3.1698,42.2589],[3.1518,42.2572],[3.1302,42.2403],[3.1194,42.2184],[3.1158,42.1829],[3.1158,42.1593],[3.123,42.1407],[3.1374,42.1272],[3.1734,42.112],[3.1914,42.0934],[3.213,42.0681],[3.213,42.0563],[3.1986,42.0461],[3.195,42.0326],[3.2022,42.0174],[3.2058,41.9972],[3.2094,41.9904],[3.213,41.9853],[3.231,41.9735],[3.2346,41.9651],[3.231,41.9465],[3.2058,41.9144],[3.195,41.8891],[3.177,41.8756],[3.1518,41.8452],[3.1158,41.8469],[3.0798,41.8266],[3.069,41.7996],[3.0402,41.7861],[2.9502,41.7337],[2.9322,41.7118],[2.8998,41.7067],[2.8782,41.7017],[2.8494,41.6966],[2.8386,41.6949],[2.835,41.6932],[2.8206,41.6814],[2.817,41.678],[2.8134,41.6696],[2.8026,41.6679],[2.7918,41.6696],[2.7774,41.6459],[2.6514,41.6054],[2.4498,41.5345],[2.4282,41.5193],[2.3706,41.4889],[2.295,41.4653],[2.2662,41.4484],[2.241,41.4214],[2.1906,41.3572],[2.1618,41.3268],[2.1294,41.3032],[2.061,41.2745],[2.0214,41.266],[1.953,41.2609],[1.8846,41.2474],[1.863,41.2373],[1.8522,41.2356],[1.8198,41.2373],[1.6254,41.1917],[1.539,41.1866],[1.287,41.1157],[1.2186,41.1039],[1.2114,41.1005],[1.1934,41.0752],[1.1898,41.0684],[1.1826,41.0634],[1.1718,41.0583],[1.1502,41.0701],[1.143,41.0718],[1.0962,41.0701],[1.0566,41.0651],[1.017,41.0516],[0.9918,41.0397],[0.8766,40.9553],[0.8226,40.8996],[0.7146,40.8152],[0.6966,40.7865],[0.7218,40.7746],[0.7506,40.7662],[0.7614,40.7662],[0.7686,40.7713],[0.765,40.778],[0.7506,40.7865],[0.7686,40.7848],[0.7794,40.7797],[0.7902,40.7713],[0.8154,40.7476],[0.8406,40.7324],[0.855,40.7324],[0.873,40.7274],[0.873,40.7071],[0.8586,40.6868],[0.8478,40.675],[0.783,40.6615],[0.7578,40.6429],[0.7074,40.5838],[0.6786,40.5652],[0.6462,40.5568],[0.6174,40.5534],[0.5922,40.5821],[0.639,40.5872],[0.6642,40.5754],[0.6966,40.5906],[0.7326,40.6345],[0.711,40.6362],[0.6822,40.6345],[0.5994,40.6142],[0.5814,40.6041],[0.5634,40.5906],[0.549,40.572],[0.5166,40.5146],[0.5022,40.4842],[0.4842,40.4656],[0.4662,40.4504],[0.4518,40.4335],[0.4446,40.4082],[0.4194,40.3879],[0.351,40.2849],[0.3402,40.2748],[0.3114,40.2579],[0.3006,40.2461],[0.2646,40.209],[0.207,40.1718],[0.1458,40.0789],[0.117,40.057],[0.0666,40.0317],[0.0414,40.003],[-0.0018,39.9354],[-0.0018,39.932],[-0.027,39.9016],[-0.0918,39.8476],[-0.1962,39.7159],[-0.1998,39.7058],[-0.2034,39.6804],[-0.2106,39.6635],[-0.2214,39.6517],[-0.243,39.6315],[-0.2574,39.6163],[-0.2682,39.5994],[-0.2754,39.5825],[-0.2826,39.569],[-0.3114,39.5335],[-0.3222,39.5166],[-0.3294,39.4812],[-0.3258,39.4305],[-0.3222,39.3883],[-0.3006,39.3225],[-0.2394,39.2161],[-0.2286,39.1992],[-0.2142,39.1823],[-0.2286,39.1755],[-0.243,39.1671],[-0.2358,39.1485],[-0.225,39.1114],[-0.2106,39.0793],[-0.1854,39.0422],[-0.1566,39.0016],[-0.1206,38.951],[-0.1062,38.9358],[-0.0702,38.9138],[-0.0306,38.8834],[-0.009,38.8699],[0.0162,38.8649],[0.063,38.8615],[0.1098,38.8497],[0.153,38.8311],[0.1854,38.8041],[0.1818,38.8024],[0.171,38.7956],[0.1818,38.7922],[0.189,38.7855],[0.2178,38.7686],[0.2286,38.7703],[0.2358,38.7585],[0.2358,38.7416],[0.2286,38.7348],[0.2106,38.7331],[0.1926,38.7298],[0.1782,38.7247],[0.1638,38.7129],[0.1494,38.6926],[0.1494,38.6892],[0.1458,38.6859],[0.1242,38.6859],[0.117,38.6825],[0.1062,38.6724],[0.0954,38.6673],[0.0846,38.6605],[0.0738,38.6453],[0.081,38.6318],[0.0594,38.6352],[0.045,38.6318],[0.0342,38.6268],[0.0162,38.6251],[-0.0162,38.6251],[-0.027,38.62],[-0.0414,38.6116],[-0.0558,38.5947],[-0.0558,38.5812],[-0.0522,38.5677],[-0.0594,38.5525],[-0.0738,38.5406],[-0.0918,38.5356],[-0.1314,38.5356],[-0.1782,38.5271],[-0.2034,38.5204],[-0.2322,38.5018],[-0.3294,38.4697],[-0.3438,38.4613],[-0.351,38.4495],[-0.3582,38.4461],[-0.3942,38.414],[-0.405,38.3988],[-0.4086,38.3785],[-0.4086,38.3684],[-0.4122,38.365],[-0.4446,38.3633],[-0.459,38.36],[-0.4698,38.3515],[-0.4734,38.3363],[-0.5094,38.338],[-0.5202,38.2992],[-0.5058,38.208],[-0.5166,38.1962],[-0.5346,38.1928],[-0.5706,38.1945],[-0.5922,38.1894],[-0.6102,38.1776],[-0.6246,38.1624],[-0.6354,38.1455],[-0.639,38.132],[-0.6462,38.1168],[-0.6498,38.0746],[-0.6534,38.0071],[-0.6534,37.9902],[-0.6642,37.98],[-0.6894,37.9716],[-0.7074,37.9564],[-0.7182,37.9429],[-0.7578,37.8635],[-0.7614,37.8466],[-0.7578,37.8061],[-0.7614,37.796],[-0.7866,37.823],[-0.8118,37.7707],[-0.8262,37.7622],[-0.8478,37.7555],[-0.855,37.7419],[-0.8514,37.7234],[-0.819,37.6761],[-0.8082,37.6677],[-0.7794,37.6508],[-0.7542,37.6406],[-0.7362,37.6389],[-0.7254,37.6508],[-0.7074,37.6423],[-0.7002,37.6305],[-0.7038,37.6204],[-0.7182,37.6102],[-0.729,37.6035],[-0.7362,37.6001],[-0.747,37.6001],[-0.7542,37.6035],[-0.765,37.6001],[-0.7902,37.5917],[-0.8082,37.5883],[-0.837,37.5765],[-0.873,37.5765],[-0.8874,37.5748],[-0.9018,37.5697],[-0.9234,37.5562],[-0.9342,37.5613],[-0.9738,37.5765],[-1.0062,37.5815],[-1.071,37.5832],[-1.089,37.5815],[-1.1034,37.5765],[-1.1142,37.568],[-1.1214,37.5596],[-1.1178,37.5494],[-1.107,37.5326],[-1.1358,37.5376],[-1.1682,37.5444],[-1.1718,37.5545],[-1.179,37.5646],[-1.2006,37.5663],[-1.2294,37.5765],[-1.2438,37.5798],[-1.2582,37.5663],[-1.2618,37.5579],[-1.2906,37.5579],[-1.323,37.5613],[-1.3518,37.5494],[-1.3698,37.541],[-1.413,37.5072],[-1.431,37.4988],[-1.449,37.4954],[-1.4562,37.492],[-1.4634,37.4887],[-1.4706,37.4819],[-1.4742,37.4768],[-1.4778,37.4735],[-1.4886,37.4397],[-1.4886,37.4329],[-1.4958,37.4279],[-1.503,37.4296],[-1.5066,37.4329],[-1.5138,37.4329],[-1.5246,37.4279],[-1.5426,37.4144],[-1.5534,37.4127],[-1.5678,37.4093],[-1.6182,37.3924],[-1.6434,37.3806],[-1.647,37.3688],[-1.6542,37.362],[-1.6722,37.3637],[-1.6794,37.3553],[-1.6866,37.3367],[-1.6974,37.3164],[-1.7298,37.2827],[-1.7874,37.2354],[-1.8126,37.2067],[-1.8306,37.1661],[-1.8378,37.1324],[-1.8486,37.1037],[-1.8558,37.0766],[-1.8846,37.0159],[-1.9062,36.9872],[-1.9062,36.9753],[-1.9026,36.9669],[-1.899,36.9584],[-1.899,36.95],[-1.899,36.9416],[-1.9062,36.9365],[-1.9134,36.9331],[-1.935,36.9314],[-1.9422,36.9297],[-1.953,36.9196],[-1.989,36.901],[-2.0034,36.8875],[-2.0142,36.8453],[-2.025,36.8335],[-2.0394,36.8251],[-2.0574,36.8099],[-2.061,36.8031],[-2.0646,36.7828],[-2.0718,36.7761],[-2.079,36.771],[-2.0898,36.7676],[-2.1006,36.7659],[-2.1114,36.7457],[-2.1258,36.7356],[-2.1474,36.7305],[-2.1654,36.7271],[-2.205,36.7372],[-2.2302,36.7609],[-2.2554,36.7879],[-2.2842,36.8099],[-2.3166,36.8284],[-2.3382,36.8335],[-2.3634,36.8369],[-2.3814,36.8335],[-2.4138,36.82],[-2.4318,36.8166],[-2.4426,36.8183],[-2.4678,36.8284],[-2.4822,36.8301],[-2.5614,36.8183],[-2.5758,36.8115],[-2.5974,36.7727],[-2.6154,36.7288],[-2.6442,36.7068],[-2.6478,36.7035],[-2.6586,36.695],[-2.6838,36.6866],[-2.7198,36.6815],[-2.7378,36.6866],[-2.7558,36.6798],[-2.7846,36.695],[-2.8026,36.7068],[-2.8206,36.7136],[-2.8314,36.7119],[-2.8386,36.7018],[-2.8494,36.7001],[-2.8602,36.7052],[-2.8854,36.7339],[-2.9142,36.7508],[-2.9322,36.7524],[-2.9862,36.7372],[-3.0762,36.7491],[-3.1554,36.744],[-3.2274,36.7541],[-3.3282,36.7457],[-3.3426,36.7372],[-3.357,36.7254],[-3.3786,36.7136],[-3.4146,36.695],[-3.4758,36.6967],[-3.5154,36.7204],[-3.537,36.7187],[-3.5514,36.7119],[-3.5874,36.7271],[-3.6018,36.7423],[-3.6306,36.7406],[-3.6666,36.7389],[-3.681,36.7288],[-3.7314,36.7237],[-3.8034,36.7423],[-3.8394,36.7524],[-3.8898,36.744],[-3.9618,36.7271],[-4.0554,36.7474],[-4.0806,36.744],[-4.1094,36.7254],[-4.1958,36.7153],[-4.2246,36.7119],[-4.4046,36.7237],[-4.419,36.7204],[-4.4334,36.7102],[-4.4622,36.6714],[-4.4658,36.6629],[-4.4802,36.6511],[-4.491,36.6359],[-4.4946,36.6207],[-4.5234,36.5802],[-4.5882,36.5735],[-4.6134,36.5312],[-4.6494,36.5127],[-4.6602,36.5076],[-4.6818,36.5008],[-4.7214,36.4924],[-4.7646,36.4941],[-4.8798,36.5059],[-4.9014,36.5059],[-4.9122,36.5042],[-4.923,36.4975],[-4.995,36.4569],[-5.0635,36.4519],[-5.1103,36.4282],[-5.1211,36.4249],[-5.1571,36.4215],[-5.1751,36.4181],[-5.1859,36.4113],[-5.2003,36.3978],[-5.2255,36.3573],[-5.2291,36.3489],[-5.2435,36.3117],[-5.2543,36.2965],[-5.2579,36.2931],[-5.2651,36.2864],[-5.2759,36.283],[-5.2903,36.278],[-5.2903,36.2695],[-5.2867,36.2611],[-5.2975,36.2476],[-5.3299,36.1986],[-5.3335,36.1885],[-5.3407,36.1294],[-5.3407,36.1243],[-5.3407,36.1108],[-5.3515,36.1192],[-5.3659,36.1631],[-5.3839,36.1716],[-5.4055,36.18],[-5.4271,36.18],[-5.4271,36.1699],[-5.4379,36.1614],[-5.4415,36.1496],[-5.4415,36.1344],[-5.4343,36.1209],[-5.4415,36.1142],[-5.4379,36.099],[-5.4307,36.0888],[-5.4271,36.0804],[-5.4307,36.0703],[-5.4379,36.0635],[-5.4451,36.0567],[-5.4667,36.05],[-5.5675,36.0213],[-5.5819,36.0145],[-5.6107,36.0061],[-5.6287,36.0365],[-5.6719,36.0567],[-5.6899,36.0669],[-5.7115,36.0601],[-5.7331,36.0652],[-5.7547,36.0753],[-5.7943,36.0855],[-5.8123,36.0973],[-5.8339,36.1226],[-5.8987,36.1733],[-5.9167,36.1834],[-5.9383,36.1834],[-5.9851,36.1766],[-6.0355,36.1901],[-6.0643,36.2172],[-6.0823,36.2509],[-6.1039,36.2813],[-6.1579,36.305],[-6.1651,36.3185],[-6.1687,36.3354],[-6.1759,36.3539],[-6.1831,36.3708],[-6.2191,36.4029],[-6.2407,36.4468],[-6.2587,36.4772],[-6.2803,36.511],[-6.3019,36.5262],[-6.3091,36.5346],[-6.2983,36.538],[-6.2911,36.538],[-6.2587,36.5144],[-6.2479,36.5042],[-6.2551,36.4958],[-6.2479,36.4873],[-6.2299,36.4721],[-6.2191,36.4755],[-6.2119,36.4806],[-6.2011,36.4941],[-6.1795,36.5144],[-6.1867,36.5144],[-6.2083,36.5093],[-6.2227,36.511],[-6.2335,36.5262],[-6.2263,36.5566],[-6.2335,36.5751],[-6.2839,36.6123],[-6.2947,36.6174],[-6.3631,36.6207],[-6.3811,36.6241],[-6.3955,36.6376],[-6.4063,36.6765],[-6.4171,36.6967],[-6.4315,36.7153],[-6.4387,36.7339],[-6.4351,36.7508],[-6.4135,36.7676],[-6.3955,36.7744],[-6.3595,36.7862],[-6.3451,36.7947],[-6.3343,36.8183],[-6.3451,36.8605],[-6.3379,36.8842],[-6.3055,36.9078],[-6.2227,36.9027],[-6.1939,36.9314],[-6.2155,36.9213],[-6.2407,36.9129],[-6.2659,36.9129],[-6.2839,36.9264],[-6.3271,36.9129],[-6.3451,36.901],[-6.3523,36.8808],[-6.3451,36.82],[-6.3523,36.8082],[-6.3883,36.8082],[-6.4171,36.8386],[-6.4495,36.9044],[-6.4711,36.9348],[-6.4999,36.9601],[-6.7447,37.102],[-6.7699,37.1121],[-6.7951,37.1172],[-6.8131,37.1239],[-6.8527,37.1509],[-6.8743,37.1594],[-6.8923,37.1661],[-6.9103,37.1898],[-6.9175,37.2151],[-6.9103,37.2269],[-6.8995,37.2354],[-6.8635,37.2776],[-6.8527,37.2945],[-6.9031,37.2489],[-6.9319,37.2337],[-6.9643,37.2337],[-6.9643,37.2269],[-6.9391,37.1999],[-6.9319,37.183],[-6.9283,37.1729],[-6.9427,37.1712],[-7.0291,37.205],[-7.0615,37.2134],[-7.1011,37.2236],[-7.1263,37.2151],[-7.0975,37.2117],[-7.0867,37.2067],[-7.3279,37.2016],[-7.3423,37.1965],[-7.3639,37.1813],[-7.3819,37.1797],[-7.3999,37.1847],[-7.4143,37.1932],[-7.4107,37.1881],[-7.4107,37.183],[-7.4071,37.1797],[-7.3999,37.178],[-7.3999,37.1729],[-7.4071,37.1645],[-7.4251,37.1746],[-7.4467,37.1797],[-7.4683,37.1797],[-7.4899,37.178],[-7.5115,37.1712],[-7.5511,37.1493],[-7.5691,37.1442],[-7.6267,37.1138],[-7.6339,37.1054],[-7.7851,37.0226],[-7.8211,36.999],[-7.8355,36.999],[-7.8499,37.004],[-7.8715,37.0074],[-7.9327,37.0091],[-7.9507,37.0142],[-7.9579,37.0024],[-7.9687,37.004],[-7.9831,37.0108],[-7.9903,37.0142],[-7.9831,37.0024],[-7.9795,36.9956],[-7.9759,36.9872],[-7.9975,37.0125],[-8.0335,37.0378],[-8.1055,37.0699],[-8.1487,37.0766],[-8.1775,37.0885],[-8.2135,37.0868],[-8.2927,37.0783],[-8.3287,37.0868],[-8.3647,37.0986],[-8.3935,37.0868],[-8.4403,37.0834],[-8.4835,37.0952],[-8.4835,37.0935],[-8.5375,37.1172],[-8.5807,37.1239],[-8.6275,37.1206],[-8.6419,37.1172],[-8.6563,37.1104],[-8.6851,37.0834],[-8.7463,37.0834],[-8.7607,37.08],[-8.7859,37.0665],[-8.8003,37.0631],[-8.8147,37.0615],[-8.8363,37.0564],[-8.8579,37.0412],[-8.8795,37.0479],[-8.8975,37.0327],[-8.9047,37.0277],[-8.9155,37.0243],[-8.9371,37.0108],[-8.9443,37.0074],[-8.9623,37.0125],[-8.9731,37.0209],[-8.9839,37.026],[-8.9983,37.0209],[-8.9911,37.0496],[-8.9839,37.0631],[-8.9803,37.0699],[-8.9407,37.1189],[-8.9263,37.1459],[-8.9119,37.1695],[-8.9227,37.1999],[-8.9047,37.2134],[-8.8831,37.232],[-8.8687,37.2759],[-8.8759,37.2945],[-8.8831,37.3097],[-8.8651,37.335],[-8.8399,37.3603],[-8.8327,37.384],[-8.8147,37.4177],[-8.8039,37.4633],[-8.7967,37.4903],[-8.7967,37.5359],[-8.8003,37.5596],[-8.8111,37.5748],[-8.8255,37.5883],[-8.8255,37.6001],[-8.8111,37.644],[-8.8075,37.6727],[-8.8003,37.698],[-8.7859,37.7031],[-8.7571,37.7065],[-8.7535,37.7301],[-8.7535,37.7352],[-8.7607,37.7284],[-8.7823,37.7234],[-8.8075,37.7234],[-8.8183,37.7403],[-8.8111,37.7909],[-8.7967,37.845],[-8.8003,37.8787],[-8.8039,37.9024],[-8.8219,37.9277],[-8.8543,37.9328],[-8.8939,37.953],[-8.8903,37.9615],[-8.8831,37.9648],[-8.8759,37.9665],[-8.8687,37.9733],[-8.8147,38.0628],[-8.7967,38.1337],[-8.7751,38.1877],[-8.7787,38.2401],[-8.7859,38.3042],[-8.7967,38.36],[-8.8219,38.3988],[-8.8471,38.4208],[-8.8795,38.4495],[-8.9155,38.4731],[-8.9443,38.4815],[-8.9263,38.4934],[-8.9047,38.4866],[-8.8687,38.4613],[-8.8219,38.4478],[-8.8003,38.4393],[-8.8003,38.4258],[-8.7571,38.4275],[-8.6563,38.4056],[-8.6059,38.4191],[-8.6383,38.4208],[-8.6635,38.4241],[-8.7355,38.4512],[-8.7463,38.4596],[-8.7499,38.4731],[-8.7535,38.4883],[-8.7499,38.5001],[-8.7463,38.5103],[-8.7355,38.5153],[-8.7355,38.5221],[-8.7499,38.5271],[-8.7607,38.5373],[-8.7643,38.5525],[-8.7571,38.5626],[-8.7751,38.566],[-8.7931,38.5339],[-8.8111,38.5288],[-8.8111,38.5221],[-8.7895,38.5204],[-8.7787,38.5052],[-8.7787,38.4883],[-8.7895,38.4815],[-8.8111,38.4832],[-8.8327,38.4866],[-8.8687,38.5018],[-8.9047,38.5119],[-8.9551,38.5052],[-8.9983,38.4647],[-8.9911,38.4596],[-9.0487,38.441],[-9.1459,38.4309],[-9.1675,38.4258],[-9.1819,38.4157],[-9.1999,38.4123],[-9.2251,38.4191],[-9.2323,38.4191],[-9.2323,38.4241],[-9.2323,38.4309],[-9.2323,38.4376],[-9.2287,38.441],[-9.2215,38.4495],[-9.1891,38.4731],[-9.1855,38.5035],[-9.1855,38.5508],[-9.2071,38.5981],[-9.2395,38.6352],[-9.2539,38.6656],[-9.2359,38.674],[-9.1891,38.6774],[-9.1459,38.6808],[-9.1243,38.6707],[-9.1135,38.6588],[-9.1063,38.6588],[-9.1135,38.6791],[-9.0991,38.6859],[-9.0667,38.6926],[-9.0523,38.6943],[-9.0523,38.6994],[-9.0379,38.7146],[-9.0199,38.7264],[-8.9911,38.7433],[-8.9551,38.7686],[-8.9515,38.7703],[-8.9479,38.7737],[-8.9443,38.7754],[-8.9443,38.7821],[-8.9515,38.7956],[-8.9659,38.8142],[-8.9695,38.8361],[-8.9623,38.8513],[-8.9875,38.8497],[-8.9983,38.8649],[-9.0019,38.8902],[-9.0127,38.9138],[-8.9695,38.9847],[-8.9443,39.0151],[-8.9083,39.0371],[-8.8867,39.0405],[-8.8471,39.0422],[-8.8255,39.0489],[-8.7895,39.0709],[-8.7751,39.0827],[-8.7643,39.0979],[-8.7931,39.0827],[-8.8363,39.0573],[-8.9227,39.0489],[-8.9371,39.0405],[-8.9551,39.0118],[-9.0019,38.9577],[-9.0595,38.8716],[-9.0883,38.8429],[-9.0991,38.8294],[-9.1063,38.8142],[-9.1027,38.7956],[-9.1027,38.7618],[-9.0991,38.7382],[-9.1135,38.7146],[-9.1639,38.7011],[-9.2215,38.6943],[-9.2863,38.6994],[-9.3043,38.6876],[-9.3223,38.6707],[-9.3619,38.6892],[-9.4051,38.7044],[-9.4303,38.7078],[-9.4699,38.7027],[-9.4915,38.7078],[-9.4915,38.7281],[-9.4843,38.745],[-9.4987,38.7889],[-9.4987,38.8091],[-9.4915,38.8193],[-9.4807,38.8311],[-9.4555,38.8497],[-9.4231,38.9307],[-9.4267,38.9915],[-9.4375,39.0286],[-9.4267,39.0523],[-9.4231,39.0793],[-9.3835,39.1333],[-9.3727,39.1604],[-9.3511,39.1975],[-9.3475,39.2346],[-9.3403,39.2667],[-9.3547,39.3157],[-9.3655,39.336],[-9.4015,39.3647],[-9.4087,39.3748],[-9.3979,39.3782],[-9.3547,39.368],[-9.2791,39.4052],[-9.2611,39.4187],[-9.2395,39.4204],[-9.2287,39.4086],[-9.2179,39.4069],[-9.2071,39.4153],[-9.2143,39.4288],[-9.2287,39.4407],[-9.2143,39.4609],[-9.1927,39.4812],[-9.1819,39.493],[-9.1639,39.5014],[-9.1351,39.5166],[-9.1207,39.5352],[-9.1099,39.5504],[-9.0919,39.5791],[-9.0883,39.596],[-9.0919,39.6163],[-9.0775,39.6433],[-9.0703,39.6804],[-8.9947,39.8425],[-8.8687,40.1245],[-8.8543,40.1397],[-8.8399,40.1262],[-8.8255,40.1195],[-8.7859,40.1195],[-8.7859,40.1262],[-8.8003,40.138],[-8.8147,40.1465],[-8.8327,40.1515],[-8.8795,40.1566],[-8.8975,40.1651],[-8.9083,40.1786],[-8.9083,40.2005],[-8.8975,40.2292],[-8.8651,40.2748],[-8.8003,40.4741],[-8.7859,40.5365],[-8.7643,40.5821],[-8.7535,40.6412],[-8.7499,40.6446],[-8.7463,40.6463],[-8.7427,40.626],[-8.7463,40.6193],[-8.7247,40.6446],[-8.7103,40.6531],[-8.6959,40.6463],[-8.6887,40.6463],[-8.6887,40.6531],[-8.6923,40.6564],[-8.6959,40.6615],[-8.6995,40.6683],[-8.6959,40.6733],[-8.6851,40.6784],[-8.6815,40.675],[-8.6779,40.6699],[-8.6707,40.6666],[-8.6635,40.6699],[-8.6527,40.6767],[-8.6419,40.6936],[-8.6563,40.702],[-8.6671,40.7138],[-8.6635,40.724],[-8.6455,40.729],[-8.6203,40.7307],[-8.6023,40.7358],[-8.5879,40.7442],[-8.5735,40.7561],[-8.5879,40.7544],[-8.6131,40.7442],[-8.6347,40.7409],[-8.6383,40.7409],[-8.6455,40.7392],[-8.6671,40.7476],[-8.6743,40.7561],[-8.6851,40.7831],[-8.6455,40.8236],[-8.6563,40.8456],[-8.6563,40.8287],[-8.6635,40.8152],[-8.6707,40.8118],[-8.6743,40.8253],[-8.6887,40.8033],[-8.6995,40.778],[-8.7067,40.751],[-8.7103,40.7257],[-8.7139,40.7088],[-8.7247,40.6851],[-8.7391,40.6649],[-8.7499,40.6531],[-8.6563,40.9941],[-8.6563,41.0313],[-8.6671,41.0972],[-8.6671,41.1326],[-8.6491,41.1461],[-8.6491,41.1529],[-8.6851,41.1596],[-8.7067,41.1866],[-8.7175,41.2221],[-8.7355,41.2491],[-8.7319,41.2626],[-8.7355,41.2745],[-8.7391,41.2846],[-8.7463,41.2981],[-8.7427,41.3285],[-8.7499,41.3386],[-8.7571,41.3403],[-8.7607,41.3504],[-8.7643,41.3606],[-8.7787,41.3791],[-8.7823,41.3943],[-8.7823,41.4062],[-8.7859,41.4349],[-8.7751,41.4686],[-8.7859,41.4906],[-8.7895,41.5125],[-8.7931,41.526],[-8.7967,41.5429],[-8.8075,41.5733],[-8.8111,41.5953],[-8.8183,41.6122],[-8.8219,41.6307],[-8.8291,41.6476],[-8.8291,41.6713],[-8.8255,41.6831],[-8.8039,41.6898],[-8.7427,41.6966],[-8.7247,41.7033],[-8.7103,41.7118],[-8.6959,41.7219],[-8.8075,41.6966],[-8.8291,41.6949],[-8.8435,41.6966],[-8.8615,41.705],[-8.8795,41.7371],[-8.8795,41.7658],[-8.8723,41.8097],[-8.8795,41.8384],[-8.8759,41.8503],[-8.8687,41.8587],[-8.7967,41.9026],[-8.7643,41.9313],[-8.7499,41.9685],[-8.7607,41.9533],[-8.7787,41.9364],[-8.7967,41.9262],[-8.8147,41.9212],[-8.8327,41.9144],[-8.8471,41.8992],[-8.8651,41.8891],[-8.8795,41.8925],[-8.8795,41.9077],[-8.8975,42.1019],[-8.8939,42.1187],[-8.8831,42.1255],[-8.8435,42.1272],[-8.8255,42.1306],[-8.8183,42.139],[-8.8255,42.1474],[-8.8435,42.1542],[-8.8471,42.161],[-8.8435,42.1643],[-8.8147,42.1745],[-8.8147,42.1795],[-8.8111,42.188],[-8.8075,42.1981],[-8.7967,42.2015],[-8.7895,42.2049],[-8.7715,42.2217],[-8.7211,42.2521],[-8.7067,42.2572],[-8.7031,42.2589],[-8.6707,42.2808],[-8.6527,42.2859],[-8.6311,42.296],[-8.6239,42.3011],[-8.6203,42.3095],[-8.6203,42.3416],[-8.6239,42.3467],[-8.6275,42.3484],[-8.6347,42.3467],[-8.6491,42.3349],[-8.6599,42.3163],[-8.6743,42.2994],[-8.6995,42.291],[-8.7211,42.2876],[-8.7751,42.269],[-8.7859,42.2606],[-8.7967,42.2589],[-8.8471,42.2606],[-8.8687,42.2572],[-8.8651,42.269],[-8.8543,42.291],[-8.8543,42.3045],[-8.8471,42.3045],[-8.8327,42.2893],[-8.8255,42.296],[-8.8255,42.3298],[-8.8291,42.3366],[-8.8291,42.3416],[-8.8255,42.3433],[-8.8111,42.3467],[-8.7787,42.3399],[-8.7715,42.3433],[-8.7643,42.3551],[-8.7283,42.3889],[-8.7103,42.4007],[-8.6779,42.4159],[-8.6635,42.4277],[-8.6563,42.4413],[-8.6635,42.4379],[-8.6743,42.4379],[-8.6815,42.4413],[-8.6923,42.4413],[-8.6959,42.4396],[-8.6959,42.4379],[-8.7175,42.4277],[-8.7427,42.4126],[-8.7571,42.4075],[-8.7787,42.4024],[-8.8111,42.4007],[-8.8435,42.4041],[-8.8687,42.4142],[-8.8759,42.4261],[-8.8795,42.4446],[-8.8867,42.4565],[-8.9011,42.4615],[-8.9371,42.4649],[-8.9443,42.47],[-8.9335,42.4784],[-8.9155,42.4868],[-8.8975,42.4936],[-8.8795,42.497],[-8.8687,42.4936],[-8.8615,42.4852],[-8.8615,42.475],[-8.8759,42.47],[-8.8651,42.4649],[-8.8507,42.4615],[-8.8363,42.4581],[-8.8255,42.4615],[-8.8219,42.4717],[-8.8255,42.4835],[-8.8255,42.4953],[-8.8111,42.502],[-8.8255,42.5375],[-8.8255,42.5544],[-8.8219,42.5696],[-8.8147,42.5814],[-8.8003,42.5899],[-8.7895,42.5915],[-8.7751,42.6051],[-8.7391,42.6658],[-8.7319,42.6878],[-8.7355,42.6878],[-8.7427,42.6726],[-8.7535,42.6574],[-8.7679,42.6456],[-8.7859,42.6405],[-8.8039,42.6456],[-8.8147,42.6591],[-8.8255,42.6743],[-8.8399,42.6827],[-8.8543,42.6608],[-8.8579,42.649],[-8.8471,42.6405],[-8.8687,42.6169],[-8.8795,42.6118],[-8.8939,42.6202],[-8.8903,42.6304],[-8.9047,42.6253],[-8.9371,42.6067],[-8.9227,42.5932],[-8.9335,42.5865],[-8.9695,42.5797],[-8.9731,42.5747],[-8.9803,42.551],[-8.9875,42.5493],[-8.9983,42.5426],[-9.0127,42.5308],[-9.0271,42.5426],[-9.0271,42.5611],[-9.0343,42.578],[-9.0559,42.5848],[-9.0703,42.5966],[-9.0667,42.6202],[-9.0523,42.6456],[-9.0379,42.6608],[-9.0379,42.6726],[-9.0379,42.6878],[-9.0307,42.7081],[-9.0199,42.7199],[-9.0127,42.7266],[-9.0055,42.7334],[-8.9947,42.7368],[-8.9911,42.7384],[-8.9623,42.752],[-8.9371,42.7773],[-8.9227,42.7874],[-8.8975,42.7925],[-8.8903,42.7992],[-8.8867,42.8144],[-8.8867,42.8313],[-8.9083,42.8398],[-8.9119,42.8161],[-8.9299,42.8026],[-8.9515,42.7959],[-8.9767,42.7925],[-9.0271,42.7975],[-9.0487,42.7942],[-9.0451,42.7773],[-9.0703,42.7604],[-9.0811,42.7553],[-9.0991,42.757],[-9.1135,42.7655],[-9.1207,42.779],[-9.1243,42.7942],[-9.1351,42.8127],[-9.1243,42.8127],[-9.1135,42.8161],[-9.1063,42.8229],[-9.0991,42.833],[-9.1099,42.8448],[-9.1207,42.8516],[-9.1423,42.8566],[-9.1423,42.8651],[-9.1459,42.8786],[-9.1495,42.8837],[-9.1459,42.8887],[-9.1387,42.8955],[-9.1351,42.9022],[-9.1351,42.9107],[-9.1351,42.9174],[-9.1423,42.9208],[-9.1603,42.9225],[-9.1675,42.9276],[-9.1819,42.9445],[-9.1963,42.9495],[-9.1963,42.9428],[-9.1891,42.9326],[-9.1963,42.9259],[-9.2035,42.9242],[-9.2107,42.9259],[-9.2143,42.9394],[-9.2251,42.9394],[-9.2359,42.9343],[-9.2431,42.9293],[-9.2503,42.9208],[-9.2611,42.9006],[-9.2683,42.8921],[-9.2719,42.8938],[-9.2827,42.9174],[-9.2935,42.9225],[-9.2935,42.9293],[-9.2863,42.9377],[-9.2647,42.9799],[-9.2647,42.9867],[-9.2611,42.9951],[-9.2575,43.0019],[-9.2539,43.0086],[-9.2503,43.0171],[-9.2575,43.0238],[-9.2719,43.0306],[-9.2791,43.0542],[-9.2719,43.061],[-9.2575,43.061],[-9.2503,43.0694],[-9.2467,43.088],[-9.2323,43.0964],[-9.2215,43.1032],[-9.2179,43.115],[-9.2035,43.1049],[-9.1891,43.1015],[-9.1783,43.1049],[-9.1639,43.115],[-9.1567,43.1201],[-9.1531,43.1251],[-9.1495,43.1302],[-9.1423,43.1353],[-9.1315,43.1386],[-9.1243,43.1403],[-9.1063,43.1403],[-9.1063,43.1488],[-9.1243,43.142],[-9.1459,43.1386],[-9.1639,43.1403],[-9.1639,43.1488],[-9.1927,43.137],[-9.2071,43.1386],[-9.2179,43.1555],[-9.1711,43.1893],[-9.1387,43.2011],[-9.0991,43.1893],[-9.0847,43.1893],[-9.0667,43.1927],[-9.0523,43.1961],[-9.0415,43.2045],[-9.0271,43.2096],[-9.0163,43.2231],[-9.0127,43.2383],[-9.0055,43.2383],[-8.9875,43.2264],[-8.9587,43.2281],[-8.9335,43.2349],[-8.9155,43.245],[-8.9371,43.2433],[-8.9479,43.2501],[-8.9623,43.272],[-8.9659,43.272],[-8.9803,43.2771],[-8.9875,43.2839],[-8.9803,43.2855],[-8.9695,43.2872],[-8.9299,43.2991],[-8.8867,43.321],[-8.8579,43.3261],[-8.8507,43.3345],[-8.8399,43.3396],[-8.8291,43.3413],[-8.8183,43.3362],[-8.7859,43.3126],[-8.7679,43.3075],[-8.7499,43.3041],[-8.7103,43.2957],[-8.6923,43.294],[-8.6671,43.3007],[-8.6311,43.3159],[-8.5915,43.3244],[-8.5591,43.3126],[-8.5051,43.3311],[-8.4979,43.3379],[-8.4943,43.3463],[-8.4871,43.3548],[-8.4763,43.3598],[-8.4547,43.3632],[-8.4511,43.3666],[-8.4475,43.3717],[-8.4439,43.375],[-8.3899,43.3852],[-8.3863,43.3734],[-8.3755,43.3632],[-8.3539,43.348],[-8.3395,43.3598],[-8.3359,43.3683],[-8.3395,43.3919],[-8.3323,43.4054],[-8.3107,43.4037],[-8.2819,43.3902],[-8.2675,43.3852],[-8.2603,43.3767],[-8.2567,43.3649],[-8.2495,43.3548],[-8.2279,43.3379],[-8.2171,43.3278],[-8.2099,43.3126],[-8.2027,43.3294],[-8.2027,43.3446],[-8.2099,43.375],[-8.2099,43.3902],[-8.2063,43.4004],[-8.1955,43.4071],[-8.1739,43.4156],[-8.1955,43.424],[-8.2135,43.4257],[-8.2459,43.4223],[-8.2639,43.4274],[-8.2891,43.446],[-8.3035,43.451],[-8.2855,43.4612],[-8.1847,43.4713],[-8.1775,43.473],[-8.1703,43.478],[-8.1667,43.4848],[-8.1703,43.4916],[-8.1739,43.4932],[-8.1955,43.4848],[-8.2567,43.478],[-8.2531,43.4814],[-8.2495,43.4831],[-8.2423,43.4848],[-8.2459,43.4882],[-8.2567,43.4916],[-8.2675,43.4797],[-8.2891,43.473],[-8.3323,43.4713],[-8.3251,43.4865],[-8.3215,43.5084],[-8.3179,43.5236],[-8.3035,43.5186],[-8.2927,43.5338],[-8.2999,43.5388],[-8.3071,43.5456],[-8.3143,43.5557],[-8.3143,43.5675],[-8.3071,43.5675],[-8.2927,43.5642],[-8.2855,43.5675],[-8.2603,43.5642],[-8.2315,43.576],[-8.0875,43.657],[-8.0839,43.6452],[-8.0731,43.6401],[-8.0623,43.6385],[-8.0515,43.6435],[-8.0623,43.6418],[-8.0659,43.6435],[-8.0659,43.6486],[-8.0623,43.6503],[-8.0551,43.6537],[-8.0515,43.657],[-8.0695,43.6672],[-8.0731,43.679],[-8.0695,43.6891],[-8.0659,43.7009],[-8.0587,43.7094],[-8.0443,43.7128],[-8.0119,43.7111],[-7.9795,43.7178],[-7.9543,43.7296],[-7.9291,43.7465],[-7.9075,43.7668],[-7.8823,43.7634],[-7.8679,43.7482],[-7.8607,43.7313],[-7.8463,43.7178],[-7.8463,43.7111],[-7.8535,43.7144],[-7.8607,43.7161],[-7.8679,43.7178],[-7.8751,43.7094],[-7.8787,43.7009],[-7.8787,43.6925],[-7.8751,43.6841],[-7.8859,43.679],[-7.8967,43.6841],[-7.9003,43.679],[-7.9039,43.679],[-7.9075,43.6773],[-7.9075,43.6705],[-7.8571,43.6689],[-7.8499,43.6756],[-7.8679,43.6976],[-7.8571,43.7026],[-7.8427,43.7043],[-7.8175,43.6976],[-7.8211,43.7009],[-7.8247,43.7077],[-7.8247,43.7111],[-7.8103,43.7229],[-7.7923,43.7347],[-7.7743,43.7432],[-7.7347,43.7499],[-7.7131,43.76],[-7.6951,43.7752],[-7.6879,43.7904],[-7.6843,43.7938],[-7.6771,43.7904],[-7.6699,43.7837],[-7.6699,43.7719],[-7.6735,43.7668],[-7.6951,43.7465],[-7.6951,43.7313],[-7.6915,43.728],[-7.6843,43.728],[-7.6735,43.7313],[-7.6735,43.7347],[-7.6735,43.7398],[-7.6735,43.7432],[-7.6663,43.7465],[-7.6591,43.7465],[-7.6411,43.7533],[-7.6375,43.7398],[-7.6123,43.7043],[-7.6159,43.6891],[-7.6087,43.6908],[-7.5943,43.7043],[-7.5871,43.7178],[-7.5727,43.7144],[-7.5655,43.7195],[-7.5547,43.728],[-7.5403,43.7313],[-7.5007,43.728],[-7.4899,43.7246],[-7.4071,43.6908],[-7.3675,43.6807],[-7.3027,43.5979],[-7.2559,43.581],[-7.2595,43.5777],[-7.2631,43.5743],[-7.2667,43.5709],[-7.2703,43.5692],[-7.2703,43.5608],[-7.2595,43.5574],[-7.2487,43.5591],[-7.2415,43.5642],[-7.2307,43.5692],[-7.2163,43.5692],[-7.1947,43.5642],[-7.1587,43.5591],[-7.0975,43.5608],[-7.0795,43.5692],[-7.0615,43.5608],[-7.0435,43.5591],[-7.0327,43.5523],[-7.0327,43.5338],[-7.0363,43.5219],[-7.0471,43.5101],[-7.0543,43.4966],[-7.0435,43.4797],[-7.0399,43.4797],[-7.0327,43.4949],[-7.0291,43.5118],[-7.0255,43.5253],[-7.0111,43.5338],[-7.0003,43.5574],[-6.9427,43.5659],[-6.8455,43.5692],[-6.8311,43.5659],[-6.7699,43.5692],[-6.7303,43.5591],[-6.7051,43.5574],[-6.6475,43.5794],[-6.5971,43.576],[-6.5467,43.5625],[-6.5107,43.5473],[-6.4999,43.5523],[-6.4891,43.5557],[-6.4639,43.5557],[-6.4639,43.5591],[-6.4675,43.5709],[-6.4675,43.576],[-6.4567,43.5726],[-6.4315,43.5642],[-6.4171,43.5608],[-6.3667,43.5692],[-6.3163,43.5692],[-6.2983,43.5709],[-6.2731,43.5794],[-6.2515,43.5844],[-6.2443,43.5895],[-6.2371,43.5946],[-6.2227,43.5962],[-6.1903,43.5794],[-6.1795,43.576],[-6.1003,43.5692],[-6.0859,43.576],[-6.0679,43.5692],[-6.0535,43.5743],[-6.0391,43.5827],[-6.0247,43.5878],[-5.9059,43.5878],[-5.9023,43.5979],[-5.9095,43.6047],[-5.9131,43.6131],[-5.9023,43.6233],[-5.9023,43.6266],[-5.9059,43.6334],[-5.9059,43.6368],[-5.8735,43.6368],[-5.8627,43.6418],[-5.8591,43.6537],[-5.8519,43.6638],[-5.8375,43.6621],[-5.8051,43.6503],[-5.7835,43.6368],[-5.7259,43.5895],[-5.7079,43.5692],[-5.7007,43.5692],[-5.6971,43.5827],[-5.6899,43.5794],[-5.6791,43.5608],[-5.6251,43.5557],[-5.4235,43.5608],[-5.3947,43.5557],[-5.3911,43.5405],[-5.4019,43.5253],[-5.4199,43.5135],[-5.4127,43.5068],[-5.4055,43.5118],[-5.3839,43.5169],[-5.3731,43.5203],[-5.3659,43.527],[-5.3623,43.5338],[-5.3551,43.5388],[-5.3407,43.5405],[-5.3011,43.5371],[-5.2831,43.5338],[-5.2111,43.4983],[-5.1787,43.4899],[-5.0923,43.4865],[-5.0671,43.4814],[-5.0563,43.4679],[-5.0455,43.4747],[-4.9734,43.4595],[-4.9662,43.4612],[-4.9518,43.4696],[-4.941,43.4713],[-4.9302,43.4696],[-4.9086,43.4612],[-4.8366,43.4493],[-4.7538,43.4223],[-4.7358,43.4173],[-4.5126,43.4021],[-4.509,43.4021],[-4.4802,43.3835],[-4.4622,43.3987],[-4.4334,43.4021],[-4.4046,43.397],[-4.3866,43.3835],[-4.3794,43.3835],[-4.3686,43.397],[-4.3578,43.4004],[-4.311,43.3953],[-4.1886,43.4054],[-4.1598,43.4206],[-4.0986,43.4358],[-4.0734,43.4375],[-4.0302,43.4375],[-4.023,43.4409],[-4.023,43.446],[-4.0194,43.451],[-4.0122,43.4527],[-4.005,43.451],[-3.9798,43.4375],[-3.9762,43.4426],[-3.9726,43.4443],[-3.9654,43.4443],[-3.9618,43.4443],[-3.9654,43.4477],[-3.9762,43.4527],[-3.9762,43.4595],[-3.9402,43.4764],[-3.9222,43.4831],[-3.9078,43.4797],[-3.8934,43.4848],[-3.8898,43.4831],[-3.8862,43.4797],[-3.8574,43.4916],[-3.825,43.4966],[-3.7962,43.4932],[-3.7674,43.4797],[-3.8142,43.4645],[-3.8322,43.4561],[-3.843,43.4443],[-3.8322,43.4358],[-3.8286,43.4325],[-3.825,43.4308],[-3.8286,43.4308],[-3.8322,43.4291],[-3.8322,43.424],[-3.8214,43.424],[-3.8106,43.4257],[-3.7962,43.4308],[-3.789,43.4358],[-3.7746,43.4493],[-3.771,43.4527],[-3.7638,43.451],[-3.753,43.4409],[-3.7458,43.4375],[-3.7422,43.4426],[-3.7422,43.451],[-3.7494,43.4612],[-3.7566,43.4662],[-3.7566,43.4713],[-3.7422,43.4696],[-3.735,43.4696],[-3.7278,43.4662],[-3.7278,43.4713],[-3.7242,43.4713],[-3.7206,43.4713],[-3.7278,43.4797],[-3.717,43.4831],[-3.6882,43.4848],[-3.6774,43.4899],[-3.6666,43.4966],[-3.6558,43.5],[-3.5802,43.5186],[-3.555,43.5169],[-3.555,43.5],[-3.5406,43.4983],[-3.5262,43.4916],[-3.5154,43.4831],[-3.5046,43.4797],[-3.4362,43.4713],[-3.4326,43.4662],[-3.429,43.4612],[-3.4254,43.4561],[-3.429,43.4477],[-3.4326,43.446],[-3.4398,43.446],[-3.447,43.4443],[-3.4506,43.4477],[-3.4614,43.4527],[-3.4686,43.4544],[-3.4758,43.4493],[-3.4794,43.4426],[-3.4866,43.4375],[-3.501,43.4308],[-3.483,43.4274],[-3.4722,43.4173],[-3.4614,43.4122],[-3.447,43.4308],[-3.4362,43.4189],[-3.4218,43.4173],[-3.393,43.424],[-3.3786,43.4223],[-3.3318,43.4105],[-3.2706,43.4037],[-3.2238,43.3919],[-3.2094,43.3902],[-3.1986,43.3852],[-3.177,43.3666],[-3.1518,43.3598],[-3.1302,43.3565],[-3.1122,43.3548],[-3.0906,43.3666],[-3.0582,43.3531],[-3.0078,43.321],[-3.0078,43.3278],[-3.0186,43.3531],[-3.0222,43.3649],[-3.0294,43.3717],[-3.0294,43.3767],[-3.0258,43.3801],[-3.0114,43.3835],[-3.0006,43.3936],[-2.9574,43.4139],[-2.9394,43.4173],[-2.9394,43.424],[-2.9466,43.424],[-2.9466,43.4308],[-2.9286,43.4375],[-2.907,43.4392],[-2.853,43.4375],[-2.8062,43.4409],[-2.7846,43.4477],[-2.7702,43.4527],[-2.7558,43.451],[-2.7342,43.4392],[-2.7162,43.424],[-2.7054,43.4139],[-2.6946,43.3886],[-2.691,43.3683],[-2.6874,43.3717],[-2.6802,43.3902],[-2.6802,43.3953],[-2.6802,43.4004],[-2.6766,43.4054],[-2.673,43.4105],[-2.6622,43.4122],[-2.6478,43.4088],[-2.637,43.4054],[-2.6082,43.4021],[-2.5506,43.3835],[-2.5074,43.3767],[-2.4822,43.37],[-2.4642,43.3497],[-2.367,43.3159],[-2.3274,43.3075],[-2.2842,43.3041],[-2.241,43.3075],[-2.2086,43.3143],[-2.1978,43.3143],[-2.1906,43.3109],[-2.1834,43.3041],[-2.1762,43.2974],[-2.1618,43.294],[-2.1582,43.2957],[-2.1546,43.2974],[-2.151,43.3007],[-2.1438,43.3007],[-2.1402,43.2991],[-2.1366,43.294],[-2.1366,43.2889],[-2.1294,43.2872],[-2.1006,43.3041],[-2.0862,43.3075],[-2.0646,43.3092],[-1.9962,43.3278],[-1.971,43.3396],[-1.9602,43.343],[-1.9458,43.343],[-1.935,43.3362],[-1.9278,43.3261],[-1.917,43.321],[-1.9062,43.3278],[-1.9098,43.3311],[-1.9206,43.3379],[-1.9242,43.343],[-1.8846,43.3565],[-1.8486,43.3801],[-1.8126,43.3953],[-1.791,43.3852],[-1.791,43.3835],[-1.7766,43.3767],[-1.7694,43.3835],[-1.7514,43.3886],[-1.6614,43.4004],[-1.6362,43.424],[-1.6146,43.4325],[-1.5966,43.4426],[-1.5894,43.451],[-1.5678,43.4814],[-1.5606,43.4932],[-1.5534,43.5017],[-1.5138,43.5388],[-1.5066,43.5507],[-1.4778,43.5794],[-1.4706,43.6114],[-1.4454,43.6689],[-1.4058,43.8326],[-1.3806,43.8901],[-1.3482,44.0133],[-1.3446,44.0184],[-1.2798,44.3021],[-1.2546,44.4422],[-1.2474,44.5047],[-1.251,44.5199],[-1.2582,44.5469],[-1.2582,44.5554],[-1.2294,44.5841],[-1.2258,44.5891],[-1.2258,44.6026],[-1.2078,44.6482],[-1.1862,44.6651],[-1.161,44.6668],[-1.0998,44.655],[-1.0638,44.6584],[-1.0458,44.6702],[-1.0458,44.6854],[-1.0674,44.704],[-1.0566,44.704],[-1.0638,44.7175],[-1.1394,44.7681],[-1.1502,44.7715],[-1.1574,44.7732],[-1.161,44.7766],[-1.1646,44.7782],[-1.1718,44.7782],[-1.1754,44.7749],[-1.179,44.7715],[-1.179,44.7664],[-1.1826,44.7647],[-1.1898,44.7563],[-1.233,44.7073],[-1.2438,44.6634],[-1.2546,44.6381],[-1.2618,44.628],[-1.2006,45.121],[-1.1574,45.2798],[-1.1394,45.4908],[-1.1322,45.5043],[-1.0998,45.5533],[-1.0854,45.5685],[-1.0674,45.5736],[-1.0602,45.5702],[-1.0566,45.5651],[-1.0566,45.5584],[-1.0566,45.5466],[-1.0602,45.5432],[-1.0638,45.5381],[-1.0638,45.533],[-1.0602,45.5263],[-1.0494,45.5145],[-1.0386,45.5077],[-0.9738,45.4706],[-0.9306,45.4537],[-0.9162,45.4503],[-0.7938,45.3557],[-0.765,45.3253],[-0.7542,45.2966],[-0.7506,45.2764],[-0.7398,45.2392],[-0.7218,45.1464],[-0.7146,45.1345],[-0.6822,45.0771],[-0.6498,45.045],[-0.6102,45.018],[-0.5778,45.0045],[-0.5706,44.9978],[-0.5598,44.9859],[-0.5598,44.9758],[-0.5634,44.9606],[-0.5598,44.9387],[-0.5562,44.9184],[-0.549,44.9015],[-0.5346,44.8948],[-0.5382,44.9083],[-0.5418,44.937],[-0.549,44.9488],[-0.5382,44.9758],[-0.549,44.9978],[-0.5742,45.0146],[-0.5958,45.0248],[-0.567,45.0231],[-0.5382,45.0197],[-0.5166,45.0113],[-0.495,44.9978],[-0.5202,45.0298],[-0.5598,45.0434],[-0.603,45.0535],[-0.639,45.0738],[-0.657,45.0991],[-0.6678,45.1312],[-0.7074,45.322],[-0.7182,45.3608],[-0.7542,45.4233],[-0.7722,45.452],[-0.7938,45.4773],[-0.8406,45.5145],[-0.9846,45.5871],[-0.9882,45.5905],[-0.9918,45.6107],[-0.999,45.6141],[-1.0314,45.6225],[-1.0854,45.6597],[-1.1142,45.6681],[-1.1322,45.6715],[-1.1502,45.6783],[-1.1646,45.6884],[-1.1754,45.7002],[-1.1934,45.7103],[-1.2294,45.7053],[-1.2474,45.7103],[-1.2294,45.7796],[-1.2294,45.7931],[-1.1646,45.8066],[-1.143,45.8066],[-1.0818,45.7542],[-1.0674,45.7475],[-1.0566,45.7407],[-0.9882,45.7171],[-1.0098,45.7357],[-1.0998,45.7863],[-1.125,45.8083],[-1.1322,45.8167],[-1.1322,45.8285],[-1.1358,45.8437],[-1.143,45.8572],[-1.1502,45.8674],[-1.1394,45.8724],[-1.1322,45.8775],[-1.1286,45.8843],[-1.125,45.8893],[-1.1142,45.8961],[-1.0962,45.9028],[-1.089,45.9028],[-1.0782,45.9028],[-1.0746,45.9045],[-1.0674,45.9164],[-1.071,45.9265],[-1.0746,45.9366],[-1.0818,45.9451],[-1.089,45.9501],[-1.0854,45.9535],[-1.0746,45.9619],[-1.0674,45.9636],[-1.0854,45.9721],[-1.0962,45.9856],[-1.1106,46.0177],[-1.089,46.0075],[-1.0746,46.0075],[-1.0602,46.016],[-1.0494,46.0329],[-1.0494,46.0396],[-1.053,46.043],[-1.0602,46.0481],[-1.0638,46.0514],[-1.0854,46.0565],[-1.089,46.0649],[-1.089,46.0751],[-1.0962,46.0886],[-1.0962,46.097],[-1.0962,46.1021],[-1.0998,46.1038],[-1.1142,46.1055],[-1.1178,46.1072],[-1.1214,46.1122],[-1.1286,46.1156],[-1.1286,46.1207],[-1.1178,46.1274],[-1.1394,46.1409],[-1.1466,46.1426],[-1.1538,46.1443],[-1.1502,46.1477],[-1.1502,46.1528],[-1.1502,46.1561],[-1.1574,46.1561],[-1.1718,46.1561],[-1.1826,46.1578],[-1.1934,46.1578],[-1.2006,46.1595],[-1.2114,46.1663],[-1.2114,46.1747],[-1.2042,46.1848],[-1.1934,46.1933],[-1.1862,46.1967],[-1.1898,46.2169],[-1.179,46.2287],[-1.1106,46.2591],[-1.1034,46.2726],[-1.1034,46.2794],[-1.107,46.2878],[-1.1106,46.303],[-1.1322,46.3233],[-1.179,46.3267],[-1.215,46.3115],[-1.2114,46.2794],[-1.2402,46.2845],[-1.2582,46.2997],[-1.2762,46.3199],[-1.2942,46.3233],[-1.305,46.3233],[-1.3338,46.3368],[-1.3554,46.3503],[-1.3698,46.3537],[-1.4238,46.3419],[-1.449,46.3436],[-1.4598,46.3655],[-1.467,46.3892],[-1.4814,46.4077],[-1.503,46.4195],[-1.5318,46.4229],[-1.6002,46.4246],[-1.6254,46.4314],[-1.6182,46.4432],[-1.6326,46.455],[-1.6866,46.4601],[-1.719,46.482],[-1.7478,46.4871],[-1.7622,46.4922],[-1.7694,46.5006],[-1.7802,46.5225],[-1.7874,46.5327],[-1.7874,46.5209],[-1.7838,46.504],[-1.7802,46.4955],[-1.7874,46.4905],[-1.7946,46.4938],[-1.8054,46.504],[-1.827,46.5766],[-1.8234,46.5952],[-1.8378,46.5985],[-1.845,46.6104],[-1.8522,46.6239],[-1.8558,46.6357],[-1.8738,46.6475],[-1.8882,46.6559],[-1.899,46.6661],[-1.9098,46.6914],[-1.9242,46.6999],[-1.9386,46.7032],[-1.9566,46.7049],[-1.9638,46.71],[-1.9962,46.7522],[-2.0502,46.7927],[-2.0826,46.8079],[-2.1078,46.813],[-2.1186,46.8197],[-2.1258,46.8349],[-2.1294,46.8552],[-2.133,46.8721],[-2.1294,46.894],[-2.1222,46.9042],[-2.097,46.916],[-2.1006,46.9312],[-2.0862,46.9413],[-2.0502,46.9582],[-2.0358,46.9734],[-2.0214,47.0089],[-2.007,47.0257],[-1.989,47.0359],[-1.9926,47.0528],[-2.0034,47.0696],[-2.0142,47.0815],[-2.0286,47.0916],[-2.0898,47.1152],[-2.205,47.1287],[-2.241,47.1423],[-2.2266,47.149],[-2.2158,47.1558],[-2.205,47.1608],[-2.1726,47.1642],[-2.1654,47.1676],[-2.1618,47.176],[-2.1582,47.1912],[-2.1582,47.2047],[-2.169,47.2199],[-2.1726,47.2351],[-2.1726,47.2469],[-2.1654,47.2588],[-2.1618,47.2706],[-2.151,47.279],[-2.1294,47.2875],[-2.0358,47.2925],[-2.0286,47.2976],[-2.0214,47.2993],[-2.0142,47.2993],[-2.007,47.2925],[-1.9998,47.2892],[-1.9494,47.279],[-1.9314,47.279],[-1.9386,47.2858],[-1.9278,47.2858],[-1.917,47.2841],[-1.9062,47.2807],[-1.899,47.274],[-1.9206,47.274],[-1.9206,47.2655],[-1.8774,47.2453],[-1.8378,47.2402],[-1.827,47.2351],[-1.8054,47.2182],[-1.7802,47.2115],[-1.7262,47.2115],[-1.7478,47.2199],[-1.7874,47.225],[-1.8054,47.2351],[-1.8342,47.2605],[-1.8702,47.279],[-1.9062,47.2942],[-1.9242,47.2993],[-1.9494,47.2993],[-1.9566,47.3027],[-1.971,47.3128],[-2.0106,47.3196],[-2.1474,47.3128],[-2.1798,47.2993],[-2.187,47.2925],[-2.1906,47.2858],[-2.1942,47.2807],[-2.205,47.274],[-2.2374,47.2672],[-2.259,47.252],[-2.277,47.2469],[-2.2986,47.2469],[-2.3166,47.252],[-2.331,47.2605],[-2.3562,47.2807],[-2.3706,47.2858],[-2.3886,47.2875],[-2.3958,47.2875],[-2.4066,47.2858],[-2.4138,47.2824],[-2.4174,47.2757],[-2.4174,47.2689],[-2.4174,47.2655],[-2.4498,47.2672],[-2.5434,47.2993],[-2.5434,47.3077],[-2.5182,47.3044],[-2.475,47.2909],[-2.4534,47.2925],[-2.4354,47.3077],[-2.4462,47.3196],[-2.4642,47.3331],[-2.4822,47.3483],[-2.4894,47.3449],[-2.493,47.3432],[-2.493,47.3415],[-2.4894,47.3348],[-2.4894,47.3297],[-2.493,47.3212],[-2.5002,47.3212],[-2.5038,47.35],[-2.5146,47.3651],[-2.5578,47.3837],[-2.475,47.4158],[-2.4678,47.4158],[-2.457,47.4124],[-2.439,47.4107],[-2.4426,47.404],[-2.4462,47.4023],[-2.439,47.3955],[-2.4282,47.404],[-2.3958,47.4175],[-2.3922,47.4242],[-2.4066,47.4259],[-2.4318,47.4259],[-2.4498,47.431],[-2.439,47.4445],[-2.457,47.453],[-2.475,47.453],[-2.4894,47.4597],[-2.4822,47.4783],[-2.493,47.4918],[-2.4822,47.4985],[-2.421,47.5002],[-2.385,47.507],[-2.3634,47.507],[-2.3814,47.5087],[-2.4066,47.5053],[-2.4246,47.507],[-2.5002,47.5273],[-2.5182,47.5289],[-2.529,47.5273],[-2.5614,47.5205],[-2.601,47.5205],[-2.6082,47.5171],[-2.6154,47.5137],[-2.6226,47.5137],[-2.6334,47.5205],[-2.6154,47.5222],[-2.601,47.5289],[-2.583,47.5408],[-2.5758,47.5543],[-2.5938,47.5441],[-2.6082,47.5425],[-2.6226,47.5425],[-2.637,47.5408],[-2.6298,47.5391],[-2.6226,47.5374],[-2.619,47.534],[-2.619,47.5273],[-2.6442,47.5273],[-2.655,47.5289],[-2.6658,47.534],[-2.6658,47.5104],[-2.6802,47.5036],[-2.7126,47.5121],[-2.7306,47.5121],[-2.781,47.5002],[-2.8026,47.4985],[-2.817,47.4985],[-2.8314,47.5036],[-2.8422,47.5121],[-2.8458,47.5154],[-2.8602,47.5357],[-2.8638,47.5374],[-2.8674,47.5425],[-2.8782,47.5458],[-2.889,47.5458],[-2.8926,47.5475],[-2.8926,47.5492],[-2.8926,47.5543],[-2.9106,47.5576],[-2.8926,47.5661],[-2.8638,47.5661],[-2.8494,47.5458],[-2.8422,47.5458],[-2.8386,47.5526],[-2.8314,47.5543],[-2.8242,47.5526],[-2.817,47.5458],[-2.817,47.5526],[-2.8098,47.5678],[-2.7954,47.556],[-2.7702,47.5492],[-2.7414,47.5509],[-2.7198,47.561],[-2.727,47.5678],[-2.6874,47.6049],[-2.6838,47.6235],[-2.7054,47.6421],[-2.7054,47.637],[-2.6982,47.6303],[-2.6946,47.6235],[-2.7018,47.6184],[-2.7126,47.6167],[-2.6982,47.61],[-2.7054,47.6049],[-2.709,47.6016],[-2.7198,47.6016],[-2.727,47.6066],[-2.7738,47.6286],[-2.7558,47.6269],[-2.7342,47.6218],[-2.745,47.6336],[-2.7594,47.6387],[-2.7882,47.6421],[-2.7738,47.637],[-2.7954,47.6303],[-2.8494,47.6269],[-2.8566,47.6184],[-2.8674,47.6066],[-2.8854,47.6016],[-2.9178,47.5948],[-2.9178,47.6016],[-2.9142,47.6016],[-2.9142,47.61],[-2.925,47.6083],[-2.9286,47.6066],[-2.9322,47.6016],[-2.9394,47.6016],[-2.943,47.6134],[-2.943,47.6235],[-2.943,47.6319],[-2.9322,47.637],[-2.9466,47.637],[-2.9574,47.6421],[-2.9646,47.6522],[-2.9682,47.664],[-2.9754,47.664],[-2.9718,47.6556],[-2.9682,47.6438],[-2.9682,47.637],[-2.9682,47.6134],[-2.9646,47.6032],[-2.9538,47.5914],[-2.943,47.5813],[-2.9322,47.5745],[-2.9358,47.5678],[-2.9358,47.5644],[-2.9394,47.561],[-2.943,47.5644],[-2.9538,47.5745],[-2.961,47.5712],[-2.9718,47.5762],[-2.9826,47.588],[-2.9934,47.5948],[-2.9898,47.583],[-2.9934,47.5762],[-3.0042,47.5779],[-3.0078,47.5914],[-3.0114,47.6066],[-3.0186,47.6049],[-3.0222,47.5948],[-3.015,47.5813],[-3.0294,47.5813],[-3.0366,47.583],[-3.0438,47.588],[-3.0726,47.5762],[-3.0906,47.5762],[-3.105,47.5813],[-3.0978,47.5847],[-3.0906,47.588],[-3.1014,47.5948],[-3.1122,47.5999],[-3.123,47.5982],[-3.1302,47.588],[-3.1266,47.5864],[-3.123,47.583],[-3.1194,47.5813],[-3.1302,47.5475],[-3.123,47.5188],[-3.105,47.4952],[-3.0834,47.4783],[-3.0978,47.4783],[-3.1194,47.4833],[-3.1266,47.4783],[-3.1302,47.4783],[-3.1446,47.507],[-3.1446,47.5154],[-3.1446,47.5273],[-3.1338,47.5441],[-3.1302,47.5576],[-3.1338,47.5813],[-3.141,47.5982],[-3.1518,47.6117],[-3.1662,47.6218],[-3.177,47.6269],[-3.1878,47.6303],[-3.195,47.6336],[-3.2022,47.6404],[-3.1986,47.6522],[-3.1878,47.6809],[-3.1122,47.7046],[-3.1158,47.7096],[-3.1158,47.7147],[-3.1194,47.7214],[-3.1194,47.7316],[-3.123,47.7299],[-3.1338,47.7265],[-3.1374,47.7248],[-3.141,47.7451],[-3.1374,47.7518],[-3.1446,47.7518],[-3.1518,47.7417],[-3.1626,47.7434],[-3.177,47.7485],[-3.1914,47.7468],[-3.1806,47.7434],[-3.1698,47.7349],[-3.1626,47.7248],[-3.159,47.7113],[-3.1626,47.7096],[-3.1662,47.7096],[-3.1662,47.7079],[-3.1662,47.7046],[-3.177,47.7096],[-3.1842,47.7062],[-3.1914,47.6995],[-3.2058,47.6978],[-3.2022,47.6944],[-3.1914,47.6843],[-3.2058,47.6792],[-3.213,47.6691],[-3.2166,47.6607],[-3.2238,47.6556],[-3.231,47.6607],[-3.2634,47.6843],[-3.2886,47.6894],[-3.3318,47.6961],[-3.357,47.6978],[-3.339,47.7029],[-3.321,47.7012],[-3.2814,47.691],[-3.2814,47.6978],[-3.2994,47.7046],[-3.3174,47.7079],[-3.357,47.7113],[-3.357,47.7181],[-3.3498,47.7198],[-3.3462,47.7214],[-3.3426,47.7265],[-3.3426,47.7349],[-3.339,47.74],[-3.3246,47.7383],[-3.3174,47.7383],[-3.303,47.762],[-3.2958,47.7738],[-3.2814,47.7805],[-3.2814,47.7873],[-3.303,47.7704],[-3.3318,47.7518],[-3.3606,47.74],[-3.3822,47.7366],[-3.375,47.7333],[-3.3678,47.7299],[-3.3642,47.7248],[-3.3642,47.7181],[-3.447,47.7046],[-3.4614,47.7079],[-3.465,47.713],[-3.4938,47.7383],[-3.5082,47.7586],[-3.519,47.7687],[-3.5262,47.7721],[-3.5298,47.7805],[-3.5406,47.7738],[-3.555,47.7738],[-3.591,47.7805],[-3.6162,47.7789],[-3.6234,47.7805],[-3.6342,47.7822],[-3.645,47.7924],[-3.6486,47.794],[-3.6882,47.7924],[-3.7062,47.7974],[-3.7134,47.8109],[-3.7242,47.8126],[-3.7746,47.794],[-3.789,47.8025],[-3.8106,47.8025],[-3.8322,47.7991],[-3.8502,47.8008],[-3.8538,47.8042],[-3.8718,47.8278],[-3.879,47.8329],[-3.8862,47.838],[-3.8898,47.843],[-3.8862,47.8548],[-3.8934,47.8548],[-3.9006,47.8565],[-3.9114,47.8633],[-3.915,47.8734],[-3.9366,47.8886],[-3.9618,47.9004],[-3.987,47.9038],[-3.9798,47.8835],[-3.987,47.8683],[-4.0086,47.8515],[-4.0302,47.8548],[-4.0194,47.8548],[-4.0122,47.8565],[-4.005,47.8599],[-4.0014,47.87],[-4.0158,47.8667],[-4.023,47.8667],[-4.0302,47.8633],[-4.0374,47.8548],[-4.0662,47.87],[-4.077,47.8751],[-4.095,47.8751],[-4.1058,47.8802],[-4.1202,47.892],[-4.1274,47.9072],[-4.131,47.9241],[-4.1418,47.9122],[-4.1382,47.8971],[-4.1238,47.8835],[-4.1094,47.8751],[-4.1094,47.87],[-4.1238,47.8683],[-4.1346,47.8667],[-4.1418,47.8616],[-4.1526,47.8548],[-4.1706,47.8768],[-4.185,47.8751],[-4.1886,47.8616],[-4.1742,47.8548],[-4.1778,47.8515],[-4.1814,47.8481],[-4.1814,47.8413],[-4.1526,47.8413],[-4.1526,47.8346],[-4.185,47.8126],[-4.1994,47.8076],[-4.2246,47.8025],[-4.3722,47.8076],[-4.3722,47.8143],[-4.3722,47.8295],[-4.3722,47.8346],[-4.365,47.8363],[-4.3578,47.8363],[-4.347,47.838],[-4.3434,47.8447],[-4.347,47.8633],[-4.3614,47.8886],[-4.3722,47.9156],[-4.3866,47.9342],[-4.4334,47.9764],[-4.5234,48.022],[-4.5342,48.0271],[-4.545,48.0203],[-4.5594,48.0102],[-4.5702,48.0051],[-4.6026,48.0254],[-4.6206,48.0271],[-4.653,48.0271],[-4.7286,48.0406],[-4.7214,48.044],[-4.7178,48.0507],[-4.7106,48.0558],[-4.707,48.0642],[-4.707,48.0676],[-4.7034,48.071],[-4.6998,48.0744],[-4.6962,48.0744],[-4.689,48.0693],[-4.6854,48.0676],[-4.3614,48.1149],[-4.3038,48.1047],[-4.2894,48.1081],[-4.2858,48.1149],[-4.275,48.1436],[-4.2786,48.1554],[-4.293,48.1672],[-4.2966,48.174],[-4.3038,48.1959],[-4.3146,48.2061],[-4.3578,48.2111],[-4.365,48.2145],[-4.3722,48.2196],[-4.3758,48.2263],[-4.3794,48.2331],[-4.4046,48.2263],[-4.4586,48.2483],[-4.4838,48.2432],[-4.4982,48.2246],[-4.5126,48.2027],[-4.5306,48.1824],[-4.5558,48.1774],[-4.5486,48.1976],[-4.545,48.2044],[-4.5558,48.2162],[-4.5594,48.2246],[-4.563,48.2331],[-4.5594,48.2449],[-4.5522,48.2483],[-4.5486,48.2533],[-4.5558,48.2635],[-4.5666,48.2652],[-4.6278,48.2668],[-4.6242,48.277],[-4.6278,48.2871],[-4.617,48.2905],[-4.6062,48.2905],[-4.599,48.2888],[-4.5882,48.2871],[-4.5738,48.2905],[-4.5738,48.2972],[-4.5738,48.304],[-4.5774,48.3074],[-4.5594,48.3395],[-4.545,48.3462],[-4.5306,48.3411],[-4.5414,48.304],[-4.5162,48.2956],[-4.4262,48.3006],[-4.4154,48.2972],[-4.4082,48.2922],[-4.401,48.2888],[-4.3902,48.2871],[-4.3758,48.2871],[-4.329,48.2972],[-4.2642,48.3006],[-4.2678,48.2956],[-4.275,48.2939],[-4.2894,48.2939],[-4.2678,48.2888],[-4.1886,48.3006],[-4.1886,48.3074],[-4.2174,48.3057],[-4.2318,48.3091],[-4.2354,48.3209],[-4.2426,48.3141],[-4.257,48.3108],[-4.2714,48.3141],[-4.275,48.3243],[-4.2822,48.3243],[-4.3254,48.3209],[-4.3146,48.331],[-4.311,48.3327],[-4.3038,48.3361],[-4.3038,48.3395],[-4.3002,48.3445],[-4.2894,48.3479],[-4.2678,48.3631],[-4.2858,48.3631],[-4.3074,48.3513],[-4.3254,48.3479],[-4.3254,48.3547],[-4.3182,48.3547],[-4.3182,48.3631],[-4.3254,48.3631],[-4.329,48.358],[-4.3326,48.353],[-4.3362,48.3479],[-4.3542,48.353],[-4.383,48.3378],[-4.4082,48.3361],[-4.4046,48.3395],[-4.401,48.3395],[-4.3974,48.3411],[-4.4082,48.3479],[-4.4154,48.3428],[-4.4262,48.3395],[-4.4406,48.3361],[-4.455,48.3361],[-4.455,48.3411],[-4.3974,48.3884],[-4.3866,48.3935],[-4.2894,48.4323],[-4.3074,48.4273],[-4.3398,48.4154],[-4.3578,48.4104],[-4.4262,48.4036],[-4.4586,48.3952],[-4.5198,48.3682],[-4.5702,48.3597],[-4.599,48.3496],[-4.6206,48.3479],[-4.635,48.3513],[-4.671,48.3614],[-4.689,48.3631],[-4.6926,48.3597],[-4.6926,48.353],[-4.6962,48.3445],[-4.7034,48.3411],[-4.7538,48.3411],[-4.7682,48.3462],[-4.7754,48.3563],[-4.7826,48.3766],[-4.7646,48.3783],[-4.7646,48.3901],[-4.7826,48.4171],[-4.7862,48.4357],[-4.779,48.4543],[-4.7682,48.4695],[-4.7502,48.4729],[-4.7502,48.4796],[-4.7754,48.4914],[-4.7646,48.5201],[-4.7394,48.5505],[-4.7214,48.5674],[-4.7106,48.564],[-4.6998,48.5607],[-4.707,48.5674],[-4.6926,48.5759],[-4.6746,48.5792],[-4.6422,48.5826],[-4.6242,48.5775],[-4.5882,48.5657],[-4.5774,48.5674],[-4.599,48.5894],[-4.6062,48.6029],[-4.5954,48.6096],[-4.5486,48.6012],[-4.5306,48.6012],[-4.5558,48.6096],[-4.5558,48.613],[-4.5522,48.6164],[-4.5558,48.6198],[-4.563,48.6231],[-4.563,48.6299],[-4.4838,48.6299],[-4.4622,48.6316],[-4.4298,48.6434],[-4.4082,48.6434],[-4.419,48.6485],[-4.4262,48.6502],[-4.4262,48.6569],[-4.3974,48.6603],[-4.3686,48.6721],[-4.3434,48.6789],[-4.3182,48.6789],[-4.3002,48.6637],[-4.3074,48.6417],[-4.2822,48.6434],[-4.2534,48.6552],[-4.2426,48.6569],[-4.2282,48.6552],[-4.2066,48.6502],[-4.1922,48.6502],[-4.1922,48.6569],[-4.2138,48.662],[-4.2066,48.6721],[-4.1922,48.6822],[-4.1742,48.6907],[-4.1562,48.6957],[-4.131,48.6991],[-4.1094,48.6974],[-4.0914,48.6907],[-4.0842,48.6974],[-4.0806,48.6974],[-4.0734,48.6924],[-4.0698,48.6856],[-4.0626,48.6856],[-4.059,48.689],[-4.0518,48.6957],[-4.0518,48.7025],[-4.0554,48.7126],[-4.041,48.7143],[-4.0302,48.7177],[-4.0086,48.7261],[-3.9726,48.7329],[-3.969,48.7295],[-3.969,48.7194],[-3.9726,48.7126],[-3.9726,48.7076],[-3.9618,48.7042],[-3.9618,48.6991],[-3.969,48.6991],[-3.969,48.6907],[-3.9582,48.6873],[-3.951,48.6789],[-3.951,48.6687],[-3.9546,48.6569],[-3.9258,48.6755],[-3.9114,48.6806],[-3.8934,48.6789],[-3.9006,48.6721],[-3.9078,48.6704],[-3.9078,48.6637],[-3.8934,48.6535],[-3.8646,48.6417],[-3.8502,48.6299],[-3.843,48.6366],[-3.8502,48.6434],[-3.843,48.6502],[-3.8502,48.6569],[-3.8538,48.6654],[-3.8574,48.6856],[-3.8502,48.6856],[-3.8502,48.6789],[-3.8466,48.6755],[-3.8358,48.6704],[-3.8394,48.6873],[-3.8358,48.7076],[-3.8286,48.7177],[-3.8178,48.7126],[-3.8142,48.716],[-3.8106,48.7211],[-3.8106,48.7261],[-3.8106,48.7329],[-3.7962,48.7211],[-3.7782,48.7177],[-3.7314,48.7194],[-3.7206,48.716],[-3.699,48.7025],[-3.6882,48.6991],[-3.6738,48.6974],[-3.6378,48.7042],[-3.6378,48.6873],[-3.6126,48.6822],[-3.5838,48.6822],[-3.5694,48.6873],[-3.5802,48.7109],[-3.5838,48.7261],[-3.5802,48.7329],[-3.5298,48.7397],[-3.5442,48.7464],[-3.5766,48.7734],[-3.5802,48.7903],[-3.573,48.7988],[-3.5442,48.8072],[-3.5226,48.8342],[-3.5154,48.8427],[-3.5082,48.8427],[-3.501,48.8376],[-3.4686,48.8359],[-3.4326,48.8224],[-3.4182,48.8207],[-3.4254,48.819],[-3.429,48.8156],[-3.429,48.8123],[-3.4326,48.8072],[-3.411,48.8072],[-3.3966,48.8072],[-3.3894,48.8106],[-3.3786,48.819],[-3.3714,48.8224],[-3.2886,48.8427],[-3.2742,48.8494],[-3.2706,48.8494],[-3.2598,48.8477],[-3.231,48.873],[-3.213,48.8697],[-3.2058,48.8562],[-3.2094,48.8359],[-3.2166,48.8173],[-3.2274,48.8072],[-3.2274,48.8038],[-3.2238,48.8004],[-3.2202,48.7937],[-3.2166,48.8072],[-3.2094,48.8156],[-3.177,48.841],[-3.1554,48.8545],[-3.1446,48.8629],[-3.1338,48.8595],[-3.1158,48.8747],[-3.105,48.8764],[-3.0906,48.8714],[-3.0834,48.8629],[-3.0834,48.8511],[-3.0906,48.8427],[-3.0906,48.8359],[-3.0762,48.8275],[-3.0834,48.8207],[-3.0978,48.7937],[-3.105,48.7869],[-3.1266,48.7667],[-3.1266,48.7599],[-3.1194,48.7599],[-3.0834,48.8055],[-3.0654,48.8241],[-3.0474,48.8207],[-3.0402,48.8275],[-3.0294,48.8291],[-3.0186,48.8275],[-3.0078,48.8207],[-3.015,48.8139],[-3.0114,48.8139],[-3.0078,48.8139],[-3.0078,48.8123],[-3.0078,48.8072],[-3.0186,48.8055],[-3.0258,48.8021],[-3.0438,48.7937],[-3.0438,48.7886],[-3.0294,48.7802],[-3.0042,48.7734],[-2.9538,48.7717],[-2.9322,48.7667],[-2.9358,48.7599],[-2.9358,48.7532],[-2.9322,48.7464],[-2.943,48.7413],[-2.9466,48.7397],[-2.9466,48.7329],[-2.9322,48.7261],[-2.9142,48.716],[-2.8998,48.7042],[-2.8926,48.6941],[-2.8278,48.6569],[-2.817,48.6282],[-2.8134,48.6198],[-2.8098,48.6147],[-2.8134,48.6096],[-2.817,48.6046],[-2.8134,48.5978],[-2.8062,48.5961],[-2.7954,48.5911],[-2.7702,48.5792],[-2.7126,48.5607],[-2.7162,48.5522],[-2.7198,48.5455],[-2.727,48.5387],[-2.7342,48.5336],[-2.7234,48.5336],[-2.7126,48.5303],[-2.7054,48.5235],[-2.6946,48.5168],[-2.6838,48.5083],[-2.6802,48.5184],[-2.6802,48.532],[-2.6766,48.5404],[-2.637,48.5387],[-2.619,48.5438],[-2.601,48.5573],[-2.5758,48.5826],[-2.5686,48.5894],[-2.5578,48.5944],[-2.5398,48.5978],[-2.475,48.6265],[-2.4606,48.6366],[-2.4606,48.6434],[-2.4678,48.6434],[-2.4858,48.6502],[-2.4426,48.6586],[-2.421,48.6569],[-2.4138,48.6434],[-2.385,48.6502],[-2.3562,48.6637],[-2.331,48.6806],[-2.3166,48.6991],[-2.313,48.6873],[-2.3058,48.6789],[-2.295,48.6772],[-2.2806,48.6789],[-2.2806,48.6704],[-2.2878,48.667],[-2.295,48.662],[-2.2986,48.6552],[-2.3022,48.6502],[-2.331,48.6299],[-2.313,48.6198],[-2.295,48.6282],[-2.2734,48.6434],[-2.2518,48.6502],[-2.2446,48.6451],[-2.241,48.6215],[-2.2374,48.6164],[-2.2266,48.613],[-2.2194,48.6029],[-2.2158,48.5927],[-2.2122,48.5826],[-2.2014,48.586],[-2.1942,48.5927],[-2.1906,48.6046],[-2.1942,48.6164],[-2.187,48.6012],[-2.1834,48.5894],[-2.1726,48.5826],[-2.1582,48.5894],[-2.1582,48.5961],[-2.1618,48.5961],[-2.1726,48.6012],[-2.1618,48.613],[-2.151,48.6181],[-2.1366,48.6181],[-2.1258,48.6096],[-2.133,48.6147],[-2.1366,48.6215],[-2.1438,48.6366],[-2.1006,48.6468],[-2.0538,48.6502],[-2.0502,48.6451],[-2.0286,48.6198],[-2.0286,48.6096],[-2.0214,48.5995],[-2.0142,48.5911],[-1.9998,48.5894],[-2.0034,48.5792],[-2.007,48.5759],[-1.9818,48.5488],[-1.9746,48.5353],[-1.9818,48.5134],[-1.971,48.5201],[-1.9386,48.5336],[-1.9674,48.5472],[-1.9602,48.5556],[-1.9782,48.5725],[-1.9818,48.5894],[-1.9746,48.5894],[-1.971,48.5843],[-1.9638,48.5809],[-1.953,48.5759],[-1.9602,48.586],[-1.971,48.5927],[-1.9782,48.5944],[-1.9926,48.5961],[-1.9998,48.6012],[-2.0178,48.6316],[-2.0286,48.6434],[-2.025,48.6518],[-2.0178,48.6603],[-2.007,48.667],[-1.9926,48.6704],[-1.989,48.6738],[-1.989,48.6806],[-1.9854,48.6873],[-1.9782,48.6907],[-1.9386,48.6907],[-1.9458,48.6991],[-1.845,48.7126],[-1.845,48.7076],[-1.8486,48.7042],[-1.845,48.6974],[-1.8378,48.6907],[-1.8594,48.6637],[-1.8594,48.64],[-1.8378,48.6231],[-1.7946,48.6164],[-1.7226,48.6147],[-1.6434,48.6231],[-1.5966,48.6417],[-1.5894,48.6417],[-1.5786,48.6434],[-1.4994,48.6366],[-1.3914,48.6518],[-1.3554,48.6434],[-1.3734,48.6603],[-1.395,48.6687],[-1.4346,48.6704],[-1.4346,48.6687],[-1.4382,48.6637],[-1.4418,48.6637],[-1.4454,48.667],[-1.4454,48.6738],[-1.449,48.6789],[-1.4562,48.6839],[-1.4886,48.6907],[-1.503,48.6957],[-1.5066,48.7008],[-1.5174,48.7245],[-1.5534,48.7464],[-1.5606,48.77],[-1.5642,48.7988],[-1.5678,48.8224],[-1.5786,48.8376],[-1.6038,48.8427],[-1.6038,48.8494],[-1.5894,48.8528],[-1.5786,48.8629],[-1.5714,48.8747],[-1.5642,48.922],[-1.557,48.9321],[-1.5498,48.9237],[-1.5426,48.9355],[-1.5426,48.944],[-1.5462,48.949],[-1.5606,48.9524],[-1.5642,48.9575],[-1.5534,49.0149],[-1.5462,49.0301],[-1.5318,49.0352],[-1.5066,49.0267],[-1.5066,49.0335],[-1.5282,49.0402],[-1.5498,49.0402],[-1.5678,49.0335],[-1.575,49.0166],[-1.5786,49.0132],[-1.5858,49.0183],[-1.593,49.0284],[-1.5966,49.0368],[-1.5966,49.0605],[-1.593,49.0723],[-1.5894,49.0824],[-1.6038,49.0841],[-1.6074,49.0909],[-1.6074,49.1027],[-1.6038,49.1162],[-1.5966,49.128],[-1.5894,49.1348],[-1.5678,49.1432],[-1.5822,49.15],[-1.5858,49.1483],[-1.5894,49.1432],[-1.5966,49.1601],[-1.6038,49.1787],[-1.6074,49.1973],[-1.611,49.2158],[-1.6038,49.226],[-1.5858,49.226],[-1.5498,49.2192],[-1.5498,49.226],[-1.5678,49.2293],[-1.5966,49.2378],[-1.6182,49.2378],[-1.6254,49.2192],[-1.6398,49.231],[-1.6578,49.2682],[-1.6722,49.28],[-1.665,49.2851],[-1.6614,49.2868],[-1.6578,49.2868],[-1.6866,49.3019],[-1.6974,49.3138],[-1.7082,49.329],[-1.6866,49.329],[-1.6866,49.3357],[-1.6974,49.356],[-1.7082,49.356],[-1.7154,49.3391],[-1.7334,49.3459],[-1.755,49.3627],[-1.7766,49.3695],[-1.773,49.3762],[-1.7694,49.3796],[-1.7694,49.383],[-1.7802,49.3813],[-1.7946,49.3779],[-1.8054,49.3762],[-1.8162,49.383],[-1.8198,49.3965],[-1.8162,49.4303],[-1.8162,49.4455],[-1.8198,49.4522],[-1.8234,49.459],[-1.8378,49.4759],[-1.8378,49.4809],[-1.8414,49.486],[-1.845,49.4928],[-1.8522,49.5046],[-1.881,49.5248],[-1.8846,49.5316],[-1.8774,49.5451],[-1.8486,49.562],[-1.845,49.5721],[-1.8378,49.6025],[-1.8378,49.6194],[-1.8486,49.6346],[-1.8558,49.6447],[-1.8594,49.6549],[-1.8702,49.6616],[-1.9026,49.6667],[-1.9458,49.6785],[-1.9386,49.7021],[-1.9386,49.7156],[-1.935,49.7241],[-1.9098,49.7258],[-1.899,49.7241],[-1.8774,49.7156],[-1.8666,49.7123],[-1.8378,49.7156],[-1.8306,49.7123],[-1.8234,49.7089],[-1.8198,49.6971],[-1.8162,49.692],[-1.8126,49.6903],[-1.8018,49.692],[-1.7946,49.692],[-1.773,49.6869],[-1.7082,49.6802],[-1.6326,49.6633],[-1.6182,49.665],[-1.6182,49.6616],[-1.6146,49.6565],[-1.6146,49.6515],[-1.6074,49.6498],[-1.5966,49.6515],[-1.5822,49.6616],[-1.5714,49.665],[-1.5606,49.6633],[-1.539,49.6582],[-1.5282,49.6582],[-1.5102,49.6633],[-1.4958,49.6717],[-1.4706,49.6954],[-1.4562,49.7021],[-1.4094,49.7123],[-1.3914,49.7123],[-1.2726,49.6988],[-1.2618,49.6954],[-1.2582,49.6886],[-1.2546,49.6717],[-1.233,49.6414],[-1.2294,49.6245],[-1.2546,49.6126],[-1.2582,49.6025],[-1.2582,49.5941],[-1.2654,49.589],[-1.287,49.589],[-1.2942,49.5873],[-1.3014,49.5823],[-1.305,49.5586],[-1.2942,49.5383],[-1.2762,49.5215],[-1.2618,49.4928],[-1.1862,49.4303],[-1.1754,49.4151],[-1.1718,49.3931],[-1.1754,49.383],[-1.179,49.3746],[-1.1826,49.3695],[-1.1862,49.3661],[-1.1826,49.356],[-1.1754,49.3577],[-1.1646,49.361],[-1.1502,49.3627],[-1.1394,49.356],[-1.1322,49.3492],[-1.1214,49.3459],[-1.1034,49.3492],[-1.1034,49.356],[-1.1142,49.3661],[-1.107,49.3796],[-1.089,49.3914],[-1.071,49.3965],[-0.9414,49.3914],[-0.8226,49.3627],[-0.6498,49.356],[-0.6066,49.3475],[-0.585,49.3459],[-0.5454,49.3594],[-0.5238,49.356],[-0.4806,49.3425],[-0.4122,49.3425],[-0.3942,49.3374],[-0.3618,49.3256],[-0.3114,49.3171],[-0.2178,49.28],[-0.1926,49.2952],[-0.0342,49.3205],[-0.0018,49.3307],[0.0126,49.334],[0.0414,49.3509],[0.063,49.3543],[0.0702,49.3594],[0.0954,49.383],[0.1638,49.4151],[0.2862,49.4337],[0.4122,49.4522],[0.459,49.4674],[0.477,49.4792],[0.4914,49.4928],[0.423,49.4641],[0.3402,49.4573],[0.2574,49.4641],[0.1854,49.4792],[0.1638,49.4792],[0.1458,49.4809],[0.1242,49.486],[0.1062,49.4928],[0.0954,49.5029],[0.0918,49.5096],[0.0774,49.5147],[0.0738,49.5248],[0.0774,49.535],[0.081,49.5417],[0.1314,49.6042],[0.171,49.692],[0.1854,49.7038],[0.2358,49.7292],[0.2466,49.7292],[0.2574,49.7359],[0.387,49.7747],[0.3978,49.7849],[0.5238,49.8322],[0.5562,49.8406],[0.5958,49.8575],[0.675,49.8761],[0.7614,49.8744],[1.1718,49.9605],[1.197,49.974],[1.2222,49.9791],[1.2618,50.0078],[1.3914,50.0753],[1.4454,50.1175],[1.4562,50.1243],[1.4634,50.1327],[1.4886,50.1851],[1.521,50.2155],[1.557,50.2172],[1.6542,50.1868],[1.665,50.1868],[1.6722,50.1918],[1.6722,50.1986],[1.6614,50.1986],[1.6542,50.2003],[1.6506,50.2053],[1.6434,50.2121],[1.665,50.2121],[1.665,50.2205],[1.647,50.2205],[1.6254,50.2239],[1.611,50.2324],[1.6038,50.2442],[1.593,50.256],[1.5498,50.2695],[1.5426,50.2779],[1.5426,50.31],[1.5498,50.3489],[1.5714,50.3759],[1.5966,50.3725],[1.611,50.3708],[1.611,50.3776],[1.5534,50.4046],[1.5534,50.4113],[1.575,50.4451],[1.575,50.4924],[1.5786,50.5329],[1.611,50.5481],[1.5822,50.5751],[1.5786,50.5886],[1.575,50.6359],[1.5642,50.6781],[1.5642,50.6984],[1.5678,50.717],[1.5894,50.7558],[1.6002,50.771],[1.6074,50.7896],[1.6002,50.8132],[1.5822,50.8504],[1.5822,50.8639],[1.5822,50.8689],[1.6038,50.8808],[1.6146,50.8841],[1.6326,50.8841],[1.6542,50.8892],[1.6686,50.8993],[1.6974,50.9264],[1.7298,50.9432],[1.9206,50.9973],[1.9386,50.9939],[1.9746,51.0074],[2.133,51.0192],[2.3058,51.0547],[2.3166,51.0598],[2.3238,51.0598],[2.385,51.0547],[2.4678,51.0682],[2.5074,51.08],[2.5218,51.0868],[2.5434,51.0969],[2.5794,51.1053],[2.7162,51.1695],[2.925,51.2472],[3.1266,51.3299],[3.3498,51.3755],[3.5118,51.4076],[3.5262,51.416],[3.5406,51.416],[3.6054,51.3907],[3.7026,51.3738],[3.735,51.3553],[3.7566,51.3502],[3.7962,51.3502],[3.8322,51.3434],[3.8574,51.3451],[3.9546,51.3721],[3.969,51.3823],[3.9762,51.4008],[3.9834,51.411],[4.005,51.4093],[4.0302,51.4042],[4.0446,51.3992],[4.0518,51.3924],[4.0626,51.3772],[4.0698,51.3705],[4.0806,51.3688],[4.1058,51.3654],[4.1166,51.3603],[4.1202,51.3586],[4.1562,51.3569],[4.1742,51.3738],[4.1814,51.3772],[4.1994,51.3755],[4.221,51.3688],[4.221,51.3671],[4.2426,51.3569],[4.2498,51.3468],[4.257,51.3282],[4.2714,51.3164],[4.2894,51.3063],[4.3038,51.2962],[4.3074,51.2894],[4.3074,51.2843],[4.3038,51.2759],[4.3002,51.2691],[4.2966,51.2675],[4.3074,51.2708],[4.3146,51.2776],[4.329,51.2962],[4.2966,51.3046],[4.2894,51.3097],[4.2858,51.3181],[4.2858,51.3401],[4.2822,51.3502],[4.275,51.3586],[4.2606,51.3688],[4.257,51.3721],[4.2498,51.384],[4.2462,51.3958],[4.2462,51.4059],[4.2462,51.4144],[4.2354,51.4194],[4.2246,51.4093],[4.1994,51.4059],[4.1094,51.4076],[4.0914,51.411],[4.0698,51.4194],[4.0158,51.4481],[3.9978,51.4532],[3.9582,51.4566],[3.9438,51.4498],[3.915,51.416],[3.9006,51.4042],[3.8862,51.3992],[3.8502,51.3975],[3.8394,51.3924],[3.8286,51.3907],[3.8178,51.3941],[3.789,51.4127],[3.7278,51.4312],[3.6882,51.4549],[3.6738,51.4549],[3.6342,51.4464],[3.609,51.4448],[3.555,51.4532],[3.537,51.4599],[3.519,51.4735],[3.5082,51.4887],[3.4938,51.5005],[3.4614,51.519],[3.4506,51.5292],[3.447,51.5461],[3.4578,51.5545],[3.5586,51.595],[3.8286,51.6119],[3.8502,51.6102],[3.8646,51.6052],[3.8826,51.5967],[3.897,51.5832],[3.9042,51.5697],[3.897,51.5663],[3.879,51.5596],[3.8718,51.5562],[3.8718,51.5494],[3.969,51.5427],[4.0158,51.5309],[4.0554,51.5089],[4.0698,51.492],[4.0914,51.4583],[4.1058,51.4464],[4.1274,51.4414],[4.1814,51.4464],[4.1994,51.4397],[4.221,51.4431],[4.2534,51.4431],[4.2642,51.4448],[4.2822,51.4481],[4.2966,51.4701],[4.2894,51.492],[4.2678,51.5089],[4.239,51.519],[4.2318,51.519],[4.1958,51.5241],[4.1526,51.5342],[4.1382,51.5359],[4.1058,51.5342],[4.0914,51.5342],[4.0662,51.5444],[3.987,51.59],[4.041,51.6069],[4.0662,51.6102],[4.1562,51.6085],[4.185,51.6035],[4.2066,51.59],[4.203,51.6085],[4.1886,51.617],[4.185,51.617],[4.1454,51.6187],[4.1346,51.6204],[4.1274,51.6254],[4.1166,51.6305],[4.113,51.6389],[4.1094,51.6508],[4.1094,51.6626],[4.113,51.671],[4.1274,51.6795],[4.1418,51.6845],[4.1778,51.6862],[4.167,51.693],[4.1418,51.7031],[4.0698,51.7166],[4.0554,51.7301],[4.0518,51.7639],[4.0338,51.7842],[4.0086,51.7977],[3.9798,51.8095],[3.9618,51.801],[3.9366,51.796],[3.9114,51.796],[3.8934,51.7926],[3.8898,51.7892],[3.8826,51.7875],[3.8718,51.7875],[3.861,51.8162],[3.8898,51.8281],[3.9546,51.8399],[3.9618,51.8466],[3.9834,51.8483],[4.0158,51.8433],[4.0446,51.8348],[4.0482,51.8331],[4.0554,51.8348],[4.0662,51.8365],[4.077,51.8433],[4.0698,51.8534],[4.0446,51.8753],[4.0374,51.8787],[4.0338,51.8821],[4.0302,51.8888],[4.0302,51.8956],[4.0374,51.9024],[4.041,51.9057],[4.0446,51.9091],[4.041,51.9243],[4.0194,51.9631],[4.0086,51.98],[4.0158,51.9885],[4.023,51.9935],[4.0698,51.9885],[4.1094,51.9919],[4.1418,52.0054],[4.2858,52.1134],[4.4082,52.2232],[4.509,52.3363],[4.5702,52.4461],[4.5774,52.4731],[4.5774,52.4815],[4.5954,52.5069],[4.6386,52.7011],[4.6566,52.75],[4.6602,52.7652],[4.671,52.7973],[4.7106,52.8632],[4.7214,52.8952],[4.7214,52.9138],[4.725,52.9391],[4.7322,52.9594],[4.7466,52.9678],[4.8078,52.9611],[4.8186,52.9678],[4.8258,52.9594],[4.8078,52.929],[4.833,52.9121],[4.8726,52.9037],[4.9122,52.9054],[4.9374,52.9138],[4.977,52.9358],[4.9986,52.9408],[5.0383,52.9442],[5.0779,52.9543],[5.2795,53.0624],[5.2939,53.0742],[5.3119,53.0827],[5.3587,53.0894],[5.3803,53.0979],[5.3983,53.1215],[5.4271,53.1907],[5.4487,53.2211],[5.4811,53.2448],[5.5027,53.2566],[5.5423,53.2667],[5.5567,53.2785],[5.5747,53.2921],[5.5927,53.3022],[5.6107,53.3073],[5.6611,53.3123],[5.6935,53.3309],[5.8555,53.368],[5.8915,53.3849],[5.9131,53.3849],[5.9815,53.4069],[6.0787,53.4086],[6.1867,53.4103],[6.2731,53.4119],[6.2839,53.4103],[6.3019,53.4018],[6.3127,53.3984],[6.3199,53.4001],[6.3451,53.4119],[6.4927,53.439],[6.7303,53.4609],[6.8275,53.4508],[6.8491,53.4457],[6.8671,53.4339],[6.8995,53.3512],[6.9067,53.3512],[6.9283,53.3393],[6.9319,53.3376],[6.9355,53.336],[6.9427,53.3309],[6.9499,53.3258],[6.9787,53.3191],[7.0183,53.3056],[7.0363,53.3089],[7.0471,53.3039],[7.0579,53.3022],[7.0687,53.3039],[7.0795,53.3089],[7.0867,53.3089],[7.0867,53.3022],[7.0759,53.2988],[7.0723,53.2954],[7.0723,53.2921],[7.0795,53.2836],[7.0795,53.2667],[7.1119,53.2566],[7.1839,53.2448],[7.1947,53.2448],[7.2055,53.2482],[7.2163,53.2549],[7.2235,53.2633],[7.2343,53.2735],[7.2379,53.2853],[7.2307,53.2971],[7.2559,53.3191],[7.2667,53.3241],[7.2919,53.3241],[7.3135,53.3208],[7.3459,53.3073],[7.3675,53.3022],[7.3423,53.3241],[7.3027,53.3326],[7.0759,53.3376],[7.0399,53.3478],[7.0219,53.3765],[7.0219,53.4508],[7.0291,53.4677],[7.0471,53.4981],[7.0507,53.5133],[7.0615,53.5217],[7.0795,53.5217],[7.1191,53.5166],[7.1263,53.5251],[7.1335,53.5268],[7.1407,53.5369],[7.1407,53.5504],[7.1299,53.5572],[7.1011,53.5656],[7.0903,53.574],[7.0867,53.5876],[7.1011,53.5977],[7.1335,53.6112],[7.1695,53.6348],[7.1875,53.6433],[7.2271,53.6669],[7.3063,53.6855],[7.4575,53.6956],[7.4683,53.6906],[7.4791,53.6821],[7.5043,53.6787],[7.6519,53.6973],[7.9507,53.7226],[8.0299,53.7074],[8.0299,53.7007],[8.0263,53.672],[8.0515,53.6365],[8.0947,53.6044],[8.1271,53.5909],[8.1271,53.5842],[8.1199,53.5724],[8.1343,53.5673],[8.1559,53.5639],[8.1667,53.5538],[8.1667,53.5352],[8.1559,53.5268],[8.1343,53.5166],[8.1163,53.5116],[8.0767,53.5082],[8.0587,53.5014],[8.0767,53.4694],[8.0875,53.4558],[8.0983,53.4474],[8.1127,53.4508],[8.1235,53.4542],[8.1415,53.4542],[8.1523,53.4491],[8.1703,53.4373],[8.1775,53.4339],[8.1883,53.4288],[8.1955,53.4204],[8.2063,53.4103],[8.2207,53.4069],[8.2351,53.4069],[8.2495,53.4086],[8.2603,53.4119],[8.2711,53.4187],[8.2927,53.4407],[8.3143,53.4744],[8.3215,53.5099],[8.2927,53.5301],[8.2531,53.5234],[8.2315,53.5251],[8.2315,53.5403],[8.2423,53.5555],[8.2495,53.5909],[8.2567,53.6044],[8.2711,53.6129],[8.2891,53.6163],[8.3287,53.618],[8.3467,53.6129],[8.3647,53.6011],[8.3755,53.5876],[8.3863,53.5774],[8.4295,53.5656],[8.5123,53.5555],[8.5519,53.5437],[8.5519,53.5369],[8.5267,53.5234],[8.5051,53.5082],[8.4907,53.4862],[8.4835,53.4575],[8.4835,53.4018],[8.4907,53.3765],[8.5051,53.3579],[8.5087,53.3832],[8.4979,53.4457],[8.4979,53.4744],[8.5123,53.4964],[8.5375,53.5065],[8.5555,53.5183],[8.5663,53.547],[8.5591,53.5521],[8.5339,53.5909],[8.5267,53.596],[8.5159,53.6095],[8.5087,53.6247],[8.5015,53.645],[8.4871,53.6669],[8.4835,53.6838],[8.4871,53.7007],[8.4907,53.7159],[8.5303,53.7699],[8.5555,53.8307],[8.5735,53.8577],[8.5879,53.8712],[8.6059,53.8814],[8.6275,53.8898],[8.6527,53.8932],[8.6743,53.8915],[8.6851,53.8881],[8.7103,53.8712],[8.7463,53.8544],[8.7823,53.8425],[8.8615,53.8307],[8.9047,53.8324],[8.9767,53.8425],[9.0163,53.8408],[9.0343,53.8544],[9.1135,53.8645],[9.1927,53.8645],[9.2107,53.8712],[9.2251,53.8662],[9.2395,53.8645],[9.2755,53.8645],[9.2827,53.8611],[9.3043,53.8442],[9.4015,53.7429],[9.4411,53.7142],[9.4699,53.7007],[9.4843,53.6906],[9.4987,53.6602],[9.5671,53.5994],[9.5815,53.5909],[9.5995,53.5859],[9.6247,53.5842],[9.6355,53.5808],[9.6967,53.5572],[9.7651,53.547],[9.8191,53.5403],[9.8335,53.5437],[9.8191,53.5572],[9.7831,53.569],[9.6931,53.5757],[9.6571,53.5842],[9.5851,53.6129],[9.5491,53.6348],[9.5383,53.6669],[9.5347,53.6939],[9.5311,53.7108],[9.5239,53.7159],[9.4735,53.7328],[9.4591,53.7362],[9.4375,53.748],[9.4123,53.7784],[9.3979,53.8104],[9.3943,53.8307],[9.3583,53.8392],[9.2971,53.8712],[9.2575,53.8847],[9.2215,53.8915],[9.0919,53.8932],[9.0559,53.9033],[9.0307,53.9067],[9.0199,53.9033],[9.0091,53.8932],[8.9839,53.8966],[8.9479,53.9135],[8.9155,53.9371],[8.8327,54.0367],[8.8723,54.0468],[8.8903,54.0485],[8.9155,54.0435],[8.9551,54.0283],[8.9767,54.0249],[8.9983,54.03],[9.0055,54.0418],[9.0127,54.0604],[9.0199,54.0823],[9.0199,54.0975],[9.0055,54.1076],[8.9875,54.1178],[8.9731,54.1279],[8.9767,54.1397],[8.9767,54.1465],[8.9515,54.1499],[8.9191,54.1465],[8.8867,54.1363],[8.8687,54.1245],[8.8615,54.1245],[8.8327,54.1532],[8.8147,54.1752],[8.8111,54.1802],[8.8219,54.2005],[8.8363,54.2174],[8.8471,54.2343],[8.8399,54.2495],[8.8399,54.2562],[8.8507,54.2613],[8.8939,54.2681],[8.9119,54.2697],[8.9227,54.2748],[8.9371,54.2866],[8.9515,54.3018],[8.9623,54.317],[8.9407,54.3153],[8.9011,54.2951],[8.8795,54.29],[8.8831,54.2934],[8.8867,54.3001],[8.8867,54.3035],[8.8579,54.3018],[8.8039,54.2917],[8.7751,54.29],[8.7391,54.2934],[8.7247,54.29],[8.6887,54.2714],[8.6779,54.2697],[8.6527,54.2748],[8.6239,54.29],[8.6023,54.312],[8.5987,54.3373],[8.6131,54.3491],[8.6419,54.3559],[8.6707,54.3592],[8.6959,54.3592],[8.6959,54.366],[8.6779,54.3677],[8.6635,54.3761],[8.6491,54.3778],[8.6347,54.366],[8.6275,54.3761],[8.6275,54.3879],[8.6383,54.3981],[8.6491,54.4065],[8.6707,54.4015],[8.7499,54.4133],[8.8615,54.4133],[8.8867,54.4183],[8.9083,54.4251],[8.9479,54.447],[8.9875,54.4589],[9.0055,54.4656],[9.0127,54.4825],[9.0127,54.5061],[8.9875,54.5298],[8.9047,54.5804],[8.8939,54.5906],[8.8867,54.6024],[8.8795,54.6058],[8.8579,54.6058],[8.8363,54.6024],[8.8255,54.5973],[8.8183,54.6058],[8.8543,54.6193],[8.8183,54.6733],[8.8039,54.6868],[8.7751,54.6986],[8.7211,54.7257],[8.6887,54.7358],[8.6887,54.7425],[8.6959,54.7594],[8.6815,54.7814],[8.6635,54.8],[8.6491,54.8185],[8.6419,54.8439],[8.6455,54.8675],[8.6599,54.8962],[8.6671,54.9131],[8.6599,54.9198],[8.6743,54.9485],[8.6671,54.9739],[8.6491,54.9975],[8.6419,55.0228],[8.6455,55.0549],[8.6563,55.0819],[8.6707,55.1073],[8.6815,55.1326],[8.5771,55.1444],[8.5627,55.1427],[8.5591,55.1343],[8.5591,55.0971],[8.5519,55.0921],[8.5411,55.0904],[8.5303,55.0819],[8.5159,55.0701],[8.4979,55.0651],[8.4835,55.0684],[8.4691,55.0786],[8.4583,55.1039],[8.4619,55.1275],[8.4655,55.1512],[8.4691,55.1782],[8.4907,55.1968],[8.5303,55.2001],[8.5735,55.1934],[8.5951,55.1816],[8.5807,55.1782],[8.5699,55.1731],[8.5519,55.1613],[8.5555,55.1495],[8.6131,55.1444],[8.6707,55.1377],[8.6887,55.141],[8.6887,55.1613],[8.6671,55.1951],[8.6563,55.2373],[8.6491,55.2795],[8.6491,55.2913],[8.6599,55.3065],[8.6599,55.315],[8.6599,55.3268],[8.6491,55.3521],[8.6383,55.3977],[8.6311,55.418],[8.6167,55.4382],[8.5915,55.4501],[8.5555,55.4551],[8.4907,55.4551],[8.4403,55.4636],[8.4007,55.4855],[8.3107,55.5632],[8.3107,55.5699],[8.3323,55.5716],[8.3323,55.5784],[8.3143,55.5835],[8.2891,55.5835],[8.2675,55.5801],[8.2495,55.5716],[8.2387,55.5581],[8.2423,55.548],[8.2711,55.5311],[8.2639,55.5294],[8.2567,55.526],[8.2423,55.5176],[8.2675,55.5142],[8.2927,55.5041],[8.3179,55.4889],[8.3251,55.472],[8.3143,55.4686],[8.1919,55.526],[8.1703,55.5345],[8.1091,55.5396],[8.0947,55.5497],[8.0947,55.5632],[8.1487,55.6493],[8.1703,55.6881],[8.1811,55.7287],[8.1847,55.7692],[8.1343,55.9668],[8.1307,55.9769],[8.1271,55.9786],[8.1271,55.9836],[8.1271,55.987],[8.1307,55.9904],[8.1379,55.9887],[8.1379,55.9853],[8.1415,55.9836],[8.1451,55.982],[8.1523,55.9769],[8.1739,55.9009],[8.1919,55.8739],[8.1955,55.8621],[8.1919,55.8536],[8.1847,55.8401],[8.1811,55.8283],[8.1847,55.8148],[8.1919,55.8114],[8.2387,55.8266],[8.2855,55.8469],[8.3071,55.8519],[8.3467,55.8688],[8.3863,55.8925],[8.3935,55.9094],[8.3863,55.9262],[8.3719,55.9431],[8.3575,55.9583],[8.3179,55.9853],[8.3179,56.0174],[8.3071,56.0529],[8.2819,56.0765],[8.2495,56.09],[8.1703,56.1103],[8.1487,56.112],[8.1415,56.1035],[8.1415,56.0596],[8.1415,56.0394],[8.1343,56.0174],[8.1379,56.0005],[8.1343,55.9938],[8.1199,55.9972],[8.1163,56.0022],[8.1127,56.0124],[8.1091,56.0242],[8.1019,56.0968],[8.1055,56.1187],[8.1307,56.1812],[8.1343,56.2049],[8.1235,56.551],[8.1271,56.5679],[8.1343,56.5865],[8.1775,56.6726],[8.1991,56.6996],[8.2135,56.7114],[8.2207,56.7097],[8.2243,56.6996],[8.2315,56.6962],[8.2315,56.6878],[8.2099,56.6557],[8.2027,56.6473],[8.2027,56.6405],[8.2099,56.6371],[8.2135,56.6354],[8.2315,56.6338],[8.2351,56.6304],[8.2423,56.6202],[8.2459,56.6101],[8.2531,56.6067],[8.2963,56.6017],[8.3071,56.5983],[8.2927,56.5932],[8.2963,56.5831],[8.2927,56.5679],[8.2999,56.5578],[8.3071,56.5544],[8.3143,56.5561],[8.3179,56.5628],[8.3107,56.5713],[8.3107,56.578],[8.3431,56.5848],[8.3935,56.5848],[8.4367,56.5797],[8.4547,56.5679],[8.4655,56.5662],[8.5159,56.5443],[8.5303,56.5476],[8.5411,56.5561],[8.5519,56.5679],[8.5591,56.578],[8.5663,56.578],[8.5951,56.5324],[8.5951,56.524],[8.5915,56.5206],[8.5951,56.5105],[8.6023,56.5004],[8.6167,56.4936],[8.6383,56.4801],[8.6491,56.475],[8.6671,56.4767],[8.7283,56.4835],[8.7319,56.4852],[8.7391,56.4902],[8.7427,56.497],[8.7427,56.5071],[8.7427,56.5223],[8.7463,56.5307],[8.7499,56.5527],[8.7535,56.5578],[8.7607,56.5595],[8.7643,56.5628],[8.7571,56.5713],[8.7283,56.5865],[8.7175,56.5865],[8.7103,56.5882],[8.7031,56.5932],[8.7031,56.6017],[8.6995,56.6118],[8.6815,56.6169],[8.6815,56.627],[8.6959,56.6338],[8.7427,56.6354],[8.8039,56.6962],[8.8219,56.6996],[8.8615,56.708],[8.9155,56.708],[8.9191,56.7114],[8.8939,56.7165],[8.8507,56.7165],[8.8399,56.7216],[8.8507,56.7401],[8.8651,56.7553],[8.8759,56.7638],[8.9083,56.7773],[8.9551,56.8026],[8.9731,56.806],[8.9839,56.8043],[9.0019,56.7992],[9.0163,56.7975],[9.0271,56.7992],[9.0343,56.8043],[9.0379,56.8094],[9.0451,56.8127],[9.0631,56.8127],[9.0847,56.8077],[9.1063,56.8009],[9.1135,56.7874],[9.1207,56.7638],[9.1351,56.7503],[9.1495,56.7401],[9.1639,56.73],[9.1747,56.708],[9.1495,56.7047],[9.1171,56.6793],[9.0919,56.6743],[9.0919,56.6675],[9.0991,56.6591],[9.0883,56.6489],[9.0595,56.6338],[9.0487,56.6202],[9.0487,56.6067],[9.0523,56.5746],[9.0595,56.5662],[9.0775,56.5679],[9.0919,56.578],[9.1063,56.6101],[9.1207,56.6135],[9.1387,56.6118],[9.1567,56.6135],[9.1495,56.6219],[9.1423,56.6253],[9.1315,56.6253],[9.1207,56.6202],[9.1279,56.6321],[9.1351,56.6388],[9.1423,56.6473],[9.1495,56.6608],[9.1567,56.6608],[9.1495,56.6388],[9.1747,56.6354],[9.2107,56.6388],[9.2323,56.6371],[9.2467,56.6321],[9.2611,56.6338],[9.2755,56.6338],[9.2863,56.6202],[9.2827,56.6101],[9.2611,56.5915],[9.2503,56.578],[9.2611,56.5763],[9.2647,56.5713],[9.2647,56.5662],[9.2719,56.5578],[9.2791,56.5527],[9.3043,56.5443],[9.3115,56.5409],[9.3115,56.5358],[9.3151,56.5307],[9.3259,56.5307],[9.3403,56.5476],[9.3475,56.5527],[9.3619,56.5443],[9.3727,56.5527],[9.3727,56.5662],[9.3511,56.5713],[9.3187,56.5611],[9.3187,56.5595],[9.3115,56.5578],[9.3007,56.5578],[9.2935,56.5611],[9.2935,56.5662],[9.2971,56.5713],[9.3007,56.6084],[9.3187,56.6405],[9.3259,56.6692],[9.3043,56.6962],[9.2971,56.7013],[9.2899,56.7047],[9.2719,56.703],[9.2323,56.6929],[9.2215,56.6844],[9.1999,56.676],[9.1783,56.676],[9.1675,56.6895],[9.1819,56.7013],[9.2251,56.7165],[9.2359,56.7334],[9.2431,56.7469],[9.2395,56.7536],[9.2143,56.7587],[9.2035,56.7638],[9.1963,56.7705],[9.1891,56.7773],[9.1855,56.784],[9.1783,56.7942],[9.1747,56.806],[9.1747,56.8178],[9.1819,56.8212],[9.2035,56.8414],[9.2071,56.8465],[9.2107,56.8516],[9.2107,56.8634],[9.2071,56.8752],[9.1999,56.8803],[9.1891,56.882],[9.1783,56.8853],[9.1639,56.8938],[9.1819,56.9191],[9.1999,56.9394],[9.2215,56.9546],[9.2503,56.9732],[9.2575,56.9748],[9.2647,56.9765],[9.2755,56.9765],[9.2791,56.9799],[9.2863,56.9934],[9.2899,56.9968],[9.4375,57.0238],[9.4699,57.0238],[9.5851,56.9968],[9.5851,56.99],[9.5743,56.985],[9.5743,56.9782],[9.5815,56.9732],[9.5959,56.9698],[9.6067,56.9698],[9.6175,56.9748],[9.6535,57.0069],[9.6715,57.0255],[9.6895,57.039],[9.7291,57.0475],[9.7615,57.0593],[9.8083,57.0525],[9.9163,57.0593],[9.8551,57.088],[9.8263,57.0947],[9.8047,57.1049],[9.7939,57.1066],[9.7867,57.1032],[9.7507,57.0778],[9.7327,57.066],[9.7111,57.061],[9.6931,57.0694],[9.6751,57.0795],[9.6571,57.0762],[9.6211,57.0593],[9.5815,57.0491],[9.4951,57.0491],[9.2647,57.0035],[9.2467,57.0019],[9.2251,57.0069],[9.1135,57.0593],[9.1207,57.0458],[9.1135,57.039],[9.0811,57.0306],[9.0559,57.0204],[9.0415,57.0171],[9.0271,57.0171],[9.0307,57.0238],[9.0127,57.0306],[8.9983,57.0289],[8.9803,57.0204],[8.9623,57.0103],[8.9479,57.012],[8.9263,57.0002],[8.9083,56.9884],[8.9011,56.9867],[8.8939,57.0002],[8.8723,57.0052],[8.8507,57.0035],[8.8327,56.9968],[8.8471,56.9884],[8.8111,56.9698],[8.7607,56.9563],[8.7247,56.9613],[8.7031,56.958],[8.6779,56.9529],[8.6671,56.9461],[8.6635,56.9259],[8.6491,56.9141],[8.6347,56.9056],[8.6203,56.8938],[8.6167,56.8651],[8.6131,56.8634],[8.6131,56.855],[8.6095,56.8499],[8.6023,56.8448],[8.5699,56.8178],[8.5483,56.8178],[8.5375,56.8144],[8.5303,56.8094],[8.5231,56.8043],[8.5087,56.8009],[8.4907,56.7942],[8.4835,56.7807],[8.4907,56.7469],[8.4907,56.7317],[8.4763,56.7216],[8.4763,56.7165],[8.5159,56.7182],[8.5267,56.7165],[8.5339,56.703],[8.5267,56.6945],[8.5123,56.6895],[8.5015,56.6895],[8.4907,56.6912],[8.4655,56.6996],[8.4547,56.703],[8.4403,56.6996],[8.4223,56.6912],[8.4079,56.6895],[8.4079,56.681],[8.4547,56.6895],[8.4691,56.6861],[8.4907,56.6777],[8.5015,56.6743],[8.5699,56.6912],[8.5879,56.6895],[8.5879,56.681],[8.5879,56.6625],[8.5879,56.654],[8.6023,56.6405],[8.6095,56.6304],[8.5915,56.6169],[8.5843,56.6101],[8.5699,56.6067],[8.5555,56.605],[8.5483,56.6017],[8.5483,56.5983],[8.5591,56.5932],[8.5411,56.5932],[8.5123,56.6067],[8.4871,56.6253],[8.4763,56.6371],[8.4691,56.6523],[8.4439,56.6641],[8.4151,56.6726],[8.3899,56.6743],[8.3719,56.681],[8.3539,56.6929],[8.3323,56.708],[8.3179,56.7216],[8.3071,56.7587],[8.3035,56.7638],[8.2891,56.7671],[8.2603,56.7773],[8.2423,56.7773],[8.2567,56.7401],[8.2639,56.7182],[8.2603,56.7047],[8.2459,56.7047],[8.2387,56.7249],[8.2351,56.7705],[8.2495,56.8127],[8.2711,56.8431],[8.4511,57.0035],[8.5051,57.0339],[8.5879,57.1066],[8.6167,57.1234],[8.6527,57.1217],[8.7355,57.1066],[8.7823,57.1049],[8.8759,57.1167],[8.9155,57.1268],[8.9623,57.1572],[8.9803,57.1606],[9.2323,57.1403],[9.3223,57.1471],[9.4123,57.1657],[9.4987,57.1977],[9.5743,57.2433],[9.7867,57.4595],[9.8263,57.4899],[9.8947,57.5321],[9.9307,57.5675],[9.9415,57.5726],[9.9667,57.5912],[10.0171,57.5962],[10.1071,57.5929],[10.1971,57.6013],[10.2799,57.6216],[10.3519,57.6486],[10.4707,57.7178],[10.5391,57.7431],[10.5643,57.7499],[10.5967,57.7516],[10.6255,57.7482],[10.6507,57.7364],[10.5931,57.7263],[10.5427,57.6992],[10.4599,57.63],[10.4311,57.5709],[10.4599,57.5253],[10.5103,57.4848],[10.5463,57.4358],[10.5175,57.3919],[10.5175,57.3396],[10.5391,57.2366],[10.5211,57.2214],[10.4707,57.2011],[10.4455,57.1842],[10.4131,57.1437],[10.3951,57.1167],[10.3843,57.0745],[10.3591,57.0255],[10.3483,57.0103],[10.3375,57.0035],[10.3303,57.0002],[10.3195,56.9968],[10.2727,56.9985],[10.2583,56.9951],[10.2403,56.9934],[10.1575,57.0238],[10.0927,57.061],[10.0531,57.0694],[10.0207,57.088],[9.9955,57.093],[9.9739,57.0863],[9.9451,57.061],[9.9271,57.0593],[9.9451,57.0576],[9.9667,57.0728],[9.9847,57.0795],[10.0027,57.0846],[10.0243,57.0795],[10.1215,57.0221],[10.1539,57.0137],[10.1935,56.9934],[10.2151,56.99],[10.2943,56.9884],[10.3123,56.9833],[10.2871,56.963],[10.2799,56.9563],[10.2763,56.9428],[10.2691,56.9157],[10.2655,56.9073],[10.2727,56.8921],[10.2835,56.8398],[10.2871,56.8009],[10.2943,56.779],[10.3195,56.7368],[10.3267,56.73],[10.3375,56.7232],[10.3411,56.7182],[10.3267,56.708],[10.3195,56.708],[10.2943,56.7148],[10.2835,56.7165],[10.2367,56.7165],[10.2223,56.7114],[10.2043,56.703],[10.1863,56.7114],[10.1683,56.7199],[10.1467,56.7216],[10.1215,56.7165],[10.0999,56.7064],[10.0891,56.7047],[10.0747,56.703],[10.0567,56.6979],[10.0279,56.6844],[9.9919,56.6777],[9.9451,56.6574],[9.8047,56.6473],[9.8047,56.6405],[9.8515,56.6354],[10.0027,56.6608],[10.0351,56.6726],[10.0495,56.6743],[10.0531,56.6777],[10.0531,56.681],[10.0567,56.6861],[10.0639,56.6895],[10.0711,56.6878],[10.0855,56.6827],[10.0891,56.681],[10.0999,56.6827],[10.1143,56.6861],[10.1251,56.6929],[10.1287,56.6996],[10.1359,56.7131],[10.1503,56.7148],[10.1827,56.708],[10.1791,56.7047],[10.1755,56.6962],[10.1935,56.6929],[10.2403,56.6878],[10.2835,56.6895],[10.3087,56.6996],[10.3339,56.7047],[10.3519,56.681],[10.3591,56.6489],[10.3411,56.6202],[10.2727,56.5915],[10.2223,56.5611],[10.2151,56.5578],[10.2079,56.5257],[10.2043,56.5172],[10.2115,56.5054],[10.2079,56.4902],[10.1971,56.4784],[10.1827,56.47],[10.2151,56.47],[10.2259,56.475],[10.2259,56.5139],[10.2259,56.5409],[10.2367,56.5544],[10.2799,56.5713],[10.3123,56.5966],[10.3303,56.6034],[10.3519,56.5966],[10.3555,56.5898],[10.3591,56.5679],[10.3591,56.5611],[10.3663,56.5578],[10.3951,56.5443],[10.4707,56.5206],[10.5499,56.5155],[10.7875,56.5358],[10.8235,56.5341],[10.8559,56.524],[10.8703,56.5155],[10.9027,56.4835],[10.9639,56.448],[10.9639,56.4429],[10.9423,56.4294],[10.9279,56.4058],[10.9243,56.3805],[10.9243,56.3568],[10.9099,56.3349],[10.8199,56.2606],[10.7731,56.2437],[10.7551,56.2285],[10.7515,56.2167],[10.7515,56.1846],[10.7371,56.1542],[10.7083,56.1508],[10.6723,56.166],[10.6507,56.188],[10.6759,56.1913],[10.6867,56.1964],[10.6903,56.2082],[10.6867,56.2217],[10.6759,56.2268],[10.6651,56.2268],[10.6543,56.2336],[10.6291,56.2369],[10.6039,56.2217],[10.5823,56.1998],[10.5499,56.1778],[10.5571,56.1542],[10.5679,56.1289],[10.5751,56.112],[10.5643,56.1052],[10.5463,56.1018],[10.5319,56.1002],[10.5175,56.1035],[10.5067,56.1103],[10.4995,56.1306],[10.4923,56.1407],[10.4995,56.1441],[10.5175,56.1508],[10.5247,56.1542],[10.5175,56.1643],[10.5103,56.1694],[10.4671,56.1778],[10.4599,56.1761],[10.4383,56.1677],[10.4095,56.1643],[10.3915,56.1728],[10.3771,56.1863],[10.3555,56.2015],[10.3771,56.2032],[10.4095,56.2184],[10.4275,56.2217],[10.4419,56.2167],[10.4599,56.2065],[10.4779,56.2032],[10.4923,56.2167],[10.4743,56.2319],[10.4743,56.2454],[10.5031,56.2775],[10.4923,56.2775],[10.4779,56.2808],[10.4635,56.2876],[10.4527,56.2943],[10.4419,56.2994],[10.4167,56.2927],[10.4023,56.2977],[10.3987,56.2842],[10.3951,56.2758],[10.3843,56.2724],[10.3699,56.2707],[10.3627,56.2656],[10.3375,56.2336],[10.3123,56.215],[10.2583,56.1897],[10.2331,56.1711],[10.2187,56.1474],[10.2259,56.1339],[10.2439,56.1187],[10.2583,56.0985],[10.2655,56.0731],[10.2619,56.0546],[10.2475,56.0377],[10.2295,56.0174],[10.2547,56.0242],[10.2727,56.0242],[10.2763,56.0174],[10.2511,55.987],[10.2511,55.9735],[10.2511,55.9482],[10.2511,55.9313],[10.2475,55.9229],[10.2439,55.9144],[10.2223,55.8975],[10.2187,55.8891],[10.2115,55.8891],[10.2007,55.8857],[10.1899,55.879],[10.1827,55.8739],[10.1899,55.8705],[10.1971,55.8621],[10.2007,55.8503],[10.1899,55.8435],[10.1863,55.8384],[10.1827,55.8334],[10.1719,55.8317],[10.1611,55.8334],[10.1503,55.8384],[10.1359,55.8519],[10.1323,55.8587],[10.1287,55.8654],[10.1251,55.8739],[10.1143,55.8806],[10.1035,55.8823],[10.0063,55.8806],[9.9919,55.8773],[9.9847,55.8722],[9.9775,55.8638],[9.9703,55.8587],[9.9451,55.8536],[9.8911,55.8553],[9.8659,55.8519],[9.8911,55.8367],[10.0351,55.8182],[10.0459,55.8148],[10.0423,55.803],[10.0243,55.7827],[10.0171,55.7658],[10.0207,55.7574],[10.0351,55.7557],[10.0603,55.7557],[10.0603,55.7489],[10.0171,55.7371],[10.0063,55.7253],[10.0171,55.7084],[10.0135,55.7067],[10.0063,55.7017],[9.9811,55.7101],[9.8731,55.6915],[9.8227,55.6763],[9.7939,55.6746],[9.7327,55.6881],[9.6967,55.705],[9.6859,55.7084],[9.5815,55.7084],[9.5599,55.7152],[9.5563,55.7118],[9.5563,55.7084],[9.5527,55.705],[9.5527,55.7017],[9.5743,55.6949],[9.6463,55.6949],[9.6571,55.6898],[9.7111,55.6594],[9.7219,55.6476],[9.7291,55.6375],[9.7399,55.629],[9.7579,55.6274],[9.8551,55.6274],[9.8371,55.6155],[9.7867,55.5919],[9.7579,55.5716],[9.7435,55.5666],[9.7219,55.5649],[9.7111,55.5598],[9.7111,55.5514],[9.7111,55.5412],[9.7075,55.5379],[9.6427,55.5277],[9.6211,55.5193],[9.6067,55.5176],[9.5959,55.5176],[9.5743,55.5244],[9.5599,55.5244],[9.5635,55.5193],[9.5671,55.5176],[9.5527,55.5058],[9.5167,55.499],[9.4987,55.4889],[9.5167,55.4838],[9.5347,55.4838],[9.5851,55.4906],[9.5923,55.494],[9.6031,55.4956],[9.6607,55.4788],[9.6643,55.4669],[9.6607,55.4534],[9.6499,55.4416],[9.6355,55.4365],[9.6031,55.4315],[9.5851,55.4281],[9.5923,55.4163],[9.6031,55.4011],[9.6067,55.3926],[9.6067,55.3825],[9.5995,55.3741],[9.5995,55.3656],[9.6211,55.3589],[9.6319,55.3521],[9.6463,55.342],[9.6499,55.3335],[9.6355,55.3251],[9.6355,55.3183],[9.6463,55.3116],[9.6823,55.2744],[9.6931,55.2711],[9.7075,55.2643],[9.7111,55.2491],[9.7075,55.2373],[9.7003,55.2305],[9.6931,55.2204],[9.6895,55.2052],[9.6859,55.1968],[9.6715,55.1917],[9.6571,55.19],[9.6427,55.1883],[9.5851,55.1951],[9.5707,55.1917],[9.5599,55.1866],[9.5563,55.1799],[9.5455,55.1748],[9.5203,55.1647],[9.5059,55.1613],[9.4951,55.1613],[9.4879,55.1562],[9.4879,55.1478],[9.4951,55.1394],[9.5131,55.1394],[9.5131,55.1326],[9.4807,55.1343],[9.4699,55.1326],[9.4555,55.1259],[9.4663,55.1208],[9.4807,55.1191],[9.5095,55.1191],[9.5203,55.1157],[9.5347,55.1073],[9.5599,55.0853],[9.5347,55.0651],[9.5167,55.0566],[9.4987,55.0499],[9.4519,55.0448],[9.4339,55.038],[9.4411,55.0228],[9.4555,55.0228],[9.5131,55.0364],[9.5383,55.0347],[9.5455,55.0364],[9.5527,55.0397],[9.5599,55.0448],[9.5671,55.0482],[9.5815,55.0499],[9.6031,55.0448],[9.6427,55.0195],[9.6643,55.0093],[9.7183,55.0009],[9.7327,54.9958],[9.7399,54.9806],[9.7615,54.9046],[9.7615,54.9013],[9.7615,54.8979],[9.7507,54.8928],[9.7363,54.8928],[9.7219,54.8979],[9.7111,54.8979],[9.7039,54.8861],[9.7147,54.8844],[9.7291,54.8793],[9.7363,54.8743],[9.7435,54.8658],[9.7471,54.8574],[9.7507,54.8455],[9.7471,54.8354],[9.7327,54.832],[9.7183,54.8354],[9.7039,54.854],[9.6967,54.8591],[9.6535,54.8574],[9.6427,54.8591],[9.6247,54.8658],[9.6247,54.8692],[9.6319,54.8726],[9.6355,54.8793],[9.6175,54.8945],[9.6103,54.903],[9.6175,54.908],[9.6427,54.9131],[9.6391,54.9249],[9.6139,54.9334],[9.5851,54.9283],[9.5815,54.9215],[9.5671,54.9013],[9.5563,54.8911],[9.5491,54.8827],[9.5455,54.8793],[9.5383,54.8776],[9.5239,54.8793],[9.5167,54.8759],[9.4987,54.8641],[9.4555,54.8439],[9.4411,54.832],[9.4375,54.8101],[9.4519,54.8101],[9.5095,54.8287],[9.5311,54.8422],[9.5527,54.8472],[9.5671,54.8607],[9.5815,54.8658],[9.5815,54.8303],[9.6319,54.8202],[9.6931,54.8185],[9.7363,54.8067],[9.7507,54.8],[9.7795,54.7932],[9.8011,54.7831],[9.8119,54.7662],[9.8227,54.7561],[9.8515,54.7594],[9.8947,54.7696],[9.8911,54.7898],[9.9163,54.7915],[9.9487,54.7797],[9.9703,54.7628],[9.9847,54.729],[9.9919,54.7206],[9.9991,54.7121],[10.0171,54.702],[10.0063,54.6953],[9.9919,54.697],[9.9811,54.7003],[9.9703,54.702],[9.9703,54.6986],[9.9451,54.6868],[9.9415,54.6868],[9.9379,54.6851],[9.9307,54.6851],[9.9307,54.6834],[9.9307,54.6733],[9.9451,54.6733],[9.9703,54.6784],[9.9955,54.6784],[10.0099,54.6666],[10.0207,54.6716],[10.0351,54.6733],[10.0387,54.6666],[10.0315,54.653],[10.0387,54.6395],[10.0387,54.6193],[10.0315,54.5771],[10.0279,54.5602],[10.0207,54.5467],[10.0099,54.5348],[9.9991,54.523],[9.9667,54.5061],[9.9271,54.4926],[9.8803,54.4842],[9.8407,54.4825],[9.8407,54.4757],[9.8839,54.4622],[10.1251,54.496],[10.1431,54.4926],[10.2043,54.4606],[10.1827,54.4487],[10.1827,54.4386],[10.1935,54.4268],[10.1971,54.4099],[10.1899,54.3964],[10.1755,54.3846],[10.1575,54.3761],[10.1431,54.3727],[10.1431,54.3694],[10.1467,54.3677],[10.1467,54.366],[10.1431,54.3592],[10.1539,54.3525],[10.1539,54.344],[10.1503,54.3339],[10.1431,54.3238],[10.1647,54.3288],[10.1791,54.3407],[10.2043,54.3727],[10.2187,54.4048],[10.2259,54.4133],[10.2331,54.4183],[10.2727,54.42],[10.2871,54.4251],[10.2907,54.4302],[10.2979,54.4352],[10.3051,54.4403],[10.3195,54.4437],[10.3591,54.4403],[10.3843,54.4352],[10.4419,54.4065],[10.6003,54.366],[10.6903,54.317],[10.7299,54.3103],[10.7767,54.3153],[10.8091,54.3272],[10.8667,54.3592],[10.8991,54.3711],[10.9351,54.3795],[11.0179,54.3863],[11.0179,54.3795],[10.9999,54.3778],[10.9747,54.3778],[10.9927,54.3744],[11.0107,54.3778],[11.0323,54.3677],[11.1043,54.393],[11.1367,54.3863],[11.0971,54.3609],[11.0863,54.3525],[11.0827,54.3542],[11.0683,54.3592],[11.0791,54.3424],[11.0863,54.3018],[11.0935,54.2833],[11.0863,54.2714],[11.0863,54.2545],[11.0935,54.2258],[11.0899,54.2073],[11.0791,54.1988],[11.0719,54.1921],[11.0683,54.1836],[10.9495,54.1397],[10.9099,54.1093],[10.8919,54.1026],[10.8523,54.0941],[10.8451,54.0941],[10.8379,54.0908],[10.8307,54.0924],[10.8235,54.0975],[10.8127,54.0975],[10.8055,54.0941],[10.8019,54.0924],[10.7623,54.057],[10.7515,54.0502],[10.7515,54.0435],[10.7659,54.0249],[10.7803,54.0097],[10.7983,54.0013],[10.8271,53.9962],[10.8667,53.9979],[10.8739,53.9962],[10.8811,53.9844],[10.8847,53.9726],[10.8883,53.9641],[10.9027,53.9607],[10.9063,53.9607],[10.9171,53.9607],[10.9243,53.9607],[10.9351,53.9675],[10.9639,53.9861],[10.9819,53.9894],[10.9999,53.9911],[11.0539,54.008],[11.1763,54.0181],[11.1835,54.0165],[11.1907,54.0097],[11.1979,53.9962],[11.2051,53.9894],[11.2411,53.9827],[11.2447,53.9776],[11.2411,53.9557],[11.2447,53.9455],[11.2555,53.9405],[11.2843,53.9405],[11.2951,53.9405],[11.3347,53.9607],[11.3419,53.959],[11.3527,53.9438],[11.3599,53.9405],[11.3995,53.9405],[11.3995,53.9371],[11.4391,53.9084],[11.4463,53.9067],[11.4571,53.9067],[11.4607,53.9168],[11.4679,53.932],[11.4751,53.9523],[11.4715,53.9692],[11.4787,53.9759],[11.4895,53.981],[11.4967,53.981],[11.4967,53.9861],[11.4931,53.9979],[11.4931,54.0029],[11.5255,54.0232],[11.5255,54.03],[11.5183,54.03],[11.5183,54.0367],[11.5435,54.03],[11.5543,54.03],[11.5723,54.0384],[11.5903,54.0654],[11.6047,54.0705],[11.6119,54.0722],[11.6191,54.0772],[11.6263,54.084],[11.6299,54.0908],[11.6299,54.0958],[11.6227,54.0992],[11.6227,54.1043],[11.6263,54.1093],[11.6299,54.1127],[11.6335,54.1161],[11.6587,54.1414],[11.6911,54.1549],[11.7271,54.1583],[11.8135,54.1499],[12.0511,54.1802],[12.0871,54.1938],[12.0943,54.1651],[12.0907,54.138],[12.0907,54.1144],[12.1159,54.0975],[12.1051,54.1093],[12.1015,54.1363],[12.0943,54.1465],[12.1051,54.1566],[12.1339,54.1667],[12.1411,54.1802],[12.1303,54.1819],[12.1195,54.1802],[12.1123,54.1769],[12.1015,54.1735],[12.1087,54.1836],[12.1411,54.209],[12.1627,54.2191],[12.1879,54.2427],[12.2023,54.2495],[12.2131,54.2512],[12.2887,54.2748],[12.3283,54.2934],[12.3427,54.3035],[12.3787,54.3457],[12.4399,54.3964],[12.4435,54.4048],[12.4867,54.447],[12.5011,54.4741],[12.5119,54.4825],[12.5335,54.4876],[12.5335,54.4825],[12.5263,54.4825],[12.5479,54.4622],[12.5911,54.4521],[12.8179,54.4521],[12.8575,54.4403],[12.8791,54.4487],[12.9079,54.4454],[12.9223,54.4335],[12.8971,54.42],[12.8719,54.4166],[12.7639,54.4217],[12.7207,54.4318],[12.6955,54.4335],[12.6883,54.4318],[12.6775,54.4217],[12.6703,54.42],[12.6487,54.42],[12.6235,54.4234],[12.6127,54.42],[12.6091,54.4065],[12.6019,54.4133],[12.5983,54.4116],[12.5875,54.4082],[12.5803,54.4065],[12.5839,54.3981],[12.5875,54.3947],[12.5947,54.393],[12.6019,54.3913],[12.5983,54.3913],[12.5947,54.3913],[12.5947,54.3896],[12.5947,54.3863],[12.5767,54.3913],[12.5551,54.3913],[12.5371,54.3846],[12.5263,54.3727],[12.5119,54.3846],[12.4903,54.3896],[12.4543,54.3913],[12.4399,54.3879],[12.4255,54.3761],[12.4183,54.3609],[12.4255,54.3457],[12.4111,54.3474],[12.4039,54.3474],[12.3967,54.3525],[12.3895,54.3457],[12.3967,54.3322],[12.3931,54.3204],[12.3787,54.312],[12.3643,54.3103],[12.3679,54.2968],[12.3787,54.2866],[12.3787,54.2765],[12.3679,54.2697],[12.4111,54.2512],[12.4363,54.2478],[12.4579,54.2562],[12.4435,54.2545],[12.4291,54.2579],[12.4111,54.2697],[12.4183,54.2816],[12.4255,54.29],[12.4507,54.3035],[12.4579,54.3069],[12.4687,54.3086],[12.4723,54.3103],[12.4759,54.3153],[12.4759,54.3272],[12.4795,54.3322],[12.4939,54.3407],[12.5623,54.3592],[12.5479,54.3643],[12.5407,54.366],[12.5407,54.3727],[12.5587,54.3761],[12.5659,54.3761],[12.5731,54.3727],[12.5731,54.3795],[12.5947,54.3694],[12.6235,54.3744],[12.6775,54.3913],[12.6739,54.3947],[12.6739,54.4031],[12.6703,54.4065],[12.6811,54.4116],[12.6919,54.4133],[12.7063,54.415],[12.7171,54.4133],[12.7171,54.4065],[12.7027,54.4048],[12.6919,54.3964],[12.6883,54.3846],[12.6847,54.3727],[12.6955,54.3846],[12.7027,54.3913],[12.7063,54.3998],[12.7135,54.3896],[12.7243,54.3812],[12.7351,54.3778],[12.7459,54.3863],[12.7567,54.3795],[12.7675,54.3795],[12.7783,54.3846],[12.7855,54.3913],[12.7891,54.3846],[12.7963,54.3778],[12.7999,54.3711],[12.8179,54.3575],[12.8215,54.3559],[12.8251,54.3575],[12.8359,54.3592],[12.8539,54.3575],[12.8647,54.3592],[12.8755,54.366],[12.8863,54.3727],[12.8935,54.3896],[12.9043,54.3998],[12.9295,54.415],[12.9691,54.4302],[13.0087,54.4386],[13.0339,54.4335],[13.0231,54.4268],[13.0195,54.415],[13.0303,54.4015],[13.0411,54.3913],[13.0843,54.3795],[13.0951,54.3727],[13.0771,54.3525],[13.0807,54.3373],[13.1095,54.3103],[13.1131,54.3001],[13.1131,54.2883],[13.1131,54.2799],[13.1275,54.2765],[13.1707,54.2765],[13.1707,54.2697],[13.1599,54.2697],[13.1563,54.2681],[13.1419,54.263],[13.1743,54.2647],[13.2283,54.2478],[13.2643,54.2427],[13.2895,54.2343],[13.3219,54.1938],[13.3471,54.1802],[13.3327,54.1735],[13.3219,54.1667],[13.3471,54.1667],[13.3831,54.1786],[13.4047,54.1735],[13.3939,54.1617],[13.3903,54.1566],[13.3831,54.1532],[13.3939,54.1482],[13.4011,54.1515],[13.4083,54.1549],[13.4191,54.1532],[13.4227,54.1482],[13.4371,54.1245],[13.4515,54.111],[13.4659,54.0992],[13.4839,54.0908],[13.5055,54.0908],[13.5055,54.0975],[13.4983,54.1026],[13.4875,54.1144],[13.4803,54.1178],[13.4803,54.1245],[13.6027,54.1397],[13.6315,54.1482],[13.6819,54.1684],[13.7107,54.1735],[13.7179,54.1684],[13.7143,54.1634],[13.7071,54.1617],[13.6999,54.16],[13.6999,54.1532],[13.7287,54.1431],[13.8079,54.1043],[13.8079,54.0975],[13.7935,54.084],[13.7863,54.0637],[13.7719,54.0468],[13.7467,54.0367],[13.7575,54.0317],[13.7863,54.0097],[13.7971,53.9996],[13.8043,53.9962],[13.8331,53.9894],[13.8403,53.9861],[13.8439,53.9793],[13.8475,53.9726],[13.8475,53.9675],[13.8511,53.9641],[13.8475,53.959],[13.8475,53.9557],[13.8511,53.954],[13.8655,53.954],[13.8691,53.954],[13.8763,53.9506],[13.8799,53.9489],[13.8871,53.9472],[13.8943,53.9472],[13.9051,53.9438],[13.9087,53.9337],[13.9015,53.9219],[13.8907,53.9135],[13.8187,53.878],[13.8079,53.8645],[13.8187,53.8527],[13.8367,53.8476],[13.8547,53.8442],[13.8619,53.8408],[13.8691,53.8307],[13.8835,53.8172],[13.9015,53.8088],[13.9123,53.8104],[13.9843,53.7733],[14.0167,53.7699],[14.0347,53.7581],[14.0383,53.7547],[14.0599,53.7564],[14.0671,53.7547],[14.0923,53.7463],[14.1067,53.7429],[14.1859,53.7395],[14.2147,53.7446],[14.2255,53.7581],[14.2327,53.7615],[14.2507,53.7598],[14.2651,53.7513],[14.2687,53.7362],[14.2579,53.7277],[14.2111,53.7074],[14.2255,53.7041],[14.2399,53.7007],[14.2579,53.699],[14.2651,53.7007],[14.2723,53.7007],[14.2903,53.7058],[14.3047,53.7125],[14.3047,53.721],[14.2903,53.7277],[14.2975,53.7311],[14.3011,53.7345],[14.2975,53.7378],[14.2903,53.7412],[14.2939,53.7497],[14.3047,53.7446],[14.3191,53.7395],[14.3299,53.7345],[14.3407,53.7142],[14.3551,53.7091],[14.3839,53.7007],[14.4019,53.6872],[14.4163,53.6821],[14.4595,53.6771],[14.5135,53.6669],[14.5315,53.6585],[14.5459,53.645],[14.5783,53.6078],[14.5891,53.5977],[14.5963,53.6011],[14.5963,53.618],[14.5999,53.6264],[14.6107,53.6331],[14.6251,53.6399],[14.6215,53.6433],[14.6215,53.6467],[14.6251,53.6534],[14.6143,53.6551],[14.5891,53.6568],[14.5747,53.6602],[14.5459,53.7041],[14.5531,53.726],[14.5747,53.7699],[14.5891,53.7632],[14.5963,53.7649],[14.6071,53.7682],[14.6251,53.7699],[14.6179,53.7953],[14.6215,53.8155],[14.6287,53.8324],[14.6323,53.851],[14.6251,53.851],[14.6215,53.8392],[14.6143,53.8324],[14.5891,53.8172],[14.5963,53.8104],[14.5855,53.8121],[14.5783,53.8155],[14.5747,53.8189],[14.5675,53.824],[14.5747,53.8273],[14.5819,53.8341],[14.5891,53.8375],[14.5747,53.8544],[14.5531,53.8628],[14.4415,53.8695],[14.4271,53.8797],[14.4379,53.8999],[14.4343,53.9016],[14.4307,53.9067],[14.4235,53.8966],[14.4127,53.8949],[14.4055,53.8966],[14.3947,53.8999],[14.3839,53.8966],[14.3767,53.8915],[14.3731,53.8864],[14.3623,53.8797],[14.3911,53.8763],[14.4091,53.8712],[14.4163,53.8645],[14.4163,53.8527],[14.4055,53.8442],[14.3911,53.8408],[14.3839,53.8442],[14.3551,53.8341],[14.3443,53.8324],[14.3299,53.8307],[14.3299,53.824],[14.3407,53.8206],[14.3407,53.8189],[14.3299,53.8172],[14.3191,53.8189],[14.3047,53.8223],[14.2903,53.824],[14.2759,53.8307],[14.2255,53.8712],[14.2039,53.878],[14.2003,53.878],[14.0887,53.8712],[14.0635,53.8729],[14.0491,53.8797],[14.0239,53.8645],[13.9951,53.8544],[13.9375,53.8442],[13.8763,53.8442],[13.8403,53.851],[13.8223,53.8645],[13.8331,53.8679],[13.8547,53.878],[13.8871,53.8814],[13.9231,53.8932],[13.9303,53.8999],[13.9375,53.9286],[13.9015,53.9692],[13.9051,53.9962],[13.9555,53.9928],[13.9735,53.9894],[13.9663,53.981],[13.9699,53.9759],[13.9591,53.9574],[13.9591,53.9405],[13.9735,53.9574],[13.9879,53.9607],[14.0275,53.9607],[14.0239,53.959],[14.0203,53.9557],[14.0167,53.9523],[14.0131,53.9472],[14.0491,53.9405],[14.0419,53.954],[14.0527,53.9776],[14.0527,54.0046],[14.0383,54.0215],[14.0131,54.0165],[14.0059,54.0317],[13.9951,54.0452],[13.9807,54.057],[13.9663,54.0637],[13.9447,54.0671],[13.9267,54.0637],[13.9159,54.057],[13.9231,54.0435],[13.9231,54.0367],[13.9159,54.0333],[13.9087,54.0283],[13.9015,54.0198],[13.8979,54.0131],[13.8907,54.0097],[13.8547,54.0029],[13.8583,54.0165],[13.8655,54.0249],[13.8727,54.03],[13.8763,54.0367],[13.8727,54.0485],[13.8619,54.0502],[13.8547,54.0468],[13.8223,54.0384],[13.8079,54.0266],[13.7935,54.0181],[13.7755,54.0232],[13.7827,54.0418],[13.8079,54.0756],[13.8151,54.1009],[13.8079,54.1161],[13.7647,54.1414],[13.7539,54.1532],[13.7611,54.1651],[13.7791,54.1735],[13.7971,54.1786],[13.8151,54.1735],[13.8223,54.1634],[13.8439,54.1313],[13.8547,54.1178],[13.8835,54.1026],[13.9483,54.0806],[13.9879,54.0705],[14.0167,54.0604],[14.1931,53.9455],[14.2111,53.9388],[14.2255,53.9337],[14.2363,53.9286],[14.2687,53.9219],[14.3659,53.9168],[14.4055,53.9219],[14.4451,53.9337],[14.5171,53.9658],[14.7835,54.035],[15.0104,54.0705],[15.2876,54.138],[15.4676,54.1667],[15.6656,54.1988],[15.86,54.2495],[16.022,54.2613],[16.13,54.2833],[16.1192,54.2765],[16.0688,54.263],[16.0904,54.2545],[16.1804,54.263],[16.1804,54.2697],[16.1732,54.2697],[16.1732,54.2765],[16.22,54.2765],[16.22,54.2816],[16.2164,54.2816],[16.2128,54.2833],[16.2164,54.3001],[16.1912,54.3001],[16.1372,54.29],[16.1732,54.3001],[16.2128,54.3153],[16.274,54.3592],[16.2632,54.344],[16.2416,54.3305],[16.2308,54.3221],[16.2416,54.3238],[16.2596,54.3272],[16.274,54.3305],[16.2884,54.3407],[16.3244,54.3491],[16.3352,54.3592],[16.3244,54.3727],[16.3064,54.3727],[16.2956,54.3677],[16.2812,54.3592],[16.3244,54.4015],[16.4396,54.4876],[16.4396,54.4825],[16.436,54.4724],[16.4432,54.4707],[16.4612,54.4741],[16.472,54.4825],[16.4792,54.496],[16.4756,54.4994],[16.4612,54.496],[16.4468,54.4876],[16.4648,54.5129],[16.5008,54.5332],[16.5692,54.5568],[16.778,54.5754],[16.8608,54.5939],[16.904,54.5973],[16.94,54.6058],[17.0372,54.6666],[17.336,54.7493],[17.714,54.7898],[17.8868,54.8236],[18.1532,54.8388],[18.3152,54.8388],[18.3404,54.8337],[18.3764,54.8152],[18.3908,54.8118],[18.4088,54.8084],[18.7508,54.6902],[18.8156,54.6429],[18.8228,54.6328],[18.8336,54.6159],[18.8336,54.6024],[18.8192,54.5973],[18.812,54.6024],[18.8084,54.6091],[18.8012,54.6159],[18.7832,54.6243],[18.7724,54.6429],[18.7544,54.6547],[18.7076,54.702],[18.6968,54.7037],[18.6644,54.7088],[18.6536,54.7105],[18.6464,54.7189],[18.6176,54.7257],[18.5564,54.7493],[18.4988,54.7662],[18.488,54.7729],[18.4556,54.7881],[18.4484,54.7898],[18.434,54.7864],[18.4304,54.7814],[18.416,54.7527],[18.4124,54.7459],[18.4124,54.7324],[18.4196,54.729],[18.4412,54.7223],[18.4484,54.7189],[18.4592,54.7054],[18.4736,54.6868],[18.4736,54.6801],[18.47,54.6733],[18.47,54.6666],[18.4808,54.6598],[18.4772,54.6395],[18.488,54.6311],[18.506,54.6345],[18.524,54.6463],[18.5168,54.6294],[18.524,54.6159],[18.5384,54.6058],[18.5636,54.5602],[18.5708,54.55],[18.5672,54.5281],[18.5672,54.4876],[18.5744,54.4504],[18.5888,54.4335],[18.6032,54.4302],[18.6356,54.4166],[18.65,54.4133],[18.6644,54.4133],[18.6788,54.4099],[18.6932,54.4048],[18.7004,54.3964],[18.7184,54.3812],[18.8876,54.3508],[18.9236,54.3491],[18.956,54.3592],[18.9632,54.3542],[18.974,54.3491],[19.0028,54.3457],[19.3772,54.3778],[19.46,54.4015],[19.4996,54.4065],[19.532,54.415],[19.5932,54.4521],[19.6112,54.4572],[19.6256,54.4606],[19.6256,54.469],[19.7336,54.5264],[19.8308,54.5973],[19.8848,54.6564],[19.8884,54.6598],[19.892,54.6615],[19.8956,54.6615],[19.8992,54.6666],[19.9028,54.6716],[19.8992,54.6834],[19.8992,54.6868],[19.9064,54.6953],[19.9136,54.702],[19.9316,54.7189],[19.9568,54.7577],[19.9604,54.7729],[19.9604,54.7966],[19.9532,54.8168],[19.9244,54.8675],[19.9208,54.8759],[19.9208,54.8894],[19.9352,54.9165],[19.9424,54.935],[19.9568,54.9519],[19.9784,54.9637],[19.9964,54.9688],[20.0216,54.9519],[20.0324,54.9485],[20.0756,54.9536],[20.144,54.9519],[20.2052,54.9587],[20.3672,54.9469],[20.4068,54.9519],[20.4824,54.9756],[20.6336,55.0482],[20.81,55.1765],[20.8208,55.1816],[20.9252,55.2829],[21.0008,55.3572],[21.0404,55.4163],[21.0836,55.4973],[21.0944,55.5818],[21.098,55.5987],[21.0944,55.6037],[21.098,55.6122],[21.0908,55.6324],[21.0944,55.6949],[21.0836,55.7236],[21.116,55.7],[21.1304,55.6561],[21.134,55.5683],[21.1304,55.5564],[21.1232,55.5396],[21.1196,55.5277],[21.1196,55.4889],[21.1088,55.4737],[21.0944,55.4568],[21.0872,55.4416],[21.1052,55.4281],[21.1052,55.4214],[21.0908,55.4112],[21.0728,55.391],[21.0584,55.369],[21.0512,55.3487],[21.0368,55.3285],[20.99,55.2913],[20.99,55.2728],[20.99,55.2711],[20.9504,55.2542],[20.9396,55.2491],[20.9432,55.2457],[20.9432,55.2441],[20.936,55.2373],[20.9144,55.2339],[20.9036,55.2255],[20.9072,55.2187],[20.8964,55.217],[20.8892,55.212],[20.8892,55.2052],[20.8856,55.1985],[20.8784,55.1917],[20.8604,55.1816],[20.8532,55.1748],[20.8352,55.1529],[20.8244,55.1427],[20.774,55.114],[20.6876,55.0499],[20.558,54.9823],[20.5472,54.9773],[20.54,54.9773],[20.5328,54.9739],[20.5292,54.9654],[20.5328,54.9604],[20.54,54.9519],[20.5508,54.9452],[20.558,54.9401],[20.576,54.9384],[20.7632,54.9469],[20.8064,54.9401],[20.8604,54.9114],[20.9684,54.8996],[21.0404,54.9046],[21.0512,54.9097],[21.0548,54.9148],[21.0656,54.9097],[21.0764,54.903],[21.08,54.8996],[21.0908,54.9013],[21.098,54.9046],[21.1016,54.9097],[21.1052,54.9131],[21.1916,54.9266],[21.2312,54.9384],[21.242,54.9621],[21.2348,54.9806],[21.2204,55.0127],[21.1952,55.136],[21.1916,55.1427],[21.1916,55.1478],[21.1844,55.1681],[21.1808,55.1714],[21.1808,55.1934],[21.1844,55.2018],[21.188,55.2086],[21.2024,55.2137],[21.2096,55.212],[21.2168,55.2052],[21.224,55.2018],[21.2384,55.2001],[21.2492,55.2018],[21.26,55.2052],[21.2672,55.212],[21.2708,55.2204],[21.2744,55.2322],[21.2708,55.2441],[21.2672,55.2491],[21.2708,55.2542],[21.2636,55.2761],[21.2636,55.2846],[21.2708,55.288],[21.278,55.2863],[21.2852,55.2863],[21.2924,55.2964],[21.2888,55.3048],[21.2816,55.3167],[21.2744,55.3268],[21.2672,55.3319],[21.26,55.3369],[21.2564,55.3471],[21.2564,55.369],[21.2456,55.3707],[21.188,55.3386],[21.1844,55.3454],[21.1844,55.3487],[21.224,55.3994],[21.2312,55.4062],[21.2492,55.418],[21.2492,55.4416],[21.2348,55.4821],[21.224,55.5125],[21.224,55.521],[21.2168,55.5244],[21.2096,55.5294],[21.1988,55.5379],[21.1952,55.548],[21.1952,55.5598],[21.1988,55.5666],[21.1988,55.575],[21.1952,55.5851],[21.1592,55.6426],[21.1484,55.6594],[21.1484,55.678],[21.1412,55.6881],[21.098,55.7287],[21.0908,55.7354],[21.08,55.7388],[21.0728,55.7456],[21.0692,55.7692],[21.062,55.7895],[21.044,55.8739],[21.044,55.9178],[21.0476,55.9279],[21.0548,55.9431],[21.0584,55.9516],[21.0584,56.0377],[21.0548,56.0731],[21.0512,56.0782],[21.044,56.1154],[21.0296,56.1474],[20.9828,56.2099],[20.972,56.2319],[20.9684,56.2538],[20.972,56.2589],[20.9792,56.2791],[20.9828,56.291],[20.9828,56.3011],[20.9828,56.3112],[20.972,56.3501],[20.9684,56.3703],[20.972,56.3889],[20.9792,56.4041],[20.9936,56.4176],[20.9972,56.4261],[21.0044,56.4345],[21.0044,56.4463],[21.0044,56.4649],[21.0116,56.475],[21.0044,56.4919],[21.0008,56.5105],[21.008,56.5206],[21.026,56.5105],[21.0296,56.5004],[21.0368,56.4733],[21.044,56.4615],[21.0296,56.448],[21.0368,56.4446],[21.044,56.4429],[21.044,56.4277],[21.044,56.421],[21.0296,56.4075],[21.0548,56.3906],[21.062,56.3872],[21.0692,56.3889],[21.0764,56.3957],[21.08,56.4024],[21.0692,56.4244],[21.0656,56.4413],[21.0692,56.4581],[21.0728,56.47],[21.0692,56.4767],[21.062,56.4936],[21.0584,56.5037],[21.0512,56.5105],[21.0476,56.5155],[21.0296,56.524],[21.0188,56.5274],[21.0116,56.5274],[21.0044,56.5307],[20.9972,56.5375],[20.9936,56.5493],[20.9936,56.5527],[21.0008,56.5578],[21.0116,56.5983],[21.0476,56.6557],[21.0584,56.6895],[21.0656,56.7739],[21.062,56.7942],[21.0548,56.8127],[21.0512,56.8296],[21.0656,56.8465],[21.1484,56.8769],[21.1556,56.8853],[21.224,56.9073],[21.242,56.9191],[21.278,56.9495],[21.2888,56.9563],[21.2996,56.9596],[21.3284,56.9732],[21.3608,56.99],[21.3824,57.0086],[21.4004,57.0373],[21.4148,57.0728],[21.4148,57.1133],[21.4112,57.1251],[21.4004,57.1521],[21.404,57.1623],[21.4112,57.1758],[21.4148,57.1842],[21.4112,57.2501],[21.4148,57.2703],[21.422,57.2889],[21.4328,57.3058],[21.4508,57.3193],[21.4652,57.3261],[21.4796,57.3328],[21.5192,57.3869],[21.5876,57.4392],[21.6992,57.5557],[21.728,57.5743],[21.7712,57.5861],[21.9548,57.5929],[21.998,57.5996],[22.196,57.657],[22.484,57.7431],[22.5272,57.7499],[22.5488,57.7499],[22.5596,57.7533],[22.574,57.7567],[22.5848,57.76],[22.5992,57.7583],[22.61,57.755],[22.61,57.7533],[22.6064,57.7516],[22.5992,57.7431],[22.592,57.706],[22.5884,57.6655],[22.592,57.6452],[22.5992,57.63],[22.6568,57.5861],[22.88,57.4814],[22.952,57.4324],[23.0312,57.3953],[23.0816,57.3784],[23.1176,57.3733],[23.1284,57.37],[23.132,57.3632],[23.132,57.3531],[23.1392,57.343],[23.1608,57.3193],[23.1644,57.3142],[23.1752,57.2974],[23.1824,57.2771],[23.1896,57.2433],[23.2004,57.2248],[23.2148,57.2163],[23.222,57.2062],[23.2508,57.115],[23.2616,57.0981],[23.276,57.093],[23.294,57.0897],[23.3408,57.0593],[23.4236,57.0407],[23.51,57.0306],[23.5208,57.0255],[23.5712,56.9867],[23.5784,56.9816],[23.5856,56.9799],[23.6324,56.9715],[23.6936,56.9681],[23.8664,56.99],[23.9276,57.0069],[23.9528,57.0137],[23.9924,57.0306],[24.0104,57.0458],[24.0212,57.0593],[24.0356,57.0694],[24.0752,57.0745],[24.1148,57.088],[24.212,57.1234],[24.2192,57.1386],[24.2372,57.1488],[24.2624,57.1572],[24.2768,57.1606],[24.2804,57.1724],[24.2876,57.1792],[24.3128,57.1876],[24.3776,57.2298],[24.3992,57.2585],[24.41,57.2974],[24.4064,57.3446],[24.3812,57.4696],[24.3812,57.5067],[24.374,57.5287],[24.3632,57.5388],[24.3596,57.5506],[24.3632,57.576],[24.374,57.6131],[24.3632,57.6722],[24.356,57.6857],[24.3128,57.7246],[24.2984,57.7431],[24.2984,57.7617],[24.2876,57.809],[24.2876,57.8326],[24.2876,57.8445],[24.2948,57.858],[24.3056,57.8681],[24.3164,57.8765],[24.3236,57.8867],[24.3272,57.8985],[24.3308,57.9103],[24.3344,57.9221],[24.3812,57.9846],[24.3992,58.0234],[24.446,58.0538],[24.464,58.0724],[24.464,58.1214],[24.4712,58.1416],[24.4712,58.1552],[24.4676,58.1653],[24.4604,58.1737],[24.4568,58.1856],[24.4532,58.1957],[24.4676,58.2176],[24.4676,58.2295],[24.4676,58.2396],[24.4712,58.2514],[24.4928,58.2649],[24.5216,58.2767],[24.5468,58.2886],[24.5612,58.3122],[24.5504,58.3341],[24.5288,58.351],[24.4424,58.3865],[24.4028,58.3949],[24.3632,58.3966],[24.3272,58.3882],[24.3164,58.3797],[24.3056,58.3679],[24.2948,58.3544],[24.2912,58.3426],[24.2912,58.3274],[24.2876,58.319],[24.2552,58.2902],[24.2444,58.2801],[24.23,58.2734],[24.212,58.2717],[24.1724,58.2767],[24.1544,58.2767],[24.14,58.2683],[24.122,58.2447],[24.1112,58.2413],[24.0932,58.2447],[24.0824,58.2514],[24.0536,58.2784],[24.0068,58.3004],[23.9816,58.319],[23.9132,58.3341],[23.8736,58.3358],[23.8556,58.3392],[23.8484,58.3426],[23.8376,58.351],[23.834,58.3544],[23.8232,58.3544],[23.8196,58.351],[23.8124,58.3477],[23.8052,58.346],[23.798,58.3493],[23.7872,58.3527],[23.7764,58.3544],[23.7692,58.351],[23.762,58.3443],[23.7548,58.3392],[23.7476,58.3392],[23.7404,58.3426],[23.7332,58.351],[23.7296,58.3629],[23.726,58.3747],[23.7224,58.3848],[23.7188,58.4],[23.708,58.4068],[23.6936,58.4135],[23.6828,58.422],[23.6756,58.4355],[23.6792,58.4456],[23.6828,58.4692],[23.6828,58.4996],[23.6792,58.525],[23.6648,58.5368],[23.636,58.5283],[23.6216,58.5283],[23.6036,58.5368],[23.5856,58.5452],[23.5748,58.552],[23.5676,58.5655],[23.564,58.5773],[23.5604,58.5824],[23.546,58.5807],[23.5316,58.5705],[23.5244,58.5587],[23.5172,58.5554],[23.5028,58.5621],[23.4992,58.5722],[23.5028,58.5824],[23.5136,58.5942],[23.5172,58.6043],[23.5136,58.6229],[23.4992,58.6465],[23.492,58.6736],[23.4992,58.6972],[23.5064,58.7056],[23.5136,58.7073],[23.5352,58.7023],[23.5424,58.7056],[23.546,58.709],[23.546,58.7141],[23.5316,58.7225],[23.528,58.736],[23.5316,58.7478],[23.546,58.7478],[23.5856,58.7377],[23.6216,58.7411],[23.6576,58.7495],[23.6972,58.7512],[23.7152,58.7478],[23.7548,58.7343],[23.7728,58.731],[23.8016,58.731],[23.8052,58.7343],[23.8052,58.7411],[23.8052,58.7478],[23.798,58.7512],[23.7836,58.7563],[23.78,58.7664],[23.7872,58.7782],[23.798,58.785],[23.816,58.785],[23.8556,58.7732],[23.8736,58.7715],[23.8484,58.7884],[23.816,58.8002],[23.7836,58.8002],[23.7584,58.785],[23.7404,58.7985],[23.7188,58.7985],[23.6756,58.7918],[23.6036,58.7951],[23.582,58.7918],[23.5604,58.785],[23.5496,58.7816],[23.5424,58.7749],[23.5352,58.7749],[23.5064,58.7799],[23.4848,58.7766],[23.4308,58.7647],[23.4668,58.8002],[23.4848,58.8103],[23.5172,58.812],[23.5244,58.8205],[23.4632,58.8644],[23.456,58.8829],[23.4236,58.9083],[23.4236,58.9285],[23.4452,58.9437],[23.51,58.942],[23.5316,58.9572],[23.5496,58.9505],[23.5676,58.9505],[23.5856,58.9539],[23.618,58.9674],[23.6252,58.9724],[23.6288,58.9792],[23.6288,58.991],[23.6216,59.0146],[23.6072,59.0332],[23.582,59.045],[23.5604,59.0535],[23.5712,59.04],[23.6036,59.0248],[23.6144,59.0113],[23.6072,59.0079],[23.5892,59.0079],[23.582,59.0045],[23.5604,58.991],[23.5568,58.9876],[23.5568,58.9826],[23.5532,58.9707],[23.5424,58.9691],[23.5388,58.9741],[23.5316,58.9809],[23.5244,58.9842],[23.4596,58.9927],[23.4344,59.0045],[23.4092,59.0248],[23.4164,59.0248],[23.4308,59.0265],[23.438,59.0248],[23.4308,59.0433],[23.4344,59.0569],[23.4812,59.0839],[23.492,59.0889],[23.5028,59.0856],[23.5172,59.0737],[23.5208,59.1244],[23.4848,59.1734],[23.4704,59.2122],[23.5244,59.2308],[23.5352,59.2291],[23.5568,59.2257],[23.5712,59.224],[23.5784,59.2257],[23.5928,59.2358],[23.6144,59.2426],[23.6288,59.2494],[23.6432,59.2578],[23.6612,59.2578],[23.7152,59.2325],[23.7188,59.2308],[23.7296,59.2308],[23.7404,59.2392],[23.744,59.2494],[23.7368,59.2595],[23.7224,59.2646],[23.7332,59.2781],[23.7584,59.2831],[23.8448,59.2848],[23.888,59.2781],[23.9348,59.2798],[23.9888,59.2916],[24.0392,59.2933],[24.0788,59.2713],[24.1004,59.2949],[24.0932,59.3118],[24.0284,59.3574],[24.0176,59.3676],[24.0212,59.3777],[24.0356,59.3878],[24.0464,59.3946],[24.0644,59.398],[24.0788,59.3963],[24.1076,59.3844],[24.1652,59.354],[24.194,59.3473],[24.2228,59.3557],[24.212,59.3726],[24.1868,59.3912],[24.1616,59.403],[24.1832,59.4081],[24.2696,59.4115],[24.3056,59.4199],[24.3164,59.4317],[24.3308,59.4638],[24.3344,59.4706],[24.3992,59.479],[24.4208,59.4773],[24.4424,59.4706],[24.4784,59.4486],[24.5,59.4435],[24.518,59.4486],[24.5324,59.4571],[24.5468,59.4621],[24.5684,59.4604],[24.626,59.4385],[24.644,59.4368],[24.662,59.4402],[24.6548,59.4503],[24.6404,59.4587],[24.6224,59.4638],[24.6224,59.4706],[24.6476,59.4689],[24.6584,59.4722],[24.662,59.4807],[24.6656,59.4925],[24.6764,59.4959],[24.6872,59.4959],[24.698,59.4908],[24.716,59.4756],[24.7268,59.4587],[24.7448,59.4469],[24.7736,59.4503],[24.7844,59.4554],[24.7916,59.4587],[24.8132,59.4841],[24.8168,59.4891],[24.806,59.5043],[24.7988,59.5111],[24.7916,59.5145],[24.7844,59.5195],[24.7808,59.5297],[24.7808,59.5381],[24.7772,59.5449],[24.7772,59.5516],[24.7736,59.5601],[24.8024,59.5702],[24.842,59.555],[24.9104,59.5111],[24.9356,59.5077],[25.0113,59.5178],[25.0365,59.5145],[25.0761,59.501],[25.0977,59.4976],[25.1157,59.5026],[25.1085,59.5297],[25.1229,59.5398],[25.1445,59.5398],[25.1949,59.5229],[25.4073,59.4908],[25.4109,59.4908],[25.4037,59.5145],[25.4145,59.5263],[25.4397,59.5313],[25.5333,59.5313],[25.5441,59.5347],[25.5441,59.5415],[25.5369,59.5499],[25.5261,59.5533],[25.4973,59.5702],[25.4829,59.6107],[25.4793,59.6512],[25.4865,59.6698],[25.5009,59.6631],[25.5369,59.6293],[25.5549,59.6208],[25.5765,59.6175],[25.5909,59.6056],[25.6233,59.5803],[25.6449,59.5719],[25.6773,59.5668],[25.7061,59.5685],[25.7169,59.5871],[25.7097,59.604],[25.6953,59.6158],[25.6845,59.6293],[25.6917,59.6495],[25.6845,59.6495],[25.6737,59.6546],[25.6701,59.6563],[25.6953,59.6715],[25.7241,59.6664],[25.7817,59.636],[25.7745,59.6276],[25.7853,59.6158],[25.7925,59.5904],[25.8069,59.5803],[25.8249,59.5753],[25.8357,59.5769],[25.8429,59.5769],[25.8609,59.5854],[25.8753,59.6006],[25.8681,59.6073],[25.8825,59.631],[25.9041,59.6242],[25.9257,59.6056],[25.9437,59.5955],[25.9653,59.5972],[25.9653,59.604],[25.9617,59.6124],[25.9653,59.6208],[25.9761,59.631],[25.9869,59.6344],[26.0013,59.6327],[26.0373,59.6225],[26.0733,59.604],[26.0769,59.6006],[26.0805,59.5955],[26.0805,59.5871],[26.0913,59.5854],[26.2785,59.5871],[26.3001,59.5837],[26.3397,59.5702],[26.4009,59.5634],[26.4585,59.5465],[26.4981,59.5398],[26.5197,59.5398],[26.5377,59.5432],[26.5701,59.5567],[26.5845,59.5601],[26.6277,59.5584],[26.6637,59.5516],[26.7033,59.5415],[26.7393,59.5263],[26.7825,59.5026],[26.8257,59.4773],[26.8761,59.4672],[26.9193,59.4537],[26.9373,59.4503],[27.1173,59.4419],[27.2757,59.4469],[27.4089,59.452],[27.5637,59.4317],[27.7185,59.4267],[27.8733,59.4081],[27.9165,59.4148],[27.9525,59.4283],[27.9849,59.4469],[28.0173,59.4824],[28.0569,59.528],[28.0713,59.5786],[28.0533,59.6242],[28.0173,59.6597],[27.9993,59.6816],[27.9921,59.7036],[27.9957,59.7154],[28.0065,59.7424],[28.0065,59.7576],[28.0569,59.7897],[28.0857,59.7998],[28.1253,59.7931],[28.1613,59.7762],[28.1865,59.7593],[28.2009,59.7357],[28.2081,59.7103],[28.2225,59.6918],[28.3341,59.6681],[28.3737,59.6664],[28.4061,59.6833],[28.4169,59.7086],[28.4205,59.7357],[28.4169,59.7897],[28.4277,59.8133],[28.4493,59.8353],[28.4745,59.8522],[28.4997,59.8606],[28.5177,59.8623],[28.5357,59.8589],[28.5537,59.8539],[28.5825,59.8336],[28.6185,59.8285],[28.6473,59.8201],[28.6689,59.8167],[28.6797,59.8133],[28.6833,59.8083],[28.6941,59.7965],[28.6977,59.7931],[28.7193,59.7863],[28.7337,59.7897],[28.7661,59.7998],[28.7841,59.7998],[28.8129,59.7897],[28.8309,59.7863],[28.8453,59.7897],[28.8849,59.8167],[28.8957,59.8184],[28.9209,59.8133],[28.9317,59.8167],[28.9605,59.8268],[28.9677,59.8268],[28.9749,59.8319],[29.0109,59.8572],[29.0361,59.8859],[29.0325,59.9011],[28.9785,59.9299],[29.0073,59.9282],[29.0145,59.9299],[29.0397,59.9434],[29.0901,59.9805],[29.1189,59.994],[29.1621,60.0025],[29.2665,59.9974],[29.5005,59.9687],[29.8029,59.94],[29.8641,59.918],[30.1161,59.8708],[30.1629,59.8691],[30.1917,59.8809],[30.2169,59.9079],[30.2241,59.9332],[30.2061,59.9434],[30.2169,59.9586],[30.2349,59.967],[30.2457,59.9754],[30.2349,59.9906],[30.2097,60.0008],[30.0009,60.0126],[29.9469,60.0295],[29.9325,60.0666],[29.9253,60.0666],[29.9109,60.0751],[29.8965,60.0869],[29.8893,60.1004],[29.8929,60.1139],[29.9001,60.1224],[29.9001,60.1342],[29.8857,60.1494],[29.8497,60.1663],[29.7021,60.2],[29.5257,60.2017],[29.4573,60.1781],[29.4177,60.1696],[29.2557,60.1764],[29.0937,60.1781],[29.0505,60.1848],[29.0145,60.1966],[28.9857,60.2169],[28.9461,60.2642],[28.9209,60.2794],[28.8885,60.2861],[28.8597,60.2946],[28.8417,60.3165],[28.8309,60.3419],[28.8165,60.3604],[28.7985,60.3689],[28.7949,60.3604],[28.7949,60.3486],[28.7877,60.3419],[28.7481,60.3419],[28.7229,60.3452],[28.7085,60.352],[28.6941,60.3621],[28.6293,60.3756],[28.6185,60.3824],[28.6077,60.3891],[28.5177,60.4888],[28.4529,60.5394],[28.4385,60.5597],[28.4529,60.5648],[28.4745,60.5664],[28.4925,60.5648],[28.5069,60.5597],[28.5141,60.5512],[28.5177,60.5327],[28.5249,60.5225],[28.5429,60.5107],[28.6185,60.4888],[28.6581,60.4634],[28.6833,60.4567],[28.7013,60.4618],[28.7085,60.4786],[28.6977,60.5006],[28.6869,60.5175],[28.6617,60.5344],[28.6617,60.5546],[28.6617,60.5783],[28.6581,60.5935],[28.6653,60.6137],[28.6869,60.6154],[28.6761,60.6289],[28.6509,60.6559],[28.6437,60.6694],[28.6545,60.6813],[28.6761,60.6796],[28.6977,60.6728],[28.7121,60.6694],[28.7337,60.6931],[28.7229,60.7218],[28.6905,60.7387],[28.6545,60.7285],[28.6365,60.7167],[28.6041,60.6998],[28.5861,60.6863],[28.5753,60.683],[28.5213,60.6846],[28.5069,60.6813],[28.4889,60.6728],[28.4745,60.6694],[28.4241,60.6711],[28.3989,60.6661],[28.3917,60.6458],[28.3845,60.6239],[28.3629,60.6239],[28.3413,60.6272],[28.3233,60.6205],[28.3305,60.6154],[28.3377,60.6103],[28.3413,60.6019],[28.3449,60.5935],[28.3341,60.5985],[28.3197,60.6019],[28.3053,60.6019],[28.2945,60.6019],[28.2873,60.5985],[28.2837,60.5952],[28.2801,60.5918],[28.2585,60.58],[28.2369,60.5597],[28.2153,60.5479],[28.2117,60.5462],[28.1901,60.5479],[28.1685,60.5512],[28.1577,60.5529],[28.1505,60.5496],[28.1505,60.5428],[28.1469,60.5361],[28.1361,60.5327],[28.1253,60.5344],[28.1073,60.5377],[28.0965,60.5394],[28.0785,60.5377],[28.0497,60.5276],[28.0353,60.5259],[27.9021,60.5293],[27.8697,60.5411],[27.8625,60.5681],[27.8445,60.558],[27.8301,60.5411],[27.8157,60.5276],[27.7941,60.5327],[27.7977,60.5377],[27.8085,60.5529],[27.7905,60.5614],[27.7761,60.5732],[27.7617,60.58],[27.7401,60.5749],[27.7437,60.5715],[27.7509,60.5631],[27.7545,60.5597],[27.7365,60.5563],[27.7329,60.5445],[27.7401,60.531],[27.7545,60.5192],[27.7365,60.5141],[27.7329,60.5124],[27.7473,60.5057],[27.7545,60.5057],[27.7185,60.4888],[27.7041,60.4854],[27.6357,60.4921],[27.6465,60.504],[27.6753,60.5107],[27.6933,60.5192],[27.6501,60.5225],[27.6321,60.5209],[27.6177,60.5124],[27.6069,60.5006],[27.6105,60.4921],[27.6177,60.4837],[27.6285,60.4719],[27.5925,60.477],[27.5097,60.5141],[27.4737,60.5057],[27.4809,60.504],[27.4881,60.5023],[27.4917,60.4921],[27.4881,60.4888],[27.4773,60.482],[27.4737,60.4786],[27.4845,60.4753],[27.4917,60.4702],[27.5025,60.4651],[27.5061,60.4567],[27.4557,60.4634],[27.3693,60.4972],[27.3261,60.5057],[27.2505,60.5073],[27.2325,60.5124],[27.2325,60.5259],[27.2577,60.5293],[27.3081,60.5259],[27.2865,60.5361],[27.2109,60.5597],[27.2289,60.58],[27.2145,60.585],[27.1929,60.58],[27.1785,60.5681],[27.1821,60.5529],[27.1965,60.5377],[27.2001,60.5225],[27.1785,60.5124],[27.1749,60.5259],[27.1713,60.5293],[27.1497,60.5259],[27.1389,60.5293],[27.1245,60.5428],[27.1137,60.5462],[27.1065,60.5428],[27.0957,60.5293],[27.0885,60.5259],[27.0777,60.5293],[27.0633,60.5428],[27.0561,60.5462],[27.0453,60.5462],[27.0345,60.5411],[27.0237,60.5361],[27.0237,60.5293],[27.0273,60.5192],[27.0201,60.5141],[27.0129,60.509],[26.9985,60.4888],[26.9769,60.4837],[26.9301,60.4854],[26.9553,60.4685],[26.9661,60.4584],[26.9625,60.4466],[26.9553,60.4499],[26.9229,60.4668],[26.9157,60.4753],[26.8221,60.4584],[26.7933,60.4567],[26.8005,60.4634],[26.8077,60.4702],[26.8149,60.4854],[26.7969,60.4854],[26.7753,60.482],[26.7573,60.477],[26.7429,60.4685],[26.7393,60.4601],[26.7393,60.4432],[26.7393,60.4364],[26.7321,60.433],[26.7105,60.4263],[26.6997,60.4195],[26.6889,60.4179],[26.6709,60.428],[26.6493,60.4415],[26.6349,60.4499],[26.6169,60.4533],[26.5953,60.4516],[26.5773,60.4466],[26.5737,60.4364],[26.5521,60.433],[26.5269,60.4398],[26.5017,60.4533],[26.4837,60.4685],[26.4765,60.4871],[26.4909,60.4989],[26.5161,60.5057],[26.5377,60.5158],[26.5629,60.5428],[26.5665,60.5496],[26.5629,60.5732],[26.5665,60.5816],[26.5809,60.5918],[26.6241,60.6103],[26.6673,60.607],[26.7537,60.5749],[26.7321,60.612],[26.6997,60.6407],[26.6601,60.6526],[26.6169,60.6424],[26.5917,60.6289],[26.5521,60.5918],[26.4657,60.5073],[26.4549,60.4753],[26.4873,60.4432],[26.4693,60.428],[26.4621,60.4212],[26.4513,60.4162],[26.4225,60.4162],[26.4153,60.4111],[26.4225,60.3959],[26.4117,60.3976],[26.4009,60.4027],[26.3829,60.4162],[26.3829,60.4043],[26.3829,60.3993],[26.3757,60.3959],[26.3613,60.3959],[26.3505,60.3925],[26.3505,60.3858],[26.3469,60.379],[26.3433,60.3756],[26.3253,60.3824],[26.3109,60.3993],[26.3001,60.4162],[26.2893,60.4229],[26.2785,60.4297],[26.2641,60.4415],[26.2461,60.4516],[26.2317,60.4499],[26.2281,60.4381],[26.2425,60.4246],[26.2749,60.4027],[26.1777,60.4111],[26.1705,60.4094],[26.1525,60.3993],[26.1417,60.3959],[26.1345,60.4027],[26.0949,60.4229],[26.0625,60.433],[26.0481,60.4381],[26.0121,60.4618],[25.9797,60.4753],[25.9473,60.4837],[25.9185,60.4854],[25.9185,60.4786],[25.9725,60.4651],[25.9833,60.4584],[26.0049,60.4398],[26.0301,60.433],[26.0373,60.4246],[26.0409,60.4145],[26.0409,60.406],[26.0337,60.401],[26.0157,60.401],[26.0085,60.401],[26.0121,60.3891],[26.0229,60.3807],[26.0589,60.3689],[26.0805,60.3503],[26.0877,60.3436],[26.1021,60.3419],[26.1093,60.3351],[26.1057,60.3233],[26.0985,60.3115],[26.0913,60.3064],[26.0409,60.2997],[26.0373,60.3233],[25.9977,60.3554],[26.0049,60.3689],[25.9941,60.3672],[25.9833,60.3638],[25.9761,60.3571],[25.9689,60.3554],[25.9581,60.3554],[25.9473,60.3588],[25.8897,60.3891],[25.8681,60.3976],[25.8429,60.4027],[25.8789,60.3773],[25.9005,60.3672],[25.9185,60.3604],[25.9077,60.3402],[25.8861,60.3199],[25.8825,60.3064],[25.8933,60.2912],[25.9221,60.2659],[25.9293,60.2456],[25.9077,60.2456],[25.8933,60.249],[25.8825,60.2557],[25.8681,60.2659],[25.8753,60.2726],[25.8609,60.2845],[25.8429,60.2878],[25.8213,60.2895],[25.7997,60.2929],[25.7709,60.3148],[25.7529,60.3199],[25.7385,60.3132],[25.7457,60.2963],[25.7817,60.2828],[25.8501,60.2659],[25.7817,60.2507],[25.7817,60.2456],[25.7637,60.2406],[25.7349,60.2473],[25.6557,60.2929],[25.6485,60.2997],[25.6521,60.3132],[25.6593,60.3233],[25.6701,60.3267],[25.6485,60.3334],[25.6485,60.3419],[25.7061,60.3419],[25.6917,60.3621],[25.6701,60.3638],[25.6449,60.3571],[25.6305,60.3469],[25.6017,60.3385],[25.5261,60.3267],[25.5261,60.3216],[25.5405,60.3165],[25.5477,60.3064],[25.5441,60.2929],[25.5405,60.2794],[25.5369,60.276],[25.5297,60.2743],[25.5225,60.2709],[25.5153,60.2541],[25.5117,60.249],[25.5045,60.2456],[25.3605,60.2456],[25.3641,60.2608],[25.3497,60.2676],[25.3137,60.2726],[25.3173,60.2676],[25.3209,60.2557],[25.3209,60.2507],[25.2921,60.2456],[25.1985,60.2456],[25.1913,60.2439],[25.1913,60.2406],[25.1913,60.2287],[25.1913,60.227],[25.1841,60.2237],[25.1733,60.2254],[25.1553,60.2321],[25.1553,60.2237],[25.1913,60.2118],[25.2057,60.2051],[25.1949,60.2],[25.1805,60.2],[25.1985,60.1899],[25.1769,60.1831],[25.1157,60.1764],[25.0941,60.1764],[25.0977,60.1831],[25.0977,60.1865],[25.1013,60.1899],[25.0581,60.1781],[25.0473,60.1696],[25.0689,60.1629],[25.0617,60.1561],[25.0437,60.1561],[25.0293,60.1477],[25.0113,60.1511],[24.9968,60.1629],[25.0113,60.1696],[25.0221,60.1848],[25.0257,60.2],[25.0185,60.2118],[25.0005,60.2135],[24.986,60.2],[24.9608,60.1511],[24.95,60.1443],[24.8672,60.1409],[24.8456,60.1443],[24.8348,60.1561],[24.8708,60.1612],[24.8672,60.1798],[24.842,60.195],[24.806,60.1899],[24.8276,60.1629],[24.8132,60.1578],[24.7844,60.146],[24.7736,60.1426],[24.7196,60.1392],[24.6872,60.1325],[24.68,60.1308],[24.6728,60.1257],[24.6728,60.119],[24.6764,60.1055],[24.6692,60.1004],[24.6548,60.1004],[24.6512,60.1088],[24.6476,60.1207],[24.644,60.1291],[24.6296,60.1359],[24.5684,60.1544],[24.554,60.1561],[24.5504,60.1527],[24.5612,60.1426],[24.5756,60.1359],[24.59,60.1325],[24.5972,60.1274],[24.5864,60.1156],[24.5756,60.1072],[24.5612,60.1038],[24.5468,60.1004],[24.5396,60.0869],[24.608,60.1004],[24.6044,60.092],[24.5936,60.0852],[24.5756,60.0734],[24.5936,60.0666],[24.5936,60.0599],[24.5252,60.0345],[24.4892,60.0058],[24.4676,59.9957],[24.446,59.9923],[24.4172,59.9906],[24.4244,60.0058],[24.4532,60.0379],[24.464,60.0464],[24.446,60.0481],[24.4208,60.0362],[24.374,60.0042],[24.3668,60.0227],[24.3488,60.016],[24.3308,60.0042],[24.3128,59.9974],[24.32,60.0143],[24.3308,60.021],[24.3452,60.0261],[24.356,60.0362],[24.3596,60.043],[24.3596,60.0514],[24.3596,60.0616],[24.3668,60.0734],[24.32,60.0751],[24.2948,60.0717],[24.2768,60.0599],[24.2912,60.0531],[24.2624,60.0413],[24.2516,60.0396],[24.2372,60.0396],[24.2048,60.0464],[24.176,60.0481],[24.158,60.043],[24.158,60.0345],[24.1832,60.0261],[24.1652,60.0193],[24.1472,60.0227],[24.1328,60.0278],[24.1148,60.0329],[24.1076,60.0312],[24.068,60.021],[24.0572,60.021],[24.0464,60.0261],[24.0284,60.0092],[24.0104,60.0109],[24.0032,60.021],[24.0176,60.0329],[24.0176,60.0396],[23.9996,60.0379],[23.9888,60.0312],[23.9816,60.0227],[23.9708,60.0126],[23.9564,60.0042],[23.942,59.9991],[23.8736,59.9923],[23.798,59.9569],[23.7728,59.9687],[23.6072,59.9569],[23.5928,59.9619],[23.582,59.9738],[23.5748,59.9771],[23.5604,59.9771],[23.4956,59.9687],[23.4524,59.9569],[23.4308,59.9569],[23.4416,59.9721],[23.4848,60.0109],[23.4992,60.0193],[23.528,60.0244],[23.5424,60.0295],[23.5424,60.0362],[23.5352,60.0447],[23.5352,60.0531],[23.5388,60.0633],[23.546,60.0734],[23.51,60.0666],[23.4992,60.0633],[23.492,60.0548],[23.4848,60.0447],[23.4776,60.0362],[23.4632,60.0329],[23.4524,60.0278],[23.4488,60.0177],[23.4452,60.0058],[23.438,59.994],[23.4308,59.989],[23.4092,59.9805],[23.3984,59.9738],[23.366,59.9451],[23.3264,59.9231],[23.2364,59.8978],[23.222,59.8859],[23.222,59.8674],[23.2328,59.8522],[23.2508,59.8488],[23.2508,59.8404],[23.0816,59.8268],[23.0672,59.8201],[23.006,59.8268],[22.9844,59.8235],[22.9664,59.8184],[22.9052,59.8117],[22.8872,59.8133],[22.9052,59.8201],[22.9304,59.842],[22.9448,59.8488],[22.988,59.8522],[23.1284,59.8859],[23.168,59.8893],[23.1608,59.9096],[23.1644,59.918],[23.1788,59.918],[23.1896,59.9163],[23.222,59.9163],[23.2472,59.9231],[23.2688,59.9366],[23.294,59.9586],[23.3084,59.9788],[23.3264,60.0092],[23.3336,60.0295],[23.3156,60.0227],[23.2508,59.9484],[23.222,59.9299],[23.204,59.9299],[23.204,59.9332],[23.2076,59.94],[23.2112,59.9434],[23.2004,59.9484],[23.1896,59.9501],[23.1788,59.9484],[23.168,59.9434],[23.1716,59.9366],[23.132,59.9434],[23.1212,59.9332],[23.1176,59.9231],[23.1104,59.9231],[23.1032,59.9299],[23.0996,59.94],[23.1104,59.9704],[23.1104,59.9738],[23.1284,59.9839],[23.204,59.9974],[23.2184,60.0075],[23.24,60.0329],[23.258,60.0396],[23.204,60.0497],[23.1068,60.0396],[23.06,60.0396],[23.0348,60.0447],[23.0132,60.0514],[22.9952,60.0616],[22.9916,60.0768],[22.9988,60.0903],[23.0132,60.1021],[23.0456,60.1224],[23.024,60.1359],[23.0204,60.1291],[23.0096,60.1122],[23.006,60.1072],[22.9952,60.1038],[22.9772,60.0987],[22.97,60.0936],[22.97,60.1105],[22.9592,60.1224],[22.9412,60.1274],[22.9088,60.1325],[22.8872,60.1443],[22.8764,60.1494],[22.8836,60.1595],[22.8872,60.1696],[22.88,60.1781],[22.8656,60.1831],[22.9232,60.2304],[22.9412,60.2456],[23.006,60.2777],[23.024,60.2929],[23.0312,60.303],[23.0384,60.3199],[23.0456,60.3267],[23.0708,60.3385],[23.0816,60.3452],[23.0816,60.3554],[23.06,60.3571],[23.0348,60.3436],[23.0096,60.3233],[22.9988,60.3064],[22.9412,60.3165],[22.8764,60.3013],[22.736,60.2389],[22.61,60.2203],[22.5524,60.2051],[22.5236,60.2051],[22.538,60.2135],[22.592,60.2321],[22.574,60.2355],[22.5704,60.2422],[22.592,60.2625],[22.6028,60.2676],[22.6496,60.2794],[22.5992,60.276],[22.574,60.2709],[22.5272,60.2524],[22.502,60.2473],[22.448,60.2456],[22.4588,60.2524],[22.4588,60.2591],[22.4588,60.2642],[22.4624,60.2726],[22.4696,60.2777],[22.4876,60.2845],[22.5092,60.3013],[22.5416,60.3182],[22.5452,60.3334],[22.5956,60.3638],[22.628,60.3756],[22.6316,60.3891],[22.6244,60.3993],[22.5812,60.3756],[22.5452,60.3723],[22.4624,60.3756],[22.484,60.4027],[22.3256,60.3824],[22.2932,60.3824],[22.2788,60.3858],[22.25,60.4043],[22.1816,60.4297],[22.16,60.4347],[22.1168,60.4364],[22.1096,60.4449],[22.1096,60.4567],[22.1024,60.4618],[22.0844,60.4466],[22.0628,60.4364],[22.0484,60.4381],[22.0196,60.4567],[22.016,60.4601],[22.0196,60.4685],[22.0196,60.4719],[22.0124,60.4719],[22.0016,60.4702],[21.998,60.4719],[21.9908,60.4753],[21.9836,60.477],[21.98,60.4803],[21.9836,60.4921],[21.9368,60.4921],[21.9404,60.4989],[21.944,60.5124],[21.9512,60.5192],[21.9332,60.5242],[21.9044,60.5293],[21.8756,60.5293],[21.854,60.5259],[21.8432,60.5158],[21.8468,60.504],[21.8756,60.4786],[21.8288,60.4854],[21.8072,60.4854],[21.7856,60.4786],[21.7892,60.4955],[21.8036,60.5259],[21.8072,60.5462],[21.8036,60.5614],[21.8072,60.5749],[21.818,60.585],[21.8468,60.5884],[21.8324,60.5968],[21.8288,60.607],[21.8324,60.6171],[21.8396,60.6289],[21.7748,60.6036],[21.7532,60.5918],[21.7316,60.5816],[21.6776,60.5766],[21.6632,60.5681],[21.6596,60.5597],[21.6704,60.5445],[21.6632,60.5361],[21.6596,60.531],[21.656,60.5259],[21.656,60.5192],[21.656,60.509],[21.6416,60.4955],[21.6128,60.4888],[21.5804,60.4871],[21.5588,60.4921],[21.584,60.5057],[21.5696,60.5259],[21.5192,60.5681],[21.5336,60.5681],[21.5804,60.5597],[21.5804,60.5681],[21.5552,60.5715],[21.4868,60.5749],[21.4544,60.5681],[21.4436,60.5681],[21.4328,60.5698],[21.4184,60.5783],[21.4076,60.58],[21.4076,60.5884],[21.4148,60.5884],[21.4184,60.5901],[21.4292,60.5935],[21.4148,60.6087],[21.4436,60.6019],[21.4616,60.6019],[21.4688,60.6087],[21.422,60.6289],[21.4004,60.634],[21.3788,60.6475],[21.3644,60.6627],[21.3536,60.6762],[21.3536,60.6813],[21.3572,60.683],[21.3572,60.6846],[21.3536,60.6897],[21.4256,60.6796],[21.44,60.6796],[21.4472,60.6931],[21.44,60.7032],[21.4328,60.7134],[21.422,60.7252],[21.4688,60.7252],[21.4688,60.7319],[21.4472,60.7319],[21.4256,60.737],[21.4076,60.7437],[21.386,60.7522],[21.404,60.7589],[21.4112,60.7589],[21.422,60.7589],[21.4004,60.7741],[21.386,60.7792],[21.3752,60.7792],[21.3824,60.7927],[21.3752,60.8079],[21.3608,60.8164],[21.3464,60.813],[21.3392,60.8164],[21.332,60.8214],[21.3284,60.8282],[21.3248,60.8349],[21.3356,60.8451],[21.3176,60.8653],[21.332,60.8687],[21.3824,60.8636],[21.4076,60.8653],[21.4292,60.8755],[21.4184,60.8805],[21.4076,60.8822],[21.3824,60.8822],[21.3752,60.8839],[21.3536,60.9025],[21.3644,60.9042],[21.3824,60.9143],[21.3896,60.916],[21.4004,60.9143],[21.4076,60.9075],[21.4148,60.9025],[21.4292,60.9025],[21.422,60.9126],[21.4184,60.9244],[21.4112,60.9329],[21.404,60.9379],[21.3932,60.9396],[21.3896,60.943],[21.386,60.9498],[21.3788,60.9582],[21.3392,61],[17.1814,61],[17.1668,60.992],[17.1596,60.965],[17.156,60.9531],[17.1596,60.9481],[17.1812,60.9379],[17.1992,60.9362],[17.2064,60.9346],[17.2028,60.921],[17.2064,60.9143],[17.2136,60.9025],[17.2172,60.8991],[17.2316,60.9042],[17.2424,60.9025],[17.246,60.8974],[17.282,60.8417],[17.2748,60.84],[17.264,60.8366],[17.2568,60.8332],[17.2568,60.8282],[17.2604,60.8164],[17.2676,60.8147],[17.2748,60.818],[17.282,60.813],[17.2856,60.7995],[17.282,60.7893],[17.282,60.7809],[17.2964,60.7725],[17.3144,60.7691],[17.3324,60.7708],[17.336,60.7674],[17.3252,60.7522],[17.3108,60.7454],[17.2784,60.737],[17.2532,60.7201],[17.2136,60.7066],[17.192,60.7015],[17.1848,60.6965],[17.1884,60.6931],[17.192,60.6897],[17.2064,60.6914],[17.228,60.6965],[17.2388,60.6982],[17.2568,60.6948],[17.2784,60.6796],[17.3108,60.6728],[17.3648,60.6492],[17.3252,60.6357],[17.3252,60.6289],[17.3396,60.6222],[17.3612,60.6222],[17.3756,60.6239],[17.3792,60.6239],[17.3972,60.6323],[17.4152,60.6374],[17.5484,60.6492],[17.5736,60.6475],[17.5952,60.6391],[17.6096,60.6306],[17.6456,60.6188],[17.66,60.6087],[17.6456,60.6002],[17.6096,60.5884],[17.6024,60.5833],[17.606,60.5698],[17.6204,60.5479],[17.624,60.5361],[17.6384,60.5158],[17.6708,60.504],[17.7428,60.4989],[17.7428,60.5057],[17.7284,60.5344],[17.7608,60.5631],[17.8148,60.585],[17.9192,60.6002],[17.948,60.5985],[17.9732,60.5884],[17.9948,60.5529],[17.9948,60.5411],[17.9876,60.531],[17.9804,60.5225],[17.966,60.5192],[17.966,60.5124],[17.9948,60.5107],[18.02,60.5023],[18.0632,60.4786],[18.0992,60.4651],[18.1028,60.4584],[18.11,60.4432],[18.1136,60.4364],[18.1424,60.4128],[18.1784,60.3993],[18.2612,60.3824],[18.2468,60.3773],[18.2216,60.3638],[18.2072,60.3554],[18.2072,60.3469],[18.2216,60.3385],[18.2288,60.3334],[18.236,60.3267],[18.2504,60.3334],[18.2792,60.3486],[18.2972,60.3554],[18.3152,60.3571],[18.326,60.3554],[18.3584,60.3469],[18.4268,60.3486],[18.4484,60.3419],[18.4484,60.3385],[18.4448,60.33],[18.4448,60.3199],[18.4484,60.3132],[18.452,60.3098],[18.4736,60.2997],[18.4736,60.2929],[18.4628,60.2912],[18.4484,60.2929],[18.4376,60.2929],[18.4268,60.2861],[18.5672,60.2591],[18.6032,60.2389],[18.5636,60.227],[18.4016,60.2591],[18.3692,60.2794],[18.3152,60.3216],[18.3296,60.2861],[18.3692,60.2591],[18.416,60.2355],[18.4484,60.2118],[18.4304,60.2102],[18.416,60.2152],[18.3944,60.2321],[18.398,60.2085],[18.4196,60.1933],[18.47,60.1764],[18.4916,60.1612],[18.506,60.1561],[18.524,60.1561],[18.5348,60.1595],[18.5456,60.1646],[18.5492,60.173],[18.5492,60.1747],[18.5492,60.1443],[18.5492,60.1291],[18.5528,60.1207],[18.5744,60.0886],[18.578,60.0734],[18.5852,60.0734],[18.5888,60.0886],[18.5924,60.1088],[18.5888,60.1274],[18.578,60.1426],[18.5996,60.1477],[18.6248,60.1511],[18.65,60.1477],[18.686,60.1308],[18.722,60.1257],[18.7364,60.1156],[18.74,60.0987],[18.74,60.0649],[18.7436,60.0497],[18.7904,60.0177],[18.7976,60.0042],[18.7832,60.0312],[18.7616,60.0565],[18.7544,60.0818],[18.7652,60.1105],[18.8048,60.1224],[18.8156,60.1173],[18.8192,60.1139],[18.8192,60.097],[18.8192,60.0818],[18.8228,60.0683],[18.8696,59.994],[18.902,59.9467],[18.9236,59.9349],[18.9668,59.9265],[18.9884,59.9197],[19.0064,59.9113],[19.01,59.9096],[19.01,59.9062],[19.01,59.8995],[19.01,59.8961],[19.0244,59.8843],[19.0316,59.8809],[19.0424,59.8826],[19.0424,59.8876],[19.0388,59.8978],[19.0352,59.9028],[19.0532,59.9011],[19.0712,59.8961],[19.0676,59.8826],[19.0676,59.842],[19.0676,59.8336],[19.0352,59.8353],[19.0208,59.8404],[18.9488,59.8995],[18.9164,59.9214],[18.8876,59.9299],[18.8948,59.9163],[18.9308,59.8859],[18.9344,59.8691],[18.9236,59.8522],[18.8624,59.8032],[18.8444,59.7948],[18.8192,59.7931],[18.776,59.7931],[18.7544,59.7914],[18.74,59.7829],[18.7328,59.7694],[18.7508,59.7694],[18.7904,59.7796],[19.0424,59.7846],[19.0856,59.7728],[19.0748,59.7492],[19.0568,59.7357],[19.0352,59.7289],[18.974,59.7188],[18.956,59.7188],[18.9416,59.7238],[18.9308,59.7306],[18.92,59.7458],[18.9128,59.7526],[18.902,59.734],[18.8804,59.7222],[18.8552,59.7137],[18.7796,59.7019],[18.758,59.6918],[18.7544,59.6766],[18.7184,59.6766],[18.7148,59.6732],[18.7112,59.6647],[18.7076,59.658],[18.7004,59.6529],[18.6932,59.6495],[18.7436,59.6495],[18.7364,59.6411],[18.7256,59.6327],[18.7112,59.6242],[18.7004,59.6208],[18.6896,59.6242],[18.6824,59.6293],[18.6716,59.636],[18.6608,59.636],[18.6788,59.6175],[18.686,59.6056],[18.6788,59.6006],[18.6644,59.5972],[18.6392,59.5837],[18.596,59.5736],[18.542,59.5465],[18.4844,59.5347],[18.4592,59.5212],[18.4124,59.4908],[18.38,59.4756],[18.344,59.4722],[18.2684,59.4773],[18.2684,59.4706],[18.3044,59.4571],[18.29,59.4503],[18.2612,59.452],[18.2468,59.4503],[18.2684,59.4452],[18.2828,59.4368],[18.2756,59.4233],[18.2936,59.4148],[18.3188,59.4098],[18.3368,59.4081],[18.308,59.3963],[18.2468,59.398],[18.1892,59.4081],[18.1604,59.4216],[18.1712,59.4267],[18.182,59.4283],[18.1964,59.4267],[18.2072,59.4216],[18.2036,59.43],[18.2,59.4503],[18.1928,59.4571],[18.182,59.4587],[18.1604,59.4469],[18.146,59.4435],[18.1388,59.4452],[18.128,59.4554],[18.1172,59.4571],[18.1136,59.4554],[18.1028,59.4452],[18.0956,59.4435],[18.0848,59.4385],[18.0848,59.4283],[18.092,59.4165],[18.0992,59.4081],[18.0668,59.398],[18.0524,59.3963],[18.0416,59.398],[18.02,59.4064],[18.0092,59.4081],[18.146,59.3405],[18.11,59.3355],[18.0956,59.3389],[18.0956,59.327],[18.1712,59.327],[18.1964,59.3338],[18.2072,59.3321],[18.2144,59.3203],[18.2216,59.3203],[18.254,59.3625],[18.3188,59.376],[18.3908,59.3692],[18.4484,59.354],[18.4412,59.3507],[18.4304,59.3439],[18.4268,59.3405],[18.4556,59.3355],[18.47,59.3372],[18.4808,59.3473],[18.4556,59.3811],[18.4484,59.3963],[18.4952,59.3963],[18.4556,59.4098],[18.4376,59.4199],[18.4268,59.4368],[18.4844,59.4334],[18.5096,59.4283],[18.5384,59.4165],[18.5384,59.4131],[18.542,59.3996],[18.5456,59.3963],[18.614,59.3743],[18.5996,59.3625],[18.5852,59.3625],[18.5636,59.3676],[18.5456,59.3676],[18.5672,59.3608],[18.5996,59.3557],[18.632,59.3473],[18.6464,59.3304],[18.6392,59.3152],[18.6212,59.3085],[18.5672,59.3068],[18.5528,59.3051],[18.5348,59.3],[18.5204,59.2983],[18.5024,59.3034],[18.4916,59.3085],[18.4628,59.3118],[18.4484,59.3135],[18.3656,59.3068],[18.3368,59.3135],[18.3404,59.3169],[18.344,59.3287],[18.344,59.3338],[18.326,59.3338],[18.308,59.3304],[18.29,59.322],[18.2756,59.3135],[18.29,59.3085],[18.3008,59.3017],[18.308,59.2933],[18.3152,59.2848],[18.3152,59.2781],[18.2828,59.2798],[18.272,59.2747],[18.2792,59.2612],[18.3368,59.2443],[18.362,59.2409],[18.3872,59.2308],[18.4124,59.2156],[18.4268,59.197],[18.3368,59.2358],[18.3152,59.2342],[18.3152,59.2223],[18.3296,59.2139],[18.3512,59.2105],[18.3656,59.2105],[18.3728,59.2038],[18.3764,59.1919],[18.3872,59.1835],[18.4052,59.1886],[18.4016,59.1852],[18.4016,59.1818],[18.398,59.1784],[18.3944,59.1751],[18.3944,59.1683],[18.4196,59.1751],[18.4304,59.1751],[18.434,59.1649],[18.4304,59.1531],[18.4232,59.1447],[18.416,59.1396],[18.4016,59.1447],[18.38,59.148],[18.344,59.1413],[18.308,59.1312],[18.29,59.121],[18.3008,59.1227],[18.3116,59.121],[18.3188,59.116],[18.326,59.1075],[18.2288,59.0839],[18.2,59.0805],[18.2144,59.0873],[18.2432,59.0957],[18.254,59.1008],[18.2432,59.1075],[18.2468,59.1109],[18.254,59.1143],[18.254,59.121],[18.2396,59.121],[18.2252,59.1193],[18.2108,59.1143],[18.1964,59.1041],[18.1856,59.0991],[18.1532,59.0974],[18.1388,59.094],[18.1316,59.0873],[18.11,59.0636],[18.0956,59.0585],[18.0416,59.0602],[18.0452,59.0552],[18.0488,59.0433],[18.0488,59.0383],[18.0272,59.045],[18.0128,59.045],[18.002,59.0383],[18.02,59.0231],[18.002,59.0062],[17.9768,58.9859],[17.9624,58.964],[17.9624,58.9522],[17.9696,58.9437],[17.9696,58.9353],[17.9624,58.9218],[17.948,58.915],[17.93,58.91],[17.912,58.91],[17.9012,58.915],[17.894,58.9032],[17.894,58.8897],[17.894,58.861],[17.8796,58.8677],[17.8688,58.8762],[17.8652,58.888],[17.8724,58.9015],[17.8652,58.915],[17.8616,58.9184],[17.8508,58.9251],[17.8436,58.9251],[17.8364,58.9218],[17.8292,58.9218],[17.8148,58.9285],[17.804,58.9336],[17.786,58.9539],[17.7752,58.9606],[17.7752,58.9471],[17.786,58.9251],[17.804,58.9083],[17.7932,58.8914],[17.786,58.8846],[17.7788,58.8812],[17.7752,58.8863],[17.7752,58.8964],[17.7788,58.9083],[17.7824,58.915],[17.75,58.9235],[17.7464,58.942],[17.7536,58.9657],[17.7428,58.9842],[17.7428,58.991],[17.7572,59.0062],[17.7608,59.0366],[17.7608,59.067],[17.7572,59.0805],[17.7572,59.0856],[17.768,59.1092],[17.768,59.121],[17.7572,59.1261],[17.7464,59.1227],[17.732,59.1143],[17.7284,59.1041],[17.7248,59.0737],[17.7212,59.0585],[17.7104,59.0535],[17.6996,59.0569],[17.6672,59.0805],[17.6672,59.0957],[17.6888,59.1176],[17.6924,59.1312],[17.6888,59.143],[17.6816,59.1531],[17.6708,59.1616],[17.66,59.1683],[17.6744,59.1345],[17.66,59.1193],[17.6492,59.1075],[17.6312,59.0991],[17.6096,59.094],[17.6204,59.0721],[17.6168,59.0518],[17.6132,59.0315],[17.6312,59.018],[17.6204,59.0028],[17.6132,58.9809],[17.606,58.9657],[17.5988,58.9707],[17.588,58.9657],[17.5808,58.9606],[17.5772,58.9572],[17.5844,58.9505],[17.5916,58.9471],[17.6024,58.9437],[17.6096,58.9437],[17.6096,58.937],[17.6024,58.9285],[17.6132,58.9235],[17.6276,58.9184],[17.6168,58.9015],[17.5988,58.8948],[17.5772,58.8948],[17.5556,58.8998],[17.5376,58.9015],[17.5448,58.8897],[17.5592,58.8796],[17.5916,58.8677],[17.5916,58.861],[17.57,58.861],[17.5772,58.8559],[17.5844,58.8542],[17.5556,58.8542],[17.48,58.8863],[17.4476,58.8948],[17.4476,58.888],[17.4656,58.8812],[17.4692,58.8711],[17.462,58.8407],[17.4512,58.8238],[17.4512,58.8154],[17.4584,58.812],[17.4656,58.8103],[17.4872,58.8002],[17.4584,58.7918],[17.336,58.8069],[17.372,58.7782],[17.3756,58.7647],[17.3576,58.7512],[17.3036,58.7529],[17.2748,58.7495],[17.2748,58.731],[17.1632,58.7327],[17.1308,58.7377],[17.12,58.7445],[17.102,58.7614],[17.0876,58.7647],[17.0768,58.763],[17.0444,58.7529],[17.0264,58.7512],[17.0408,58.7478],[17.0732,58.7445],[17.084,58.7377],[17.084,58.7293],[17.0768,58.7208],[17.0696,58.7141],[17.0624,58.7107],[17.084,58.7023],[17.1236,58.7056],[17.1452,58.7023],[17.1452,58.6972],[17.1236,58.6837],[17.1092,58.6702],[17.0948,58.66],[17.0696,58.6617],[17.012,58.682],[16.976,58.6854],[16.9544,58.6685],[17.0012,58.6685],[17.0192,58.66],[17.0372,58.6415],[17.012,58.6415],[16.9256,58.6263],[16.58,58.6465],[16.2344,58.6685],[16.2344,58.6617],[16.2452,58.6584],[16.256,58.6516],[16.2632,58.6432],[16.256,58.6347],[16.2416,58.633],[16.1984,58.6381],[16.1804,58.6347],[16.1804,58.628],[16.1912,58.6313],[16.2056,58.6347],[16.2128,58.6313],[16.22,58.6212],[16.2416,58.628],[16.2848,58.6161],[16.3064,58.6246],[16.3208,58.6364],[16.3352,58.6398],[16.346,58.6364],[16.3676,58.6212],[16.3712,58.6212],[16.3712,58.6178],[16.3712,58.6043],[16.3748,58.5959],[16.3892,58.5908],[16.4,58.5925],[16.4108,58.5959],[16.4144,58.6094],[16.4216,58.6246],[16.4288,58.6398],[16.4396,58.6482],[16.454,58.6465],[16.5044,58.6313],[16.5188,58.6246],[16.6376,58.6263],[16.6592,58.6229],[16.6772,58.6111],[16.688,58.606],[16.7312,58.6026],[16.7492,58.5925],[16.7456,58.5976],[16.742,58.6094],[16.742,58.6145],[16.778,58.6077],[16.7888,58.6077],[16.778,58.5891],[16.7852,58.5722],[16.8032,58.5621],[16.832,58.5587],[16.8212,58.5537],[16.8176,58.552],[16.8176,58.5469],[16.8428,58.5469],[16.8428,58.5385],[16.8356,58.53],[16.8464,58.525],[16.886,58.5182],[16.94,58.4912],[16.9148,58.4827],[16.8644,58.4827],[16.8428,58.4777],[16.8536,58.4625],[16.832,58.4523],[16.796,58.4456],[16.7708,58.4422],[16.7672,58.4405],[16.7528,58.4321],[16.7492,58.4287],[16.742,58.4304],[16.7276,58.4355],[16.7204,58.4372],[16.598,58.449],[16.5404,58.4675],[16.4432,58.4861],[16.4144,58.4777],[16.4468,58.4743],[16.6592,58.4152],[16.6916,58.4135],[16.706,58.4084],[16.7132,58.3949],[16.7168,58.3865],[16.7132,58.3781],[16.7096,58.3696],[16.7132,58.3595],[16.724,58.3612],[16.7384,58.3645],[16.7528,58.3696],[16.7564,58.373],[16.7672,58.3679],[16.7708,58.3629],[16.7744,58.3392],[16.6304,58.3544],[16.6484,58.3426],[16.6844,58.3274],[16.6988,58.319],[16.6952,58.3088],[16.6988,58.3021],[16.7096,58.2987],[16.7204,58.3004],[16.7276,58.3038],[16.7276,58.3105],[16.7204,58.319],[16.778,58.3257],[16.7996,58.324],[16.7888,58.3054],[16.7852,58.3038],[16.7672,58.3054],[16.76,58.3054],[16.76,58.3021],[16.76,58.297],[16.76,58.2902],[16.7564,58.2852],[16.742,58.2818],[16.706,58.2784],[16.706,58.2717],[16.7312,58.2683],[16.8032,58.2447],[16.7924,58.2396],[16.7888,58.2379],[16.8032,58.2311],[16.814,58.221],[16.8212,58.2075],[16.8248,58.1923],[16.8212,58.1788],[16.8176,58.1771],[16.8068,58.1805],[16.796,58.1822],[16.7888,58.1788],[16.7924,58.1737],[16.7996,58.1653],[16.8104,58.1619],[16.778,58.1298],[16.7204,58.1501],[16.6628,58.1856],[16.616,58.2024],[16.6304,58.1856],[16.6736,58.1653],[16.688,58.1484],[16.6808,58.1484],[16.6664,58.1467],[16.6592,58.1484],[16.6808,58.1281],[16.7168,58.1045],[16.7348,58.0842],[16.7132,58.0792],[16.7168,58.0674],[16.7132,58.0589],[16.7024,58.0572],[16.688,58.0589],[16.706,58.0505],[16.724,58.0454],[16.742,58.0403],[16.7564,58.0251],[16.7456,58.0167],[16.7384,58.015],[16.7276,58.0167],[16.7204,58.0251],[16.6916,58.015],[16.688,58.0083],[16.6988,57.9981],[16.6808,58.0049],[16.6592,58.0353],[16.6448,58.0386],[16.6304,58.0285],[16.6376,58.015],[16.6592,57.9897],[16.67,57.9914],[16.688,57.9897],[16.6988,57.9711],[16.706,57.9627],[16.7168,57.966],[16.7276,57.9745],[16.7348,57.9711],[16.7384,57.9627],[16.742,57.9458],[16.7456,57.9407],[16.7744,57.9238],[16.7816,57.9154],[16.7672,57.9154],[16.7276,57.9289],[16.7348,57.9137],[16.7672,57.8985],[16.7672,57.8884],[16.7564,57.8765],[16.742,57.8765],[16.724,57.8833],[16.7096,57.8917],[16.6916,57.9154],[16.6844,57.9188],[16.6808,57.8985],[16.67,57.8917],[16.652,57.8901],[16.6124,57.8951],[16.6124,57.9036],[16.6124,57.912],[16.6088,57.9204],[16.6052,57.9289],[16.616,57.9289],[16.6268,57.9289],[16.634,57.9255],[16.6448,57.9221],[16.5152,57.9981],[16.5044,57.9981],[16.4972,57.9931],[16.4936,57.9846],[16.4972,57.9779],[16.5044,57.9694],[16.5332,57.9508],[16.5908,57.9356],[16.5836,57.9323],[16.5764,57.9238],[16.5692,57.9221],[16.5764,57.912],[16.5764,57.9019],[16.5728,57.8934],[16.562,57.8884],[16.544,57.8985],[16.526,57.9069],[16.4792,57.9154],[16.4936,57.9019],[16.4864,57.8951],[16.4792,57.8985],[16.4612,57.9019],[16.4612,57.8951],[16.6772,57.7651],[16.706,57.7499],[16.6988,57.7431],[16.6844,57.7465],[16.634,57.7651],[16.6196,57.7735],[16.5404,57.8394],[16.418,57.8951],[16.4288,57.8765],[16.4396,57.8647],[16.472,57.8461],[16.5296,57.8259],[16.5728,57.7955],[16.58,57.787],[16.5872,57.7786],[16.5944,57.7735],[16.6088,57.7702],[16.6196,57.7668],[16.652,57.7465],[16.6664,57.7364],[16.652,57.7296],[16.6736,57.7296],[16.6916,57.7263],[16.706,57.7161],[16.7132,57.7026],[16.6916,57.7026],[16.6916,57.6959],[16.706,57.6959],[16.706,57.6891],[16.6376,57.6925],[16.6088,57.6992],[16.5764,57.7094],[16.5836,57.7009],[16.6016,57.6891],[16.6124,57.6824],[16.6196,57.6672],[16.616,57.6587],[16.6052,57.657],[16.5836,57.6621],[16.5908,57.652],[16.6016,57.6486],[16.616,57.6486],[16.6232,57.6418],[16.6304,57.6283],[16.6268,57.6249],[16.616,57.6216],[16.6088,57.6165],[16.598,57.6097],[16.5692,57.5962],[16.562,57.5929],[16.5584,57.5962],[16.5548,57.6064],[16.5548,57.6182],[16.5548,57.6266],[16.5476,57.6216],[16.5404,57.6199],[16.5296,57.6216],[16.5188,57.6266],[16.5296,57.6148],[16.5368,57.6114],[16.544,57.6081],[16.526,57.5962],[16.5188,57.5929],[16.5188,57.5861],[16.544,57.5794],[16.544,57.5726],[16.5152,57.5726],[16.5152,57.5658],[16.5908,57.5642],[16.6304,57.5574],[16.6592,57.5152],[16.6808,57.4899],[16.688,57.4713],[16.6592,57.4764],[16.6736,57.4595],[16.6664,57.4561],[16.652,57.4544],[16.6376,57.4493],[16.634,57.4375],[16.6376,57.4274],[16.652,57.4189],[16.6736,57.4156],[16.6556,57.4088],[16.6376,57.4054],[16.6268,57.3987],[16.6304,57.3801],[16.5728,57.3869],[16.5476,57.3818],[16.5332,57.3598],[16.5692,57.3463],[16.562,57.3379],[16.5512,57.3328],[16.5476,57.3294],[16.562,57.3193],[16.4864,57.294],[16.4684,57.2754],[16.4936,57.2433],[16.4648,57.2281],[16.4576,57.2045],[16.4648,57.1775],[16.4792,57.1555],[16.508,57.1268],[16.5188,57.1201],[16.5296,57.1167],[16.5368,57.1184],[16.544,57.1184],[16.5512,57.1099],[16.5692,57.0863],[16.5548,57.0812],[16.562,57.0694],[16.5728,57.0559],[16.5836,57.0441],[16.5692,57.0441],[16.5332,57.0525],[16.5332,57.0542],[16.5368,57.0593],[16.5332,57.0626],[16.526,57.066],[16.5224,57.0643],[16.5188,57.0626],[16.5152,57.0593],[16.5116,57.0559],[16.508,57.0508],[16.508,57.0458],[16.5044,57.0407],[16.5008,57.039],[16.4972,57.0407],[16.4936,57.0441],[16.4756,57.0458],[16.454,57.0508],[16.4396,57.0525],[16.4468,57.0441],[16.454,57.039],[16.4648,57.0339],[16.472,57.0306],[16.472,57.0238],[16.454,57.0238],[16.4396,57.0137],[16.436,56.9985],[16.4396,56.9765],[16.4504,56.9647],[16.4612,56.9563],[16.4684,56.9495],[16.4648,56.9377],[16.436,56.9107],[16.436,56.9056],[16.4396,56.8786],[16.4396,56.8668],[16.436,56.8566],[16.4072,56.8077],[16.4072,56.7992],[16.4144,56.7874],[16.4288,56.7823],[16.4396,56.7874],[16.454,56.7942],[16.4648,56.7975],[16.472,56.7942],[16.4756,56.7857],[16.472,56.7773],[16.4648,56.7705],[16.454,56.7688],[16.4288,56.7756],[16.4144,56.7773],[16.3964,56.7756],[16.3748,56.7655],[16.3604,56.7638],[16.3568,56.7587],[16.364,56.7469],[16.3784,56.7266],[16.382,56.6945],[16.3784,56.676],[16.3712,56.6608],[16.3604,56.654],[16.3424,56.6506],[16.3244,56.6523],[16.3028,56.6625],[16.2884,56.6608],[16.274,56.6574],[16.2632,56.654],[16.256,56.6506],[16.2452,56.6422],[16.2236,56.6135],[16.22,56.6084],[16.22,56.6034],[16.22,56.5932],[16.2164,56.5713],[16.2128,56.5476],[16.2056,56.5392],[16.1804,56.5375],[16.1732,56.5274],[16.166,56.5088],[16.1192,56.4548],[16.094,56.4193],[16.0652,56.3366],[16.04,56.2555],[16.0328,56.2504],[16.022,56.2471],[16.0148,56.2386],[16.0112,56.2285],[16.004,56.22],[15.9896,56.2082],[15.95,56.188],[15.932,56.1745],[15.8744,56.1035],[15.8528,56.0867],[15.8348,56.0883],[15.8168,56.0985],[15.788,56.1069],[15.8204,56.1407],[15.8276,56.1593],[15.806,56.1677],[15.7556,56.1559],[15.7304,56.1576],[15.7124,56.1745],[15.7016,56.1694],[15.698,56.1728],[15.6908,56.1778],[15.6836,56.1812],[15.6692,56.1829],[15.6548,56.193],[15.6476,56.1947],[15.6332,56.1863],[15.6116,56.1694],[15.5936,56.1609],[15.5756,56.1745],[15.5828,56.1812],[15.5936,56.193],[15.5972,56.2032],[15.5864,56.2082],[15.572,56.2065],[15.536,56.188],[15.4928,56.1761],[15.4856,56.1711],[15.4856,56.1559],[15.4784,56.1525],[15.4604,56.1609],[15.4532,56.166],[15.4424,56.1728],[15.4316,56.1795],[15.4172,56.1812],[15.4028,56.1795],[15.392,56.1745],[15.3776,56.1609],[15.3704,56.1508],[15.3704,56.1458],[15.3668,56.1407],[15.32,56.139],[15.3056,56.1424],[15.2948,56.1474],[15.3164,56.1542],[15.3236,56.1542],[15.3164,56.1626],[15.2948,56.188],[15.2732,56.1711],[15.2336,56.1576],[15.194,56.1525],[15.1616,56.1643],[15.1544,56.1694],[15.1472,56.1677],[15.14,56.1626],[15.1292,56.1609],[15.0932,56.1609],[15.086,56.1643],[15.0824,56.1829],[15.0752,56.188],[15.068,56.188],[15.0428,56.1829],[15.0356,56.1812],[15.0392,56.1761],[15.0464,56.1593],[15.05,56.1542],[14.9887,56.1694],[14.9527,56.1728],[14.9275,56.1643],[14.9059,56.1609],[14.8735,56.1643],[14.8483,56.1643],[14.8483,56.1474],[14.8303,56.1424],[14.8123,56.1508],[14.7943,56.1609],[14.7763,56.1677],[14.7259,56.1677],[14.7007,56.1609],[14.6863,56.1474],[14.6827,56.139],[14.6827,56.1272],[14.6827,56.117],[14.6899,56.112],[14.7043,56.1086],[14.7115,56.1018],[14.7151,56.0934],[14.7187,56.085],[14.7475,56.0613],[14.7583,56.0478],[14.7691,56.0309],[14.7547,56.0276],[14.7439,56.0208],[14.7331,56.014],[14.7223,56.0073],[14.7151,56.0022],[14.7115,56.0073],[14.7043,56.0174],[14.6863,56.0174],[14.6791,56.009],[14.6719,56.0056],[14.6647,56.0073],[14.6575,56.009],[14.6503,56.0107],[14.6215,56.0107],[14.6107,56.0107],[14.6107,56.0157],[14.6251,56.0242],[14.6143,56.0309],[14.6071,56.0377],[14.6035,56.0461],[14.6035,56.0579],[14.5819,56.0444],[14.5711,56.0512],[14.5675,56.0563],[14.5675,56.0579],[14.5567,56.0546],[14.5351,56.0461],[14.5243,56.0444],[14.4991,56.0411],[14.4775,56.0309],[14.4451,56.0022],[14.4091,55.9769],[14.3839,55.9668],[14.3659,55.9617],[14.3479,55.9533],[14.3335,55.9347],[14.3227,55.9161],[14.3119,55.9077],[14.2723,55.8942],[14.2363,55.8621],[14.2075,55.8215],[14.1967,55.7793],[14.1931,55.7422],[14.1967,55.7253],[14.2075,55.7084],[14.2219,55.6966],[14.2615,55.6797],[14.2723,55.6679],[14.2759,55.6561],[14.2759,55.6459],[14.2759,55.6358],[14.2831,55.6223],[14.2939,55.6155],[14.3155,55.602],[14.3587,55.5632],[14.3659,55.5446],[14.3623,55.5244],[14.3479,55.5108],[14.2939,55.4754],[14.2759,55.4686],[14.2651,55.4619],[14.2183,55.4146],[14.2003,55.3994],[14.1823,55.391],[14.1571,55.3876],[14.0923,55.3876],[14.0635,55.391],[14.0347,55.3977],[13.9555,55.4264],[13.9303,55.4332],[13.8979,55.4349],[13.8835,55.4332],[13.8583,55.4247],[13.8439,55.4214],[13.8295,55.4214],[13.7791,55.4281],[13.6459,55.4214],[13.6279,55.418],[13.6171,55.4112],[13.6099,55.4011],[13.5955,55.3926],[13.5811,55.3893],[13.5379,55.3926],[13.5019,55.3876],[13.4119,55.3521],[13.3831,55.3454],[13.3111,55.342],[13.2787,55.3454],[13.1167,55.3808],[13.0627,55.3808],[13.0411,55.3859],[13.0303,55.3859],[13.0231,55.3876],[13.0087,55.3977],[13.0015,55.3994],[12.9799,55.4028],[12.9583,55.3994],[12.9475,55.396],[12.9331,55.3876],[12.9223,55.3859],[12.9115,55.3876],[12.8971,55.3926],[12.8863,55.3926],[12.8683,55.3893],[12.8467,55.3825],[12.8323,55.3825],[12.8287,55.3994],[12.8611,55.4349],[12.8647,55.4349],[12.8719,55.4349],[12.8791,55.4315],[12.8863,55.4247],[12.9043,55.418],[12.9295,55.418],[12.9511,55.4247],[12.9655,55.4349],[12.9583,55.4484],[12.9619,55.4534],[12.9727,55.4534],[12.9871,55.4484],[12.9763,55.4754],[12.9295,55.5193],[12.9187,55.548],[12.9295,55.5784],[12.9583,55.5987],[13.0267,55.6274],[13.0375,55.6358],[13.0483,55.6476],[13.0591,55.6611],[13.0627,55.6746],[13.0555,55.6932],[13.0411,55.705],[13.0267,55.7118],[13.0123,55.7287],[12.9943,55.7253],[12.9727,55.727],[12.9655,55.7456],[12.9403,55.7456],[12.9223,55.7489],[12.9115,55.7641],[12.9223,55.7658],[12.9331,55.7692],[12.9367,55.7776],[12.9403,55.7912],[12.9259,55.8334],[12.8899,55.8536],[12.8503,55.8654],[12.8215,55.8874],[12.8107,55.9026],[12.8071,55.9094],[12.8071,55.9245],[12.8035,55.9296],[12.7999,55.9347],[12.7891,55.9397],[12.7819,55.9414],[12.7711,55.9482],[12.7639,55.9651],[12.7603,55.9836],[12.7531,55.9972],[12.7351,56.0056],[12.7207,56.0124],[12.7099,56.0208],[12.7063,56.0411],[12.6991,56.0512],[12.6091,56.117],[12.6019,56.1238],[12.5659,56.1711],[12.5551,56.1812],[12.5443,56.2133],[12.5407,56.2217],[12.5155,56.2521],[12.5047,56.2758],[12.4651,56.291],[12.4507,56.3045],[12.6451,56.2572],[12.6523,56.2538],[12.6667,56.2386],[12.6739,56.2369],[12.6811,56.2336],[12.6955,56.2251],[12.7063,56.2217],[12.7135,56.2234],[12.7279,56.2285],[12.7351,56.2285],[12.7783,56.2268],[12.7963,56.2285],[12.8143,56.2369],[12.8287,56.2504],[12.8323,56.2656],[12.8287,56.2791],[12.7819,56.2927],[12.7639,56.3146],[12.7315,56.3602],[12.6451,56.3957],[12.6199,56.4193],[12.6559,56.4548],[12.7135,56.4666],[12.8323,56.4429],[12.8899,56.4548],[12.9043,56.4666],[12.9187,56.4852],[12.9331,56.5071],[12.9403,56.5274],[12.9331,56.5476],[12.9043,56.5932],[12.8863,56.6371],[12.8719,56.6489],[12.8431,56.654],[12.8179,56.6523],[12.7783,56.6439],[12.7639,56.6439],[12.7459,56.6439],[12.7315,56.6473],[12.6811,56.6793],[12.6703,56.6929],[12.6631,56.7148],[12.6487,56.7249],[12.6307,56.7334],[12.6163,56.7503],[12.5947,56.7874],[12.6019,56.8094],[12.5983,56.8212],[12.5335,56.8465],[12.5299,56.8499],[12.5299,56.8533],[12.5299,56.8566],[12.5263,56.86],[12.5191,56.8617],[12.5047,56.8651],[12.4975,56.8668],[12.4795,56.887],[12.4687,56.8921],[12.4363,56.8955],[12.4111,56.9056],[12.3751,56.9124],[12.3571,56.9242],[12.3463,56.9411],[12.3427,56.963],[12.3427,56.9681],[12.3535,56.9765],[12.3535,56.9799],[12.3535,56.985],[12.3499,56.9951],[12.3499,57.0002],[12.3463,57.0069],[12.3427,57.0137],[12.3319,57.0204],[12.3031,57.0289],[12.2707,57.0424],[12.2491,57.061],[12.2455,57.0795],[12.2383,57.0812],[12.2203,57.093],[12.2383,57.1082],[12.2347,57.1217],[12.2059,57.1488],[12.2023,57.1555],[12.1987,57.1758],[12.1987,57.1842],[12.1915,57.1859],[12.1627,57.1842],[12.1483,57.1876],[12.1807,57.2045],[12.1915,57.2129],[12.1807,57.2163],[12.1591,57.2163],[12.1375,57.2197],[12.1195,57.2264],[12.1015,57.2366],[12.1303,57.2366],[12.1411,57.2383],[12.1555,57.2433],[12.1411,57.2484],[12.1267,57.2501],[12.0943,57.2501],[12.0943,57.2568],[12.1051,57.2636],[12.1123,57.2703],[12.1195,57.2754],[12.1411,57.2805],[12.1483,57.2855],[12.1483,57.2923],[12.1411,57.2974],[12.1447,57.3109],[12.1375,57.3193],[12.1267,57.3261],[12.1159,57.3328],[12.1123,57.3345],[12.1087,57.3396],[12.1051,57.3446],[12.0979,57.3463],[12.0907,57.3446],[12.0727,57.3396],[12.0655,57.3396],[12.0511,57.3514],[12.0655,57.3632],[12.0907,57.3784],[12.1087,57.3936],[12.0619,57.3936],[12.0835,57.4021],[12.0907,57.4122],[12.0907,57.4223],[12.0583,57.4595],[12.0547,57.4628],[12.0439,57.4612],[12.0367,57.4578],[12.0295,57.451],[12.0223,57.4493],[12.0079,57.4341],[11.9935,57.3666],[11.9791,57.3463],[11.9719,57.3649],[11.9503,57.3615],[11.9323,57.3615],[11.9431,57.3869],[11.9323,57.3869],[11.9215,57.3869],[11.9143,57.3902],[11.9035,57.3936],[11.9143,57.4037],[11.9143,57.4172],[11.9071,57.4324],[11.9035,57.4493],[11.9071,57.4645],[11.9179,57.4764],[11.9287,57.4831],[11.9431,57.4899],[11.9287,57.4983],[11.9107,57.5034],[11.9179,57.5051],[11.9323,57.5118],[11.9107,57.5219],[11.9035,57.5236],[11.9179,57.5388],[11.9107,57.5946],[11.9179,57.6216],[11.9143,57.6233],[11.9035,57.6266],[11.8963,57.6266],[11.8927,57.6131],[11.8783,57.6064],[11.8675,57.6081],[11.8603,57.6165],[11.8567,57.6334],[11.8495,57.6435],[11.8423,57.652],[11.8351,57.6621],[11.8459,57.6824],[11.9107,57.6874],[11.9251,57.7026],[11.9035,57.6959],[11.8747,57.6925],[11.8459,57.6925],[11.8207,57.6959],[11.7703,57.7128],[11.7487,57.7144],[11.7523,57.6959],[11.7379,57.6925],[11.7199,57.6942],[11.7055,57.6992],[11.7055,57.7094],[11.7055,57.7212],[11.8027,57.7735],[11.8099,57.782],[11.8063,57.7887],[11.7883,57.7904],[11.7667,57.7887],[11.7523,57.7854],[11.7271,57.8022],[11.7091,57.8225],[11.6875,57.8377],[11.6551,57.8394],[11.6767,57.8529],[11.6911,57.858],[11.7055,57.8597],[11.6947,57.8816],[11.7055,57.8917],[11.7595,57.9019],[11.7595,57.9086],[11.7451,57.9086],[11.7451,57.9154],[11.7559,57.9171],[11.7595,57.9188],[11.7667,57.9289],[11.7379,57.939],[11.7451,57.9559],[11.7883,57.9981],[11.7991,58.0218],[11.8027,58.037],[11.7955,58.0488],[11.7883,58.0589],[11.7847,58.069],[11.7847,58.0792],[11.8027,58.0859],[11.7991,58.091],[11.7955,58.0927],[11.7919,58.0994],[11.8171,58.1028],[11.8279,58.1214],[11.8387,58.1872],[11.8423,58.194],[11.8531,58.1957],[11.8639,58.1974],[11.8747,58.1991],[11.8855,58.2058],[11.8891,58.2159],[11.8747,58.2159],[11.8603,58.2176],[11.8531,58.2261],[11.8459,58.2531],[11.8351,58.2615],[11.8243,58.2683],[11.8135,58.2784],[11.8099,58.3021],[11.8243,58.3173],[11.8819,58.3325],[11.8711,58.346],[11.8495,58.3426],[11.8063,58.3274],[11.7523,58.3291],[11.7271,58.3274],[11.7271,58.3122],[11.7127,58.3071],[11.6803,58.3071],[11.6299,58.2818],[11.6191,58.2784],[11.6119,58.275],[11.5903,58.2565],[11.5795,58.2514],[11.5687,58.2497],[11.5507,58.2497],[11.5363,58.2531],[11.5255,58.2582],[11.5291,58.2531],[11.5399,58.2379],[11.5075,58.243],[11.4967,58.2582],[11.5039,58.2801],[11.5183,58.3054],[11.5435,58.3341],[11.5687,58.3544],[11.6227,58.3882],[11.6083,58.3949],[11.6227,58.4068],[11.6371,58.4135],[11.6695,58.422],[11.6515,58.4372],[11.6299,58.4321],[11.6047,58.4152],[11.5903,58.4017],[11.5795,58.4135],[11.5579,58.449],[11.5543,58.4625],[11.5471,58.4625],[11.5543,58.4338],[11.5507,58.4],[11.5399,58.3645],[11.5219,58.3358],[11.4967,58.3122],[11.4643,58.2936],[11.3959,58.2649],[11.4067,58.2784],[11.4175,58.2902],[11.4283,58.2987],[11.4427,58.3054],[11.4427,58.3122],[11.4283,58.3122],[11.3995,58.3038],[11.3887,58.3054],[11.3851,58.319],[11.3887,58.3291],[11.3995,58.3375],[11.4139,58.3392],[11.4499,58.3409],[11.4427,58.3493],[11.4211,58.3645],[11.4247,58.3882],[11.4067,58.3882],[11.3995,58.3781],[11.3923,58.3662],[11.3815,58.3544],[11.3707,58.3477],[11.3563,58.3443],[11.3455,58.346],[11.3527,58.3578],[11.3851,58.3983],[11.4067,58.4186],[11.4139,58.4287],[11.4247,58.4422],[11.4139,58.4321],[11.3707,58.4],[11.3563,58.3932],[11.3491,58.3882],[11.3455,58.3831],[11.3383,58.3713],[11.3347,58.3679],[11.3059,58.3595],[11.2807,58.3662],[11.2519,58.3662],[11.2303,58.3392],[11.2195,58.346],[11.2195,58.3527],[11.2231,58.3612],[11.2231,58.3713],[11.2231,58.3797],[11.2051,58.4017],[11.2087,58.4186],[11.2231,58.4253],[11.2591,58.422],[11.2519,58.4422],[11.2627,58.4523],[11.2771,58.4591],[11.2951,58.4692],[11.2591,58.4827],[11.2519,58.4878],[11.2483,58.4929],[11.2411,58.503],[11.2375,58.5081],[11.2411,58.5131],[11.2447,58.5165],[11.2483,58.5182],[11.2519,58.5182],[11.2519,58.5486],[11.2555,58.5554],[11.2663,58.5621],[11.2735,58.5655],[11.2807,58.5705],[11.2879,58.5807],[11.2663,58.5807],[11.2699,58.5925],[11.2663,58.5976],[11.2555,58.5993],[11.2519,58.6077],[11.2519,58.6161],[11.2591,58.6263],[11.2591,58.6347],[11.2483,58.6482],[11.2123,58.6786],[11.2159,58.6989],[11.2195,58.7073],[11.2123,58.7107],[11.1871,58.7107],[11.1763,58.7191],[11.1799,58.736],[11.1907,58.7529],[11.2123,58.758],[11.2051,58.7715],[11.2123,58.7799],[11.2231,58.7884],[11.2303,58.8002],[11.2339,58.8086],[11.2303,58.8441],[11.2267,58.8492],[11.2159,58.8509],[11.2015,58.8542],[11.1979,58.8644],[11.1979,58.888],[11.1943,58.8981],[11.1907,58.9083],[11.1943,58.9116],[11.1943,58.915],[11.1979,58.9218],[11.1475,58.9319],[11.1187,58.9403],[11.1079,58.9539],[11.1187,58.9691],[11.1403,58.9775],[11.1835,58.991],[11.1403,58.9893],[11.1223,58.9944],[11.1151,59.0079],[11.1187,59.0214],[11.1295,59.0315],[11.1943,59.0805],[11.2195,59.0906],[11.3203,59.0991],[11.3563,59.0923],[11.3671,59.0636],[11.3779,59.0417],[11.3923,59.0197],[11.4139,59.0011],[11.4283,58.991],[11.4391,58.991],[11.4391,58.9978],[11.4031,59.0383],[11.3995,59.0484],[11.3923,59.0704],[11.3887,59.0805],[11.3707,59.1008],[11.3455,59.1109],[11.3131,59.116],[11.2159,59.1109],[11.1835,59.116],[11.1691,59.1345],[11.1763,59.1413],[11.1835,59.143],[11.2015,59.143],[11.2051,59.1464],[11.2015,59.1531],[11.1943,59.1582],[11.1907,59.1548],[11.1835,59.1599],[11.1799,59.1649],[11.1763,59.1717],[11.1763,59.1801],[11.1799,59.1835],[11.1799,59.1886],[11.1763,59.197],[11.1655,59.1919],[11.1367,59.1835],[11.1511,59.1751],[11.1547,59.1632],[11.1475,59.1497],[11.1367,59.143],[11.1187,59.143],[11.1079,59.1514],[11.0863,59.1751],[11.0971,59.148],[11.1007,59.1345],[11.0899,59.1278],[11.0323,59.1278],[11.0395,59.143],[11.0251,59.1514],[11.0071,59.1599],[10.9999,59.1717],[10.9891,59.1751],[10.9495,59.1835],[10.9351,59.1835],[10.9459,59.1649],[10.9423,59.1497],[10.9351,59.1396],[10.9171,59.143],[10.9063,59.1497],[10.8991,59.1632],[10.8991,59.1801],[10.9027,59.197],[10.8811,59.1869],[10.8739,59.1852],[10.8631,59.1835],[10.8487,59.1801],[10.8487,59.1734],[10.8487,59.1666],[10.8415,59.1616],[10.8235,59.1632],[10.8019,59.1886],[10.7803,59.1886],[10.7839,59.2055],[10.7659,59.2325],[10.7731,59.2527],[10.7623,59.2443],[10.7479,59.224],[10.7371,59.2173],[10.7335,59.2409],[10.7443,59.2679],[10.7623,59.2933],[10.7803,59.3135],[10.7623,59.3152],[10.7515,59.322],[10.7443,59.3304],[10.7335,59.3338],[10.7227,59.3304],[10.7083,59.3101],[10.7011,59.3068],[10.6723,59.3152],[10.6651,59.3372],[10.6615,59.3591],[10.6435,59.3743],[10.6543,59.3895],[10.6579,59.3996],[10.6543,59.4081],[10.6363,59.4165],[10.5967,59.4233],[10.5931,59.43],[10.6003,59.4503],[10.6291,59.479],[10.6435,59.4925],[10.6579,59.4976],[10.6615,59.4891],[10.6615,59.4739],[10.6507,59.4435],[10.6615,59.4385],[10.6759,59.4402],[10.6867,59.4503],[10.6903,59.4638],[10.6903,59.4807],[10.6831,59.4891],[10.6723,59.4959],[10.6615,59.5043],[10.6507,59.5263],[10.6471,59.5499],[10.6471,59.5719],[10.6579,59.5955],[10.6399,59.6158],[10.6255,59.6377],[10.6183,59.6631],[10.6147,59.6968],[10.5967,59.685],[10.5751,59.7002],[10.5607,59.7255],[10.5643,59.7492],[10.5787,59.7661],[10.6003,59.8133],[10.6147,59.8336],[10.6543,59.8572],[10.6795,59.8268],[10.6975,59.7779],[10.7191,59.7374],[10.7299,59.7762],[10.7479,59.815],[10.7587,59.8505],[10.7443,59.8826],[10.7515,59.8893],[10.7407,59.8944],[10.7119,59.9011],[10.6903,59.9113],[10.6795,59.9045],[10.6759,59.8944],[10.6651,59.8893],[10.6219,59.8961],[10.6147,59.8944],[10.6039,59.8859],[10.5931,59.8826],[10.5535,59.8843],[10.5283,59.8826],[10.5067,59.8708],[10.4743,59.8505],[10.4743,59.842],[10.4995,59.8336],[10.4887,59.8167],[10.4851,59.8032],[10.4851,59.788],[10.4851,59.7576],[10.4923,59.7306],[10.5031,59.7086],[10.5175,59.6884],[10.5391,59.6749],[10.5643,59.6698],[10.5823,59.6614],[10.6003,59.6445],[10.6111,59.6225],[10.6147,59.6073],[10.5931,59.5702],[10.5427,59.5347],[10.4851,59.5145],[10.4383,59.5178],[10.4239,59.533],[10.4239,59.5533],[10.4275,59.5972],[10.4275,59.6073],[10.4167,59.6411],[10.4131,59.6631],[10.4095,59.6715],[10.4023,59.6833],[10.3987,59.6884],[10.3735,59.7036],[10.3699,59.707],[10.3591,59.7103],[10.3555,59.7103],[10.3519,59.7103],[10.3483,59.7103],[10.3339,59.712],[10.2979,59.7323],[10.2655,59.739],[10.2403,59.739],[10.2259,59.7238],[10.2367,59.7188],[10.2583,59.7019],[10.2691,59.6968],[10.2835,59.6951],[10.2979,59.6918],[10.3591,59.6732],[10.3807,59.658],[10.3915,59.6377],[10.3951,59.6107],[10.3951,59.5871],[10.3915,59.5584],[10.3807,59.5347],[10.3627,59.5263],[10.3339,59.533],[10.2691,59.5584],[10.2367,59.5601],[10.2475,59.5432],[10.2691,59.5246],[10.2907,59.5111],[10.3087,59.5043],[10.3303,59.4959],[10.3699,59.4554],[10.4599,59.4402],[10.4779,59.43],[10.4815,59.4115],[10.4707,59.3946],[10.4455,59.3642],[10.4455,59.349],[10.4599,59.3355],[10.4995,59.3203],[10.5139,59.3034],[10.5031,59.2933],[10.4887,59.2848],[10.4779,59.2679],[10.4707,59.2477],[10.4527,59.2494],[10.4167,59.2646],[10.3699,59.273],[10.3591,59.2713],[10.3591,59.2646],[10.3627,59.246],[10.3591,59.2375],[10.3663,59.2257],[10.3627,59.219],[10.3339,59.2156],[10.3303,59.2088],[10.3267,59.2021],[10.3159,59.1801],[10.3123,59.1599],[10.3123,59.1396],[10.3123,59.1278],[10.2907,59.1345],[10.2871,59.1143],[10.2943,59.0839],[10.3051,59.0602],[10.2943,59.0704],[10.2871,59.0839],[10.2835,59.0991],[10.2727,59.1143],[10.2691,59.094],[10.2691,59.0484],[10.2619,59.0383],[10.2583,59.0501],[10.2295,59.1143],[10.2259,59.1143],[10.2223,59.1008],[10.2115,59.0788],[10.2115,59.067],[10.2151,59.0585],[10.2259,59.0501],[10.2331,59.04],[10.2295,59.0282],[10.2079,59.0163],[10.1755,59.0045],[10.1395,58.9994],[10.1143,59.0045],[10.1251,59.0146],[10.1611,59.0282],[10.1683,59.0349],[10.1647,59.0518],[10.1503,59.0518],[10.1179,59.0383],[10.1035,59.0349],[10.0783,59.0214],[10.0603,59.018],[10.0531,59.0231],[10.0351,59.0315],[10.0171,59.0332],[10.0351,58.9927],[10.0135,58.9724],[9.9847,58.9606],[9.9559,58.9572],[9.8479,58.9555],[9.8119,58.964],[9.8371,58.9724],[9.8443,58.9893],[9.8371,59.0096],[9.8191,59.0248],[9.7831,59.0518],[9.7651,59.0518],[9.7579,59.0332],[9.7471,59.0383],[9.7255,59.0602],[9.7183,59.0619],[9.7111,59.0619],[9.7075,59.0636],[9.7039,59.0704],[9.7039,59.0839],[9.7039,59.0873],[9.6895,59.0906],[9.6859,59.0805],[9.6859,59.0619],[9.6823,59.0467],[9.6679,59.0518],[9.6607,59.0569],[9.6499,59.0737],[9.6463,59.0839],[9.6463,59.094],[9.6427,59.1025],[9.6283,59.1075],[9.6391,59.1176],[9.6391,59.1278],[9.6319,59.1312],[9.5995,59.116],[9.5383,59.121],[9.5599,59.1025],[9.6211,59.0754],[9.6355,59.0501],[9.6535,59.0366],[9.6931,59.0298],[9.7255,59.0146],[9.7255,58.9842],[9.7183,58.9842],[9.7147,58.9893],[9.7075,58.9927],[9.7039,58.9978],[9.6967,58.9876],[9.6859,58.9842],[9.6571,58.9842],[9.6571,58.9775],[9.6679,58.9758],[9.6787,58.9724],[9.6859,58.9657],[9.6895,58.9572],[9.6643,58.9589],[9.5959,58.9437],[9.5959,58.937],[9.5995,58.9353],[9.6067,58.9285],[9.5743,58.9218],[9.4699,58.9285],[9.5095,58.9116],[9.5239,58.8998],[9.5131,58.8948],[9.4699,58.9015],[9.4555,58.8981],[9.4519,58.8812],[9.4267,58.8931],[9.3979,58.8981],[9.3727,58.8948],[9.3619,58.8812],[9.3799,58.888],[9.3943,58.8897],[9.4015,58.888],[9.4051,58.8812],[9.3979,58.8745],[9.3907,58.8694],[9.3835,58.8677],[9.3403,58.8627],[9.3187,58.866],[9.2971,58.8812],[9.2935,58.8677],[9.2719,58.834],[9.2827,58.8323],[9.3043,58.8272],[9.3115,58.8255],[9.3223,58.8289],[9.3547,58.8407],[9.3799,58.8441],[9.4015,58.8441],[9.4267,58.8407],[9.4519,58.834],[9.4375,58.8205],[9.3871,58.8036],[9.3655,58.7918],[9.3871,58.7951],[9.4087,58.8002],[9.4087,58.7918],[9.3907,58.7867],[9.3727,58.7782],[9.3511,58.7647],[9.3403,58.7512],[9.3079,58.7394],[9.2503,58.7343],[9.0811,58.7445],[9.0703,58.7411],[9.0631,58.7343],[9.0595,58.7276],[9.0631,58.7242],[9.1423,58.709],[9.1675,58.7158],[9.1135,58.731],[9.0991,58.7377],[9.2143,58.7208],[9.2179,58.7023],[9.1855,58.6921],[9.0955,58.6904],[9.0595,58.6837],[9.0883,58.6837],[9.1567,58.6887],[9.1819,58.6871],[9.1999,58.6719],[9.1891,58.6651],[9.1531,58.6432],[9.0883,58.6145],[9.0343,58.5942],[8.9911,58.6009],[8.9839,58.5976],[8.9803,58.5925],[8.9767,58.5891],[8.9695,58.5874],[8.9623,58.5891],[8.9551,58.5976],[8.9479,58.6009],[8.9263,58.6077],[8.9119,58.6077],[8.9191,58.5959],[8.9407,58.5874],[8.9479,58.579],[8.9479,58.5689],[8.9515,58.5469],[8.9443,58.5266],[8.9263,58.5131],[8.9083,58.5013],[8.8471,58.4675],[8.8219,58.4523],[8.7931,58.4405],[8.7787,58.4338],[8.7535,58.427],[8.7391,58.4152],[8.7319,58.4034],[8.7139,58.3916],[8.7067,58.3797],[8.6815,58.3713],[8.6671,58.3679],[8.6527,58.3662],[8.6419,58.3645],[8.6347,58.3561],[8.6275,58.3477],[8.6203,58.3392],[8.6059,58.3325],[8.5951,58.3308],[8.5879,58.3341],[8.5879,58.3409],[8.5807,58.3477],[8.5447,58.3122],[8.5123,58.2936],[8.5051,58.2835],[8.5195,58.2717],[8.5015,58.2565],[8.4799,58.2599],[8.4547,58.2632],[8.4367,58.2582],[8.4223,58.27],[8.4079,58.2717],[8.4007,58.2666],[8.4043,58.2548],[8.4079,58.2447],[8.3899,58.2413],[8.3539,58.2447],[8.3467,58.2413],[8.3179,58.2261],[8.3071,58.2193],[8.2963,58.2126],[8.2603,58.2075],[8.2423,58.2024],[8.2531,58.2024],[8.2639,58.1991],[8.2711,58.1957],[8.2567,58.1788],[8.2495,58.172],[8.2279,58.1636],[8.2243,58.1568],[8.2243,58.1518],[8.2207,58.14],[8.2243,58.1349],[8.2027,58.1231],[8.1847,58.1332],[8.1739,58.1467],[8.1595,58.145],[8.1379,58.1146],[8.1235,58.1028],[8.1091,58.1028],[8.0983,58.1079],[8.0659,58.1096],[8.0515,58.1129],[8.0479,58.1163],[8.0371,58.1298],[8.0263,58.1416],[8.0551,58.1484],[8.0659,58.1535],[8.0803,58.1619],[8.0587,58.1771],[8.0443,58.2041],[8.0299,58.2244],[8.0047,58.2227],[8.0227,58.2024],[8.0263,58.1839],[8.0227,58.1636],[8.0083,58.145],[7.9543,58.1248],[7.9327,58.1096],[7.9579,58.0927],[7.9147,58.0825],[7.7563,58.0707],[7.7167,58.0606],[7.6951,58.0589],[7.6627,58.0674],[7.6519,58.064],[7.6627,58.0454],[7.6411,58.0454],[7.6339,58.0471],[7.6267,58.0522],[7.6303,58.0319],[7.6159,58.0218],[7.5943,58.0268],[7.5799,58.0454],[7.5763,58.0319],[7.5763,58.0268],[7.5799,58.0167],[7.3891,58.0167],[7.2667,58.0353],[7.2523,58.0437],[7.2487,58.0589],[7.1911,58.042],[7.1767,58.0319],[7.1659,58.0454],[7.1551,58.0505],[7.0831,58.037],[7.0795,58.0319],[7.0795,58.0285],[7.0795,58.0251],[7.0759,58.0201],[7.0759,58.0133],[7.0759,58.0066],[7.0687,58.0032],[7.0615,58.0032],[7.0219,57.9947],[7.0075,57.9931],[6.9967,57.9964],[7.0039,58.0116],[7.0003,58.0302],[7.0219,58.0437],[7.0543,58.0522],[7.0759,58.0623],[7.0867,58.0707],[7.0975,58.069],[7.1047,58.0623],[7.1155,58.0589],[7.1263,58.064],[7.1407,58.0859],[7.1479,58.0927],[7.1479,58.0994],[7.1263,58.0977],[7.0651,58.0775],[7.0507,58.069],[7.0363,58.0623],[6.9571,58.0454],[6.9355,58.0454],[6.9535,58.0589],[6.9787,58.0893],[6.9967,58.0994],[6.9787,58.1062],[6.9247,58.0657],[6.8995,58.0522],[6.9067,58.064],[6.9139,58.0758],[6.9139,58.0859],[6.9067,58.0994],[6.8959,58.0961],[6.8779,58.0842],[6.8671,58.0792],[6.8527,58.0809],[6.8311,58.0842],[6.8131,58.091],[6.8059,58.0994],[6.8491,58.1146],[6.8707,58.1197],[6.9499,58.1214],[6.9751,58.1265],[6.9895,58.1416],[6.9607,58.14],[6.9031,58.1315],[6.8743,58.1349],[6.8491,58.1467],[6.8023,58.1788],[6.7771,58.1822],[6.8131,58.1281],[6.8095,58.1214],[6.7591,58.1163],[6.7303,58.1197],[6.7159,58.1349],[6.7267,58.145],[6.7267,58.1568],[6.7231,58.172],[6.7231,58.1889],[6.6979,58.1366],[6.6871,58.1214],[6.7051,58.1197],[6.7123,58.1146],[6.7159,58.1079],[6.7231,58.0994],[6.7339,58.0944],[6.7519,58.0859],[6.7735,58.0741],[6.7843,58.069],[6.7843,58.0657],[6.7627,58.0589],[6.7555,58.0589],[6.7339,58.064],[6.7231,58.0657],[6.6187,58.069],[6.5971,58.0758],[6.5431,58.1079],[6.5323,58.1214],[6.5503,58.1231],[6.5683,58.1315],[6.5827,58.1467],[6.5863,58.1653],[6.5971,58.1771],[6.6547,58.1771],[6.6763,58.1822],[6.6619,58.1889],[6.6547,58.1889],[6.6763,58.2075],[6.7267,58.221],[6.7663,58.2463],[6.8455,58.2717],[6.8275,58.275],[6.8023,58.27],[6.7555,58.2548],[6.6979,58.2244],[6.6799,58.2227],[6.6691,58.2311],[6.6403,58.2649],[6.6331,58.275],[6.6403,58.2936],[6.6547,58.3021],[6.6763,58.3021],[6.6943,58.2919],[6.7087,58.3122],[6.6871,58.3274],[6.6655,58.324],[6.6403,58.3156],[6.6187,58.319],[6.6187,58.2649],[6.6259,58.2447],[6.5611,58.243],[6.4999,58.2632],[6.3991,58.2717],[6.3487,58.2852],[6.2911,58.3088],[6.2803,58.3122],[6.2659,58.3139],[6.2479,58.3173],[6.2299,58.3223],[6.2191,58.3291],[6.2047,58.3358],[6.1399,58.3392],[6.0859,58.3595],[6.0607,58.3747],[6.0499,58.3797],[6.0211,58.3814],[6.0103,58.3848],[6.0031,58.3899],[5.9851,58.4068],[5.9779,58.4152],[5.9743,58.4236],[5.9707,58.4372],[5.9671,58.449],[5.9671,58.4591],[5.9635,58.4675],[5.9563,58.4777],[5.9275,58.4844],[5.8375,58.4811],[5.7979,58.4895],[5.7799,58.5216],[5.7403,58.5266],[5.7043,58.5216],[5.6467,58.5486],[5.6539,58.5621],[5.6143,58.5925],[5.5711,58.628],[5.5495,58.6668],[5.5279,58.6938],[5.5171,58.7141],[5.5063,58.7293],[5.4775,58.7546],[5.4955,58.7664],[5.5279,58.7833],[5.5351,58.7985],[5.5387,58.8154],[5.5387,58.834],[5.5387,58.8542],[5.5315,58.8694],[5.5387,58.8745],[5.5531,58.8779],[5.5639,58.8812],[5.5711,58.8948],[5.5711,58.8998],[5.5639,58.9049],[5.5495,58.915],[5.5495,58.9201],[5.5423,58.9353],[5.5351,58.9454],[5.5387,58.9555],[5.5459,58.9555],[5.5567,58.9471],[5.5675,58.9437],[5.5963,58.915],[5.6179,58.9066],[5.6251,58.9251],[5.6179,58.9353],[5.5927,58.9505],[5.5495,58.9707],[5.5603,58.9775],[5.5711,58.9826],[5.5819,58.9826],[5.5927,58.9775],[5.5783,58.9893],[5.5423,58.9842],[5.5243,58.991],[5.5351,58.9994],[5.5423,59.0096],[5.5495,59.0383],[5.7151,58.9775],[5.7079,58.9522],[5.7007,58.9184],[5.7043,58.888],[5.7151,58.8677],[5.7367,58.9285],[5.7547,58.9336],[5.8015,58.9319],[5.8195,58.937],[5.8195,58.942],[5.8159,58.9606],[5.8231,58.964],[5.8519,58.9657],[5.8663,58.964],[5.8843,58.9589],[5.9203,58.9454],[5.9347,58.937],[5.9563,58.9133],[5.9707,58.9032],[6.0931,58.8475],[6.1363,58.839],[6.2299,58.8407],[6.2047,58.8492],[6.1183,58.8542],[6.1039,58.8593],[6.0823,58.8711],[6.0643,58.8846],[6.0571,58.9015],[6.0643,58.9133],[6.0787,58.9285],[6.1039,58.9505],[6.1255,58.9623],[6.1939,58.9842],[6.6259,59.0535],[6.6259,59.0602],[6.3523,59.0332],[6.2983,59.0146],[6.1615,58.9978],[6.1255,58.9842],[6.0355,58.9049],[5.9815,58.9522],[5.9743,58.964],[5.9851,58.9842],[6.0067,58.991],[6.0319,58.9927],[6.0499,58.9978],[6.0391,59.0028],[6.0211,59.0197],[6.0103,59.0248],[5.9923,59.0248],[5.9527,59.0163],[5.9347,59.018],[5.9131,59.0282],[5.8915,59.045],[5.8771,59.067],[5.8735,59.0873],[5.8915,59.1041],[5.9239,59.1143],[6.0211,59.1261],[6.0499,59.1345],[6.1075,59.143],[6.1255,59.148],[6.0895,59.1531],[6.0391,59.148],[6.0103,59.1497],[6.0319,59.1751],[6.0643,59.2071],[6.0787,59.2173],[6.1255,59.2342],[6.1723,59.2612],[6.2515,59.2781],[6.3235,59.3152],[6.3703,59.322],[6.4603,59.3203],[6.4603,59.327],[6.3379,59.327],[6.3127,59.3237],[6.2011,59.2764],[6.1543,59.2679],[6.1111,59.2747],[6.0859,59.3068],[6.2371,59.3135],[6.2371,59.3203],[6.2263,59.3304],[6.2119,59.3405],[6.1975,59.3524],[6.2011,59.3439],[6.1975,59.3355],[6.1903,59.327],[6.1723,59.322],[6.1651,59.327],[6.1579,59.3372],[6.1471,59.3405],[6.1435,59.3372],[6.1291,59.3237],[6.1219,59.3203],[6.1111,59.3186],[6.1003,59.3186],[6.0931,59.3203],[6.0787,59.3253],[6.0679,59.3321],[6.0643,59.3422],[6.0571,59.354],[6.0535,59.3338],[6.0391,59.327],[6.0139,59.3287],[5.9959,59.3338],[5.9959,59.3405],[6.0067,59.3456],[6.0139,59.3557],[6.0211,59.3659],[6.0319,59.3743],[6.0427,59.3844],[6.0535,59.3912],[6.0787,59.403],[6.1291,59.4165],[6.1543,59.4267],[6.1759,59.4435],[6.1759,59.4402],[6.1867,59.4334],[6.1903,59.43],[6.1939,59.4385],[6.1975,59.4452],[6.2119,59.4604],[6.2155,59.4689],[6.2191,59.4891],[6.2227,59.4976],[6.2443,59.5111],[6.4279,59.5516],[6.5431,59.5601],[6.5035,59.5719],[6.3379,59.5533],[6.2731,59.528],[6.2371,59.5263],[6.2479,59.5415],[6.2659,59.555],[6.2803,59.5719],[6.2839,59.5904],[6.2839,59.6107],[6.2875,59.6293],[6.2983,59.6445],[6.3127,59.6563],[6.2875,59.6495],[6.2659,59.6259],[6.2551,59.5955],[6.2479,59.5702],[6.2443,59.5617],[6.2371,59.5499],[6.2191,59.5297],[6.1975,59.5111],[6.1615,59.4689],[6.1543,59.4587],[6.1399,59.4503],[6.1003,59.4334],[6.0787,59.4199],[6.0427,59.4047],[6.0283,59.403],[6.0103,59.4081],[5.9995,59.4283],[5.9815,59.43],[5.9887,59.4165],[5.9815,59.4148],[5.9743,59.4098],[5.9707,59.4081],[5.9707,59.403],[5.9779,59.3996],[5.9851,59.3963],[5.9923,59.3895],[5.9959,59.3811],[5.9491,59.3608],[5.9239,59.3557],[5.9131,59.3709],[5.9095,59.3828],[5.9023,59.3895],[5.8915,59.3946],[5.8879,59.403],[5.8843,59.4148],[5.8843,59.425],[5.8843,59.4351],[5.8879,59.4469],[5.9239,59.4469],[6.1543,59.4773],[6.1327,59.4908],[6.1039,59.4925],[6.0751,59.4891],[6.0247,59.4739],[5.9023,59.479],[5.8879,59.4824],[5.8735,59.4874],[5.8627,59.4942],[5.8483,59.5094],[5.8411,59.5111],[5.8339,59.5162],[5.8231,59.5347],[5.8195,59.5398],[5.8087,59.5398],[5.7907,59.528],[5.7763,59.5263],[5.8051,59.4942],[5.8087,59.4807],[5.7979,59.4638],[5.7763,59.4503],[5.7475,59.4452],[5.7223,59.452],[5.7079,59.4706],[5.7151,59.4469],[5.6971,59.43],[5.6467,59.4081],[5.6647,59.4064],[5.7367,59.43],[5.7619,59.4317],[5.7835,59.43],[5.8015,59.4199],[5.8519,59.3844],[5.8591,59.3743],[5.8591,59.3507],[5.8447,59.3473],[5.7835,59.3439],[5.7619,59.3473],[5.7511,59.3355],[5.7367,59.3355],[5.7043,59.3405],[5.6971,59.3389],[5.6971,59.3321],[5.6971,59.3253],[5.6935,59.3203],[5.6827,59.3135],[5.6791,59.3101],[5.6683,59.3051],[5.6251,59.2916],[5.6107,59.2933],[5.6107,59.3051],[5.6179,59.3169],[5.6323,59.3253],[5.6467,59.327],[5.6467,59.3338],[5.6251,59.354],[5.6071,59.3895],[5.5855,59.4165],[5.5603,59.4098],[5.5711,59.4081],[5.5783,59.403],[5.5855,59.3963],[5.5783,59.376],[5.5747,59.3338],[5.5675,59.3169],[5.5495,59.3],[5.5279,59.2865],[5.5063,59.2781],[5.4739,59.2781],[5.4559,59.2882],[5.4343,59.3085],[5.4235,59.3304],[5.4307,59.3507],[5.4415,59.3692],[5.4415,59.3929],[5.4343,59.4047],[5.4127,59.3963],[5.4055,59.3794],[5.4019,59.3591],[5.4055,59.3169],[5.4055,59.3051],[5.3983,59.2966],[5.3911,59.2949],[5.3803,59.3],[5.3731,59.3068],[5.3695,59.3186],[5.3659,59.3405],[5.3551,59.3557],[5.3515,59.3659],[5.3587,59.3878],[5.3587,59.3996],[5.3551,59.4115],[5.3479,59.4165],[5.3371,59.4148],[5.3335,59.4115],[5.3299,59.3574],[5.3299,59.354],[5.2975,59.3439],[5.2327,59.425],[5.2003,59.43],[5.1967,59.4435],[5.1931,59.4638],[5.1895,59.4976],[5.1859,59.5026],[5.1823,59.506],[5.1823,59.5111],[5.1895,59.5178],[5.2003,59.5246],[5.2147,59.5263],[5.2435,59.5263],[5.2435,59.5313],[5.2003,59.5398],[5.2003,59.5465],[5.2219,59.5516],[5.2363,59.5601],[5.2903,59.6006],[5.3047,59.6276],[5.3227,59.6377],[5.3443,59.6479],[5.3659,59.6529],[5.3875,59.6495],[5.3947,59.6377],[5.4019,59.6056],[5.4127,59.5955],[5.4163,59.6107],[5.4271,59.6242],[5.4271,59.636],[5.4163,59.6495],[5.4019,59.6614],[5.3983,59.6698],[5.4127,59.6884],[5.4379,59.7086],[5.4883,59.7374],[5.4847,59.7272],[5.4811,59.7238],[5.4919,59.7188],[5.4991,59.7137],[5.5027,59.7103],[5.5063,59.6935],[5.5063,59.6715],[5.4991,59.6512],[5.4847,59.6327],[5.4811,59.6208],[5.4811,59.6107],[5.4883,59.5989],[5.4883,59.5871],[5.4883,59.5753],[5.4847,59.5702],[5.4631,59.5601],[5.4595,59.5567],[5.4523,59.5482],[5.4523,59.5465],[5.4343,59.5465],[5.4235,59.5465],[5.4163,59.5432],[5.4127,59.5347],[5.4091,59.5212],[5.4091,59.5162],[5.4091,59.5094],[5.4163,59.5043],[5.4235,59.506],[5.4343,59.5145],[5.4415,59.5178],[5.5063,59.533],[5.5171,59.5398],[5.5279,59.5533],[5.5279,59.5584],[5.5387,59.5769],[5.5387,59.5989],[5.5279,59.6073],[5.5243,59.6175],[5.5351,59.6411],[5.5495,59.6647],[5.5639,59.6766],[5.5819,59.6783],[5.6071,59.6715],[5.6251,59.6698],[5.6935,59.6698],[5.7223,59.6631],[5.7295,59.6479],[5.7259,59.6276],[5.7151,59.6073],[5.7439,59.6073],[5.7547,59.609],[5.7619,59.6141],[5.7655,59.6208],[5.7655,59.6377],[5.7655,59.6462],[5.7907,59.6563],[5.8195,59.6597],[5.8807,59.6563],[5.8807,59.6766],[5.7871,59.6597],[5.7619,59.6631],[5.7475,59.6749],[5.7547,59.6884],[5.7979,59.7103],[5.8051,59.7171],[5.8087,59.7238],[5.8159,59.7289],[5.8735,59.7357],[5.8879,59.7374],[5.8915,59.7458],[5.8915,59.7542],[5.8951,59.761],[5.9023,59.7644],[5.9131,59.7627],[5.9203,59.7559],[5.9275,59.7492],[5.9347,59.7441],[5.9851,59.7357],[6.0391,59.7458],[6.1615,59.7965],[6.1723,59.8032],[6.1759,59.8049],[6.1903,59.8066],[6.1975,59.81],[6.2119,59.8252],[6.2155,59.8268],[6.2911,59.8404],[6.3127,59.8539],[6.2443,59.8437],[6.1219,59.8049],[6.0355,59.7644],[6.0211,59.761],[6.0031,59.7593],[5.9635,59.7593],[5.9455,59.7661],[5.9347,59.7796],[5.9347,59.7948],[5.9455,59.8015],[5.9563,59.8066],[5.9599,59.8167],[5.9563,59.842],[5.9599,59.8505],[5.9707,59.8606],[5.9455,59.8556],[5.9347,59.842],[5.9275,59.8218],[5.9275,59.8032],[5.9131,59.7914],[5.8843,59.7813],[5.8519,59.7745],[5.8303,59.7728],[5.8087,59.7779],[5.7907,59.7897],[5.7583,59.8167],[5.7367,59.8285],[5.7151,59.8319],[5.7079,59.8387],[5.7223,59.8606],[5.7043,59.8505],[5.6827,59.842],[5.6611,59.8404],[5.6467,59.8539],[5.6719,59.8556],[5.6971,59.8623],[5.7439,59.8826],[5.7403,59.9096],[5.7727,59.9315],[5.8195,59.9451],[5.8591,59.9518],[5.9635,59.9569],[5.9707,59.9602],[5.9779,59.967],[5.9815,59.9754],[5.9815,59.9805],[5.9779,59.9856],[5.9491,59.9974],[6.0103,60.0582],[6.0967,60.092],[6.2911,60.1224],[6.2911,60.1291],[6.2659,60.1274],[6.2623,60.1375],[6.2623,60.1527],[6.2551,60.1629],[6.2479,60.1612],[6.2335,60.1544],[6.2191,60.146],[6.2155,60.1392],[6.2011,60.1257],[6.1651,60.1156],[6.1291,60.1088],[6.1039,60.1072],[6.1075,60.1342],[6.0859,60.1679],[6.0751,60.1983],[6.1435,60.2152],[6.1543,60.227],[6.1651,60.2422],[6.1795,60.2591],[6.2083,60.276],[6.2119,60.2861],[6.2011,60.2997],[6.2587,60.3081],[6.2767,60.3132],[6.2875,60.3199],[6.3091,60.3385],[6.3199,60.3419],[6.3343,60.3419],[6.3343,60.3452],[6.3343,60.3503],[6.3379,60.3554],[6.3415,60.3588],[6.3451,60.3638],[6.3523,60.3689],[6.3847,60.3773],[6.4171,60.3824],[6.4423,60.3891],[6.4783,60.4195],[6.5035,60.4314],[6.5395,60.4347],[6.5755,60.4314],[6.6403,60.4162],[6.5935,60.3638],[6.5719,60.33],[6.5791,60.3064],[6.5683,60.2946],[6.5359,60.2726],[6.5323,60.2625],[6.5215,60.1865],[6.5143,60.1527],[6.5107,60.1359],[6.5107,60.1105],[6.5179,60.0801],[6.5251,60.0801],[6.5251,60.1359],[6.5287,60.1646],[6.5467,60.1831],[6.5791,60.2254],[6.5827,60.2389],[6.5827,60.249],[6.5719,60.2726],[6.5971,60.2946],[6.6295,60.3571],[6.6547,60.3824],[6.6727,60.3908],[6.7015,60.3993],[6.7159,60.4094],[6.7483,60.4466],[6.7627,60.4567],[6.7843,60.4668],[6.8023,60.4736],[6.9427,60.4921],[7.0327,60.4786],[7.0795,60.4786],[7.1047,60.5057],[6.8995,60.5057],[6.8995,60.5124],[6.9067,60.5124],[6.9175,60.5141],[6.9247,60.5175],[6.9283,60.5225],[6.9319,60.5327],[6.9427,60.5361],[6.9535,60.5377],[6.9643,60.5394],[7.0183,60.5884],[6.9895,60.5901],[6.9499,60.5749],[6.9139,60.5529],[6.8887,60.5327],[6.8563,60.504],[6.8383,60.4955],[6.7735,60.4854],[6.7375,60.4719],[6.6763,60.4364],[6.6547,60.433],[6.6295,60.4314],[6.6043,60.433],[6.5935,60.4432],[6.6007,60.4651],[6.6727,60.5006],[6.6943,60.5192],[6.6475,60.5124],[6.5611,60.4634],[6.5143,60.4499],[6.4819,60.4482],[6.4279,60.4347],[6.3955,60.4314],[6.3703,60.4246],[6.3199,60.3959],[6.2983,60.3891],[6.2695,60.3891],[6.2479,60.3976],[6.2263,60.4128],[6.2083,60.4314],[6.1939,60.4651],[6.1903,60.4719],[6.1759,60.4702],[6.1759,60.4618],[6.1795,60.4499],[6.1831,60.4398],[6.1939,60.433],[6.2119,60.406],[6.2335,60.3959],[6.2407,60.3875],[6.2407,60.379],[6.2263,60.3739],[6.1939,60.3841],[6.1651,60.3739],[6.1327,60.3739],[6.1183,60.3689],[6.1327,60.3621],[6.1903,60.3554],[6.1795,60.3402],[6.1507,60.3216],[6.1399,60.3064],[6.1471,60.2963],[6.1543,60.2912],[6.1615,60.2861],[6.1507,60.2676],[6.1399,60.2541],[6.1255,60.2473],[6.1039,60.2456],[6.0823,60.2507],[6.0355,60.2693],[6.0175,60.2726],[5.9959,60.2642],[5.9851,60.2507],[5.9779,60.2338],[5.9707,60.2169],[5.9347,60.1899],[5.9131,60.1696],[5.9059,60.1629],[5.8915,60.1595],[5.8735,60.1629],[5.8591,60.1629],[5.8519,60.1494],[5.8519,60.1375],[5.8735,60.0869],[5.8735,60.0514],[5.8555,60.0244],[5.8231,60.0075],[5.7835,60.0042],[5.7871,60.0126],[5.7907,60.0193],[5.7727,60.0227],[5.7547,59.9906],[5.7403,59.994],[5.7079,60.0092],[5.7007,60.016],[5.7007,60.0244],[5.6935,60.0312],[5.6899,60.0362],[5.6827,60.0396],[5.6899,60.0616],[5.7007,60.0666],[5.7367,60.0599],[5.7583,60.0599],[5.7763,60.0649],[5.7907,60.0768],[5.7979,60.0936],[5.7583,60.0936],[5.7511,60.092],[5.7475,60.0869],[5.7439,60.0835],[5.7331,60.0801],[5.7223,60.0835],[5.7151,60.0903],[5.7115,60.0987],[5.7007,60.1038],[5.7079,60.1105],[5.7259,60.119],[5.7295,60.1325],[5.7043,60.1595],[5.7079,60.1764],[5.7259,60.1865],[5.7907,60.2051],[5.7907,60.2118],[5.7583,60.2102],[5.7187,60.2017],[5.6827,60.1899],[5.6539,60.1764],[5.6503,60.1713],[5.6503,60.1561],[5.6467,60.1494],[5.6359,60.1477],[5.6179,60.1494],[5.5927,60.1392],[5.5711,60.1409],[5.5531,60.1511],[5.5423,60.1629],[5.5603,60.1663],[5.5747,60.1764],[5.5783,60.1882],[5.5639,60.1966],[5.5639,60.2051],[5.5999,60.2068],[5.6719,60.227],[5.7079,60.2321],[5.7079,60.2389],[5.6251,60.2372],[5.5999,60.2321],[5.6287,60.2524],[5.6395,60.2642],[5.6323,60.2726],[5.6143,60.2726],[5.5999,60.2608],[5.5891,60.2473],[5.5711,60.2389],[5.5747,60.2557],[5.5855,60.2642],[5.5999,60.2693],[5.6071,60.276],[5.6107,60.2845],[5.6359,60.3132],[5.6467,60.3216],[5.6467,60.3267],[5.6539,60.3368],[5.6611,60.3486],[5.6683,60.3554],[5.6827,60.3621],[5.7187,60.3706],[5.7331,60.379],[5.7367,60.3925],[5.7187,60.3891],[5.6971,60.3807],[5.6899,60.3756],[5.6719,60.3723],[5.6611,60.3672],[5.6503,60.3571],[5.6395,60.3469],[5.6395,60.3537],[5.6359,60.3621],[5.6323,60.3689],[5.6179,60.3537],[5.5999,60.3334],[5.5855,60.3098],[5.5783,60.2895],[5.5675,60.2811],[5.5315,60.2304],[5.5279,60.2169],[5.5171,60.2135],[5.4739,60.1865],[5.4379,60.1713],[5.4271,60.1629],[5.4235,60.1527],[5.4163,60.1392],[5.4091,60.1308],[5.3875,60.1443],[5.3515,60.1561],[5.3659,60.1612],[5.3731,60.1629],[5.3731,60.1696],[5.3191,60.1815],[5.3047,60.1899],[5.3119,60.2],[5.3263,60.2051],[5.3515,60.2118],[5.3515,60.2169],[5.3191,60.222],[5.2507,60.2068],[5.2219,60.2118],[5.2975,60.249],[5.3119,60.2659],[5.2759,60.2642],[5.1715,60.2794],[5.1607,60.2845],[5.1607,60.2946],[5.1643,60.3081],[5.1715,60.3165],[5.1823,60.3216],[5.1967,60.3233],[5.2291,60.3216],[5.2111,60.3334],[5.2003,60.3385],[5.1571,60.3419],[5.1463,60.3436],[5.1427,60.352],[5.1463,60.3689],[5.1787,60.3891],[5.2651,60.3875],[5.2975,60.3959],[5.2831,60.401],[5.2507,60.4314],[5.2579,60.4466],[5.2615,60.4499],[5.2363,60.4736],[5.2399,60.4888],[5.2795,60.5225],[5.3047,60.5276],[5.3371,60.5141],[5.3659,60.4955],[5.3875,60.4854],[5.3983,60.482],[5.4487,60.4466],[5.4775,60.4347],[5.5279,60.4212],[5.5747,60.4145],[5.6179,60.4179],[5.6539,60.4314],[5.6503,60.4482],[5.6683,60.4567],[5.6899,60.4618],[5.7079,60.4719],[5.7151,60.4837],[5.7151,60.4989],[5.7079,60.5327],[5.7079,60.5631],[5.7115,60.6036],[5.7223,60.6391],[5.7439,60.6559],[5.7223,60.6678],[5.7259,60.6863],[5.7403,60.7049],[5.7511,60.7184],[5.7295,60.7066],[5.7079,60.7032],[5.6647,60.7032],[5.6611,60.7117],[5.6719,60.7269],[5.6863,60.7437],[5.6935,60.7522],[5.6755,60.7573],[5.6611,60.7454],[5.6467,60.7269],[5.6287,60.7184],[5.6215,60.715],[5.5999,60.7015],[5.5927,60.6982],[5.5783,60.6965],[5.5351,60.6982],[5.5243,60.6863],[5.5351,60.6391],[5.5279,60.6289],[5.5063,60.6272],[5.4415,60.6154],[5.3731,60.58],[5.3011,60.5614],[5.2759,60.5597],[5.2507,60.5631],[5.2219,60.5749],[5.1895,60.5935],[5.1607,60.6154],[5.0995,60.6492],[5.0851,60.6627],[5.1247,60.661],[5.1571,60.6492],[5.2219,60.6154],[5.2291,60.6205],[5.1607,60.6694],[5.0851,60.7117],[5.1031,60.7117],[5.1463,60.7032],[5.1247,60.7252],[5.0959,60.7285],[5.0599,60.7302],[5.0347,60.7421],[4.9842,60.7792],[4.959,60.7944],[4.9266,60.7995],[4.9518,60.8079],[4.9806,60.8096],[5.0095,60.8012],[5.0563,60.7792],[5.1103,60.7741],[5.1499,60.7505],[5.1751,60.7421],[5.2795,60.7218],[5.3047,60.7117],[5.3047,60.6982],[5.3119,60.6762],[5.3263,60.6559],[5.3479,60.6407],[5.3731,60.6357],[5.3623,60.6391],[5.3587,60.6458],[5.3515,60.6526],[5.3515,60.6627],[5.3731,60.6543],[5.4127,60.6323],[5.4343,60.6289],[5.4199,60.6424],[5.3911,60.6593],[5.3695,60.6745],[5.3803,60.6846],[5.3947,60.6813],[5.4271,60.6627],[5.4343,60.6627],[5.4307,60.6745],[5.4199,60.6813],[5.4091,60.688],[5.4127,60.7032],[5.3803,60.7134],[5.3731,60.7184],[5.3695,60.7252],[5.3659,60.7336],[5.3623,60.7421],[5.3551,60.7454],[5.3083,60.7454],[5.2831,60.7471],[5.2579,60.7606],[5.2471,60.7606],[5.2399,60.764],[5.2363,60.7758],[5.2399,60.7792],[5.2615,60.7927],[5.2831,60.7995],[5.3299,60.8062],[5.3515,60.813],[5.3371,60.84],[5.3551,60.8535],[5.4307,60.8687],[5.4487,60.867],[5.4631,60.8636],[5.4811,60.8619],[5.4955,60.8636],[5.5099,60.867],[5.5387,60.8755],[5.5063,60.8771],[5.4811,60.8839],[5.4703,60.8957],[5.4955,60.9092],[5.4703,60.9075],[5.3983,60.8822],[5.3479,60.8771],[5.3263,60.8687],[5.3191,60.8451],[5.2939,60.8231],[5.2399,60.8164],[5.1895,60.8282],[5.1679,60.8552],[5.1643,60.8316],[5.1499,60.8147],[5.1319,60.8113],[5.1175,60.8282],[5.1319,60.8349],[5.1139,60.8383],[5.0671,60.8349],[5.0455,60.8451],[5.0383,60.8569],[5.0275,60.8856],[5.0203,60.8991],[5.0131,60.9059],[5.0095,60.9092],[5.0095,60.916],[5.0095,60.9261],[5.0059,60.9312],[4.9878,60.943],[4.9806,60.9514],[4.9914,60.9633],[5.0131,60.965],[5.0383,60.9616],[5.0563,60.9582],[5.0779,60.9498],[5.0815,60.9413],[5.0779,60.9059],[5.0815,60.889],[5.0923,60.8771],[5.0995,60.8771],[5.1031,60.8923],[5.0959,60.9396],[5.0995,60.9514],[5.1139,60.9616],[5.1319,60.965],[5.1427,60.9717],[5.1391,60.992],[5.1355,60.9886],[5.1319,60.9869],[5.1319,60.9852],[5.1211,60.9835],[5.0923,60.9734],[5.0779,60.9717],[5.0239,60.9785],[5.0131,60.9818],[5.0059,60.997],[5.0053,61],[5.4447,61],[5.4487,60.9953],[5.4631,60.9987],[5.4636,61],[7.0033,61],[6.9895,60.9903],[6.9715,60.9818],[6.9391,60.9734],[6.8743,60.9379],[6.9643,60.965],[7.0111,60.9717],[7.0507,60.965],[7.1155,60.9396],[7.1299,60.9261],[7.1299,60.9126],[7.1047,60.8619],[7.1299,60.8755],[7.1587,60.8974],[7.1731,60.9244],[7.1623,60.9514],[7.1515,60.9531],[7.1011,60.9599],[7.0939,60.9633],[7.0831,60.9751],[7.0642,61]],[[54.7475,40.9958],[54.7223,41.0195],[54.6899,41.06],[54.6791,41.0651],[54.6791,41.0701],[54.7007,41.0684],[54.7259,41.06],[54.7691,41.0364],[54.7619,41.0448],[54.7403,41.0583],[54.7331,41.0651],[54.7223,41.0752],[54.7187,41.0803],[54.7187,41.0853],[54.7187,41.0921],[54.7259,41.0988],[54.7295,41.1005],[54.7331,41.0988],[54.7151,41.1157],[54.6899,41.1208],[54.6611,41.1242],[54.6359,41.1326],[54.6359,41.163],[54.5999,41.1917],[54.4019,41.3082],[54.3119,41.3386],[54.2939,41.3471],[54.2579,41.3758],[54.2111,41.396],[54.1895,41.4078],[54.1859,41.4129],[54.1751,41.4298],[54.1535,41.4534],[54.1463,41.4602],[54.1103,41.4653],[54.0887,41.4754],[54.0743,41.4872],[54.0599,41.5024],[54.0419,41.5345],[54.0311,41.57],[54.0275,41.6088],[54.0239,41.6949],[54.0203,41.7321],[54.0095,41.7641],[53.9915,41.7962],[53.9447,41.8587],[53.9375,41.8756],[53.9339,41.884],[53.9231,41.8874],[53.9087,41.8891],[53.9015,41.8925],[53.8979,41.906],[53.9015,41.9144],[53.9051,41.9229],[53.9087,41.9347],[53.9087,41.9414],[53.9051,41.96],[53.9015,41.9718],[53.9159,41.9955],[53.9159,42.0073],[53.9159,42.0242],[53.9123,42.0428],[53.9051,42.063],[53.8979,42.0782],[53.8655,42.1019],[53.8187,42.1238],[53.7683,42.1356],[53.7251,42.1255],[53.6819,42.1441],[53.3759,42.1052],[53.3183,42.0816],[53.2967,42.0782],[53.2211,42.0816],[53.1635,42.1035],[53.1203,42.09],[53.0843,42.0647],[53.0591,42.0444],[52.9619,41.9837],[52.9367,41.9549],[52.8215,41.7641],[52.8035,41.7456],[52.7891,41.7354],[52.7819,41.7253],[52.7747,41.7017],[52.7675,41.6763],[52.7711,41.6611],[52.7855,41.6628],[52.8143,41.6932],[52.8323,41.7017],[52.8791,41.6983],[52.9043,41.6898],[52.9151,41.6746],[52.9151,41.6611],[52.9007,41.6409],[52.8971,41.6291],[52.8971,41.6189],[52.9007,41.6003],[52.9043,41.5885],[52.9007,41.5666],[52.8323,41.4382],[52.8287,41.418],[52.8143,41.3893],[52.8143,41.3791],[52.8143,41.369],[52.8287,41.3454],[52.8359,41.3032],[52.8431,41.2407],[52.8503,41.2238],[52.9043,41.1394],[52.9079,41.1225],[52.9043,41.1022],[52.8827,41.0718],[52.8827,41.0499],[52.8755,41.0499],[52.8683,41.06],[52.8539,41.0701],[52.8467,41.0769],[52.8467,41.0887],[52.8539,41.1191],[52.8539,41.1427],[52.8503,41.163],[52.8431,41.1833],[52.8323,41.2018],[52.8287,41.2069],[52.8179,41.217],[52.8143,41.2221],[52.8107,41.2339],[52.8143,41.2525],[52.8143,41.2626],[52.7927,41.3217],[52.7891,41.3302],[52.7783,41.3403],[52.7603,41.3775],[52.7459,41.3859],[52.7315,41.3876],[52.7243,41.3943],[52.7207,41.4045],[52.7171,41.418],[52.7171,41.4264],[52.7099,41.4315],[52.6919,41.445],[52.6811,41.4501],[52.6559,41.4534],[52.6451,41.4585],[52.6127,41.4923],[52.5947,41.5024],[52.5767,41.5092],[52.5623,41.5193],[52.5587,41.5446],[52.5623,41.5463],[52.5839,41.575],[52.5875,41.5835],[52.5875,41.5936],[52.5875,41.6155],[52.5875,41.624],[52.5947,41.6341],[52.5947,41.6409],[52.5911,41.6459],[52.5875,41.6493],[52.5839,41.6527],[52.5803,41.6544],[52.5731,41.673],[52.5659,41.6814],[52.5587,41.6882],[52.5515,41.6898],[52.5371,41.6882],[52.5299,41.6915],[52.5191,41.7017],[52.5155,41.7067],[52.4975,41.7118],[52.4831,41.727],[52.4759,41.7287],[52.4507,41.7354],[52.4363,41.7489],[52.4363,41.7692],[52.4435,41.7912],[52.4831,41.8638],[52.4903,41.9026],[52.4831,41.9414],[52.4759,41.9634],[52.4615,41.9786],[52.4507,41.987],[52.4399,41.9921],[52.4327,42.0005],[52.4291,42.014],[52.4363,42.0478],[52.4363,42.058],[52.4291,42.0664],[52.4003,42.0917],[52.4147,42.1069],[52.4219,42.1255],[52.4291,42.1458],[52.4291,42.1643],[52.4363,42.1795],[52.4507,42.188],[52.4687,42.193],[52.4831,42.2015],[52.5335,42.2724],[52.5875,42.3264],[52.5947,42.3349],[52.5983,42.345],[52.6019,42.3568],[52.5983,42.3771],[52.6019,42.3889],[52.6055,42.3974],[52.6343,42.4193],[52.6415,42.4277],[52.6451,42.4362],[52.6487,42.4531],[52.6487,42.4615],[52.6667,42.502],[52.6775,42.5392],[52.6775,42.5747],[52.6631,42.6135],[52.6379,42.6557],[52.6199,42.6777],[52.5767,42.6979],[52.5659,42.7216],[52.5623,42.7418],[52.5731,42.7503],[52.5803,42.7384],[52.5875,42.7182],[52.6019,42.6979],[52.6199,42.6878],[52.6271,42.6861],[52.6631,42.6675],[52.6667,42.6608],[52.6703,42.6523],[52.6703,42.6473],[52.6775,42.6473],[52.6919,42.6118],[52.7027,42.5932],[52.7099,42.5848],[52.7207,42.5932],[52.7315,42.6135],[52.7423,42.6371],[52.7459,42.6574],[52.7351,42.7013],[52.7135,42.73],[52.6775,42.7469],[52.6307,42.7503],[52.6235,42.7739],[52.5731,42.7992],[52.4723,42.8263],[52.3715,42.833],[52.3571,42.8313],[52.3463,42.8296],[52.3319,42.8246],[52.3211,42.8195],[52.3139,42.8127],[52.3031,42.7959],[52.2995,42.7908],[52.2743,42.7992],[52.2059,42.8668],[52.1699,42.887],[52.1447,42.8887],[52.0583,42.8786],[51.9899,42.86],[51.9539,42.8415],[51.9323,42.8347],[51.9107,42.8431],[51.8531,42.8938],[51.8387,42.909],[51.8171,42.9411],[51.8027,42.958],[51.7919,42.9748],[51.7811,43.012],[51.7703,43.0306],[51.7235,43.0711],[51.7127,43.0914],[51.6983,43.0947],[51.6839,43.0964],[51.6767,43.0998],[51.6695,43.1133],[51.6731,43.1218],[51.6803,43.1285],[51.6839,43.1403],[51.6803,43.1589],[51.6695,43.1792],[51.6515,43.191],[51.6119,43.1775],[51.5615,43.1792],[51.5399,43.1758],[51.5327,43.169],[51.5255,43.1623],[51.5183,43.1572],[51.5075,43.1538],[51.4967,43.1572],[51.4715,43.1673],[51.4607,43.169],[51.3671,43.1538],[51.2771,43.1538],[51.2627,43.164],[51.2663,43.1876],[51.3023,43.2687],[51.3131,43.3109],[51.3203,43.4426],[51.3131,43.4628],[51.2843,43.5084],[51.2771,43.5169],[51.2771,43.527],[51.2771,43.549],[51.2735,43.5591],[51.2591,43.5726],[51.2195,43.5929],[51.2087,43.6098],[51.2051,43.625],[51.1979,43.6266],[51.1871,43.6233],[51.1763,43.6199],[51.1619,43.6233],[51.1547,43.625],[51.1403,43.6334],[51.1151,43.6604],[51.0215,43.8006],[51.0143,43.8191],[51.0107,43.836],[51.0071,43.8462],[51.0035,43.8546],[50.9963,43.8614],[50.9927,43.8664],[50.9891,43.8765],[50.9927,43.8985],[50.9927,43.9086],[50.9819,43.9188],[50.9531,43.939],[50.9459,43.9475],[50.9387,43.966],[50.9243,43.9829],[50.9099,44.0032],[50.9027,44.0116],[50.8919,44.015],[50.8703,44.0201],[50.8595,44.0251],[50.8523,44.0387],[50.8523,44.0471],[50.8595,44.0555],[50.8595,44.069],[50.8559,44.1535],[50.8523,44.1737],[50.8487,44.1889],[50.8199,44.2143],[50.7803,44.2362],[50.6975,44.2649],[50.3447,44.3105],[50.2979,44.3257],[50.2763,44.3358],[50.2547,44.351],[50.2367,44.3696],[50.2295,44.3916],[50.2367,44.4355],[50.2367,44.4574],[50.2295,44.476],[50.2367,44.4844],[50.2259,44.503],[50.2223,44.5351],[50.2259,44.5672],[50.2367,44.5858],[50.2547,44.557],[50.2691,44.5706],[50.2799,44.5976],[50.2835,44.6145],[50.2943,44.6195],[50.2943,44.6313],[50.2943,44.6449],[50.2979,44.655],[50.3123,44.6617],[50.3195,44.66],[50.3303,44.6533],[50.3411,44.6482],[50.4995,44.6263],[50.5463,44.628],[50.5931,44.6398],[50.6183,44.6398],[50.6291,44.6246],[50.6435,44.6212],[50.7299,44.6212],[50.7443,44.6094],[50.7551,44.6043],[50.7695,44.6111],[50.7767,44.6212],[50.7803,44.628],[50.7839,44.633],[50.7947,44.6347],[50.8487,44.633],[50.8739,44.6297],[50.8955,44.6212],[50.9315,44.5976],[50.9603,44.5706],[50.9711,44.5655],[50.9927,44.5689],[51.0035,44.5655],[51.0107,44.5587],[51.0071,44.552],[50.9999,44.5469],[50.9927,44.5452],[51.0071,44.5283],[51.0323,44.5165],[51.1151,44.4878],[51.1439,44.4844],[51.1727,44.4861],[51.2015,44.4912],[51.2267,44.4996],[51.2771,44.5385],[51.2807,44.5418],[51.2843,44.5452],[51.2843,44.5486],[51.2915,44.552],[51.2987,44.5537],[51.3239,44.552],[51.3383,44.5537],[51.3671,44.5604],[51.3815,44.5604],[51.3743,44.5283],[51.4031,44.5216],[51.4715,44.5317],[51.5363,44.5098],[51.5615,44.5115],[51.5723,44.5233],[51.5687,44.5385],[51.5543,44.5503],[51.5399,44.5604],[51.4787,44.5824],[51.4391,44.6094],[51.4139,44.6128],[51.3671,44.6009],[51.3203,44.5959],[51.2915,44.6145],[51.2591,44.6888],[51.2339,44.7191],[51.2015,44.7411],[51.1223,44.7782],[51.1115,44.785],[51.1043,44.7918],[51.0971,44.7968],[51.0611,44.8002],[51.0503,44.8036],[51.0467,44.8103],[51.0359,44.8171],[50.9711,44.8475],[50.9639,44.8644],[50.9603,44.8863],[50.9639,44.9066],[50.9819,44.915],[50.9891,44.9184],[50.9927,44.9268],[50.9927,44.937],[50.9927,44.9437],[50.9783,44.9488],[50.9675,44.9488],[50.9531,44.9522],[50.9495,44.964],[50.9603,44.9792],[50.9819,44.9893],[51.0071,44.9961],[51.0287,44.9978],[51.0539,44.9961],[51.0647,44.9978],[51.0791,45.0045],[51.0863,45.0113],[51.0971,45.0248],[51.1079,45.0315],[51.1511,45.0535],[51.1763,45.0619],[51.1979,45.0653],[51.2123,45.0569],[51.2303,45.04],[51.2519,45.0265],[51.2735,45.0248],[51.2807,45.0383],[51.2735,45.0569],[51.2591,45.0771],[51.2483,45.0906],[51.2447,45.1008],[51.2483,45.1126],[51.2555,45.1244],[51.2591,45.1345],[51.2555,45.1413],[51.2483,45.1565],[51.2447,45.1616],[51.2519,45.1751],[51.2627,45.192],[51.2951,45.2257],[51.2987,45.2409],[51.3095,45.2578],[51.3959,45.3321],[51.4067,45.349],[51.4103,45.3709],[51.4139,45.3895],[51.4283,45.3811],[51.4571,45.3473],[51.4931,45.3355],[51.5435,45.3355],[51.5939,45.3439],[51.6263,45.3608],[51.6587,45.3861],[51.6695,45.3895],[51.6911,45.3878],[51.6983,45.3929],[51.7163,45.4098],[51.7271,45.43],[51.7379,45.4469],[51.7595,45.4571],[51.7703,45.4469],[51.7811,45.4334],[51.7883,45.4199],[51.7919,45.4047],[51.8783,45.3946],[51.8927,45.3912],[51.9215,45.3709],[51.9395,45.3676],[51.9575,45.3709],[51.9899,45.3912],[52.0079,45.3946],[52.0331,45.3929],[52.0727,45.3844],[52.0943,45.3811],[52.4039,45.4098],[52.4471,45.4013],[52.5191,45.4081],[52.5659,45.4013],[52.7351,45.3473],[52.8359,45.3372],[52.8863,45.3186],[52.9079,45.3135],[53.0015,45.3203],[53.0267,45.3169],[53.0843,45.3017],[53.1095,45.3],[53.1275,45.3051],[53.1707,45.322],[53.1959,45.327],[53.1995,45.3287],[53.2139,45.3389],[53.2175,45.3405],[53.2427,45.3355],[53.2463,45.3338],[53.2535,45.3372],[53.2607,45.3422],[53.2679,45.3507],[53.2643,45.3608],[53.2463,45.3693],[53.1419,45.3844],[53.1347,45.3895],[53.1275,45.3963],[53.1203,45.4013],[53.1131,45.4064],[53.0807,45.4081],[53.0339,45.4182],[52.9079,45.4638],[52.8863,45.4672],[52.8755,45.4706],[52.8575,45.4891],[52.8503,45.4942],[52.8395,45.4976],[52.8035,45.501],[52.7567,45.5162],[52.7387,45.5263],[52.7423,45.5381],[52.7387,45.5466],[52.7315,45.5533],[52.7351,45.5634],[52.7423,45.5736],[52.7423,45.5803],[52.7387,45.5871],[52.7387,45.5972],[52.7387,45.6208],[52.7459,45.6394],[52.7567,45.6512],[52.7747,45.6546],[52.7927,45.6631],[52.8035,45.6799],[52.8215,45.7171],[52.8575,45.7644],[52.8755,45.7796],[52.8863,45.783],[52.9115,45.7897],[52.9187,45.7965],[52.9547,45.8302],[52.9691,45.8471],[52.9871,45.886],[53.0015,45.9062],[53.0303,45.9282],[53.0411,45.9366],[53.0447,45.9451],[53.0555,45.967],[53.0591,45.9788],[53.0807,46.0058],[53.0879,46.021],[53.0807,46.0396],[53.0807,46.0329],[53.0771,46.0481],[53.0807,46.0616],[53.1059,46.0835],[53.1131,46.097],[53.1167,46.1139],[53.1275,46.1831],[53.1563,46.2726],[53.1563,46.3419],[53.1275,46.3942],[53.0843,46.4347],[53.0339,46.4702],[53.0519,46.4685],[53.0843,46.4499],[53.1023,46.4432],[53.1023,46.4516],[53.0843,46.4601],[53.0771,46.4753],[53.0735,46.4938],[53.0807,46.5124],[53.0627,46.5057],[53.0411,46.4905],[53.0195,46.4786],[52.9979,46.4854],[52.9979,46.504],[53.0087,46.531],[53.0411,46.5732],[53.0411,46.5546],[53.0555,46.5462],[53.0735,46.5445],[53.0879,46.5529],[53.0951,46.5681],[53.0987,46.6053],[53.1095,46.6222],[53.1167,46.6019],[53.1275,46.607],[53.1347,46.6222],[53.1419,46.6357],[53.1527,46.6374],[53.1743,46.6357],[53.1851,46.6357],[53.1959,46.6391],[53.1995,46.6441],[53.2031,46.6559],[53.2067,46.6948],[53.1887,46.7184],[53.1563,46.7286],[53.1275,46.7319],[53.1059,46.737],[53.0987,46.7505],[53.1023,46.7826],[53.0843,46.8535],[53.0663,46.8788],[53.0591,46.8923],[53.0519,46.8991],[53.0087,46.894],[52.9907,46.8957],[52.9727,46.9092],[52.9367,46.9498],[52.9187,46.9582],[52.8755,46.9565],[52.7819,46.943],[52.7279,46.9498],[52.6163,46.9498],[52.5911,46.9548],[52.5731,46.9616],[52.5371,46.9886],[52.5191,46.9937],[52.4543,47.0004],[52.4363,46.9987],[52.4255,46.9903],[52.4219,46.9785],[52.4219,46.9531],[52.4183,46.9447],[52.3751,46.9042],[52.3571,46.894],[52.2635,46.8704],[52.2347,46.8687],[52.2023,46.8856],[52.1879,46.8839],[52.1807,46.8755],[52.1843,46.862],[52.1879,46.8586],[52.2167,46.8518],[52.2239,46.8484],[52.2311,46.8417],[52.2383,46.8316],[52.2419,46.8214],[52.2455,46.8096],[52.2383,46.8062],[52.1123,46.813],[52.0871,46.8214],[52.0799,46.8265],[52.0727,46.8299],[52.0691,46.8366],[52.0691,46.8518],[52.0619,46.8501],[52.0511,46.8569],[52.0187,46.8805],[52.0079,46.8856],[52.0007,46.8907],[51.9971,46.9025],[52.0043,46.9092],[52.0151,46.9177],[52.0223,46.9261],[52.0187,46.9363],[52.0007,46.9413],[51.9827,46.9227],[51.9611,46.8856],[51.9431,46.8805],[51.9107,46.8805],[51.8783,46.8873],[51.8531,46.8957],[51.8855,46.9244],[51.8963,46.9312],[51.8747,46.9363],[51.8495,46.9278],[51.8063,46.9092],[51.7847,46.9092],[51.7631,46.916],[51.7451,46.9261],[51.7271,46.9396],[51.6875,46.9616],[51.6767,46.9785],[51.6947,47.0207],[51.6947,47.0409],[51.6803,47.0578],[51.6551,47.0595],[51.6371,47.0494],[51.6263,47.0291],[51.6227,47.0072],[51.6119,46.9886],[51.5939,46.9869],[51.5723,47.0055],[51.5471,47.0393],[51.5255,47.0528],[51.5039,47.0612],[51.4391,47.0696],[51.3815,47.0832],[51.2519,47.1034],[51.2123,47.1203],[51.1871,47.1169],[51.1403,47.095],[51.1043,47.0798],[50.9711,47.0595],[50.9531,47.0528],[50.9243,47.0257],[50.9063,47.019],[50.8919,47.0224],[50.8667,47.0376],[50.8559,47.0393],[50.8451,47.0376],[50.8415,47.0291],[50.8379,47.0224],[50.8451,47.019],[50.8379,47.0105],[50.7587,46.916],[50.7407,46.9059],[50.7299,46.9227],[50.7335,46.9346],[50.7515,46.9548],[50.7587,46.9683],[50.7515,46.9751],[50.7407,46.97],[50.7047,46.943],[50.6795,46.9329],[50.6507,46.9278],[50.6327,46.9346],[50.6147,46.9363],[50.6111,46.916],[50.6075,46.8687],[50.6003,46.8518],[50.5859,46.8366],[50.5679,46.8299],[50.5499,46.8349],[50.5715,46.8518],[50.5823,46.867],[50.5787,46.8788],[50.5571,46.8822],[50.5211,46.8755],[50.5139,46.8721],[50.5031,46.8636],[50.4923,46.8653],[50.4851,46.8721],[50.4527,46.8923],[50.4419,46.8957],[50.4347,46.8974],[50.4311,46.8974],[50.4239,46.8923],[50.4167,46.8822],[50.3843,46.8181],[50.3663,46.8062],[50.3735,46.8197],[50.3735,46.8552],[50.3591,46.8468],[50.3519,46.8349],[50.3483,46.8231],[50.3411,46.813],[50.3339,46.8113],[50.3159,46.8096],[50.3051,46.8062],[50.2979,46.8012],[50.2943,46.7978],[50.2511,46.7421],[50.2295,46.7252],[50.2115,46.7286],[50.2115,46.737],[50.2187,46.7505],[50.2223,46.7606],[50.2115,46.7657],[50.2007,46.7623],[50.1683,46.7488],[50.0783,46.683],[50.0495,46.6492],[50.0351,46.6357],[50.0135,46.6289],[49.9775,46.6323],[49.9631,46.6289],[49.9523,46.6239],[49.9379,46.6087],[49.9271,46.6019],[49.8947,46.5901],[49.8839,46.5766],[49.8695,46.5749],[49.8407,46.58],[49.8263,46.5715],[49.8227,46.5529],[49.8191,46.5411],[49.7903,46.5479],[49.7795,46.5614],[49.7723,46.5665],[49.7615,46.5631],[49.7615,46.5411],[49.7579,46.531],[49.7471,46.5361],[49.7255,46.5546],[49.7147,46.5614],[49.7039,46.5597],[49.7003,46.5529],[49.7039,46.5276],[49.7039,46.5192],[49.6391,46.5766],[49.6211,46.5833],[49.6211,46.5631],[49.6283,46.5192],[49.6067,46.5276],[49.5959,46.5209],[49.5887,46.509],[49.5779,46.4989],[49.5707,46.5225],[49.5563,46.5344],[49.4987,46.5529],[49.4807,46.5614],[49.4699,46.5732],[49.4699,46.5952],[49.4699,46.5631],[49.4735,46.5462],[49.4879,46.5344],[49.4951,46.509],[49.5023,46.4989],[49.4915,46.4989],[49.4771,46.5057],[49.4663,46.5057],[49.4555,46.509],[49.4591,46.5175],[49.4627,46.5259],[49.4627,46.5327],[49.4591,46.5361],[49.4375,46.5496],[49.4303,46.5546],[49.4231,46.5513],[49.4231,46.5428],[49.4231,46.5394],[49.3907,46.5445],[49.3547,46.5529],[49.3223,46.5681],[49.3043,46.5884],[49.3115,46.5614],[49.3799,46.5107],[49.3943,46.4786],[49.3763,46.4837],[49.3367,46.4854],[49.3331,46.4854],[49.3187,46.4972],[49.3079,46.5124],[49.2971,46.5242],[49.2791,46.5259],[49.2791,46.5192],[49.2935,46.5074],[49.2971,46.4871],[49.3043,46.4668],[49.3295,46.4567],[49.3655,46.4297],[49.3691,46.4212],[49.3727,46.4111],[49.3727,46.3993],[49.3655,46.3892],[49.3259,46.4111],[49.3079,46.4246],[49.2935,46.4381],[49.2791,46.4533],[49.2647,46.4634],[49.2503,46.4702],[49.2251,46.4702],[49.2359,46.4651],[49.2431,46.4584],[49.2503,46.4499],[49.2503,46.4331],[49.2539,46.4246],[49.2935,46.3959],[49.2863,46.3942],[49.2791,46.3892],[49.2647,46.3959],[49.1855,46.4145],[49.1747,46.4128],[49.1675,46.4094],[49.1711,46.3993],[49.1783,46.3925],[49.1891,46.3892],[49.1999,46.3892],[49.2143,46.3807],[49.2215,46.3604],[49.2251,46.3419],[49.2251,46.3334],[49.2287,46.3284],[49.2647,46.2929],[49.2971,46.2743],[49.3043,46.2625],[49.2971,46.2524],[49.2827,46.2507],[49.2647,46.2574],[49.2503,46.2676],[49.2323,46.2726],[49.1963,46.2777],[49.1603,46.2912],[49.1423,46.3098],[49.1675,46.3284],[49.1495,46.3351],[49.1387,46.3301],[49.1207,46.3064],[49.0883,46.2946],[49.0775,46.2861],[49.0811,46.2726],[49.0703,46.2676],[49.0667,46.2642],[49.0595,46.2524],[49.0883,46.2507],[49.1063,46.2406],[49.1135,46.2203],[49.1207,46.1595],[49.1135,46.1511],[49.0919,46.1629],[49.0847,46.1713],[49.0703,46.1916],[49.0595,46.1967],[49.0415,46.1967],[49.0343,46.1882],[49.0271,46.1798],[49.0199,46.1764],[48.9947,46.1713],[48.9551,46.1494],[48.9335,46.1426],[48.9335,46.1359],[48.9515,46.1122],[48.9551,46.1072],[48.9515,46.0987],[48.9407,46.0886],[48.9335,46.0852],[48.9263,46.0903],[48.9227,46.1122],[48.9155,46.1325],[48.8975,46.1477],[48.8795,46.1561],[48.8831,46.1426],[48.8867,46.1224],[48.8867,46.1072],[48.8723,46.1173],[48.8543,46.1409],[48.8399,46.1494],[48.8327,46.1426],[48.8507,46.1257],[48.8687,46.1004],[48.8759,46.0785],[48.8579,46.0734],[48.8435,46.0869],[48.8327,46.1072],[48.8183,46.124],[48.7931,46.1274],[48.8183,46.1038],[48.8291,46.0869],[48.8255,46.0666],[48.8183,46.0565],[48.8075,46.0565],[48.8003,46.0649],[48.7967,46.0768],[48.7823,46.097],[48.7463,46.119],[48.7139,46.1291],[48.7031,46.1156],[48.6959,46.1156],[48.6851,46.1224],[48.6779,46.1207],[48.6671,46.1072],[48.6671,46.1021],[48.6671,46.0953],[48.6635,46.0903],[48.6563,46.0869],[48.6275,46.0869],[48.6419,46.0801],[48.6743,46.0734],[48.6887,46.0666],[48.7211,46.0312],[48.7247,46.0244],[48.7283,46.0194],[48.7211,46.0092],[48.7103,45.9974],[48.6995,45.9923],[48.6851,45.989],[48.6707,45.9839],[48.6491,45.9704],[48.6491,45.9636],[48.6527,45.9603],[48.6563,45.9569],[48.6779,45.9687],[48.6995,45.9721],[48.7391,45.9704],[48.7535,45.9653],[48.7535,45.9535],[48.7535,45.9417],[48.7427,45.9231],[48.7427,45.9147],[48.7499,45.9062],[48.7571,45.9028],[48.7571,45.8876],[48.7823,45.8589],[48.7931,45.8404],[48.7751,45.8505],[48.7643,45.8522],[48.7427,45.8404],[48.7211,45.8387],[48.7139,45.8319],[48.7175,45.8133],[48.6959,45.8285],[48.6851,45.8488],[48.6923,45.8691],[48.7103,45.8826],[48.6923,45.8809],[48.6779,45.886],[48.6563,45.9028],[48.6491,45.9045],[48.6419,45.9079],[48.6383,45.9096],[48.6311,45.9096],[48.6275,45.913],[48.6239,45.9248],[48.6203,45.9299],[48.5951,45.9586],[48.5735,45.9704],[48.5555,45.967],[48.5231,45.9535],[48.5159,45.9467],[48.5087,45.94],[48.4943,45.94],[48.4763,45.9417],[48.4655,45.94],[48.4583,45.9315],[48.4331,45.9164],[48.4007,45.8792],[48.3935,45.8674],[48.3791,45.8758],[48.3647,45.8758],[48.3575,45.8691],[48.3611,45.8572],[48.3755,45.8539],[48.4079,45.8522],[48.4151,45.8437],[48.4007,45.8353],[48.3035,45.8404],[48.2891,45.837],[48.2855,45.8285],[48.2855,45.815],[48.2855,45.7998],[48.2783,45.7863],[48.2711,45.7796],[48.2495,45.7711],[48.2351,45.7678],[48.2243,45.7678],[48.2207,45.7644],[48.2243,45.7509],[48.2279,45.7424],[48.2351,45.734],[48.2423,45.7255],[48.2423,45.7103],[48.2171,45.7255],[48.1811,45.739],[48.1487,45.7441],[48.1343,45.7239],[48.0911,45.7492],[48.0803,45.7509],[48.0623,45.7458],[48.0443,45.7272],[48.0263,45.7222],[48.0191,45.7188],[48.0119,45.712],[48.0083,45.7002],[48.0011,45.7053],[47.9903,45.7171],[47.9867,45.7205],[47.9831,45.7239],[47.9759,45.7289],[47.9687,45.7323],[47.9615,45.7323],[47.9543,45.7289],[47.9507,45.7255],[47.9291,45.7222],[47.9183,45.7154],[47.8967,45.6935],[47.8931,45.6968],[47.8859,45.7103],[47.8751,45.7222],[47.8607,45.7239],[47.8499,45.7171],[47.8463,45.707],[47.8463,45.6799],[47.8355,45.6597],[47.8355,45.6496],[47.8535,45.6428],[47.8463,45.631],[47.8391,45.6225],[47.8283,45.6141],[47.8175,45.6073],[47.7779,45.6529],[47.7707,45.6664],[47.7635,45.6816],[47.7527,45.6901],[47.7203,45.6968],[47.7167,45.7002],[47.7095,45.7087],[47.7059,45.7103],[47.6987,45.7087],[47.6951,45.7053],[47.6915,45.7036],[47.6879,45.7036],[47.6771,45.7053],[47.6699,45.7053],[47.6663,45.707],[47.6591,45.7137],[47.6519,45.7205],[47.6483,45.734],[47.6447,45.7407],[47.6339,45.7509],[47.6195,45.7593],[47.6051,45.7644],[47.5799,45.7711],[47.5583,45.7711],[47.5511,45.7627],[47.5547,45.7441],[47.5655,45.7407],[47.5799,45.7441],[47.5907,45.7441],[47.5907,45.7407],[47.6051,45.7188],[47.6051,45.7171],[47.6123,45.7137],[47.6195,45.7137],[47.6267,45.7087],[47.6231,45.6968],[47.6231,45.6884],[47.6267,45.6783],[47.6267,45.6715],[47.6159,45.6681],[47.6087,45.6681],[47.6051,45.6648],[47.6087,45.6597],[47.6123,45.6546],[47.6087,45.6394],[47.6231,45.631],[47.6627,45.6225],[47.6447,45.5921],[47.6447,45.5786],[47.6519,45.5584],[47.6267,45.5584],[47.6159,45.5702],[47.5979,45.6073],[47.5871,45.6259],[47.5403,45.6664],[47.5295,45.6698],[47.4827,45.6681],[47.4719,45.6732],[47.4575,45.6884],[47.4323,45.6951],[47.4359,45.7036],[47.4467,45.712],[47.4539,45.7171],[47.4647,45.7188],[47.5043,45.7171],[47.4791,45.7306],[47.4251,45.734],[47.4143,45.7475],[47.4071,45.7509],[47.3963,45.7526],[47.3855,45.7509],[47.3783,45.7407],[47.3819,45.734],[47.4107,45.7137],[47.4143,45.7087],[47.4107,45.6951],[47.4143,45.6901],[47.4215,45.6833],[47.4287,45.6766],[47.4323,45.6749],[47.4431,45.6766],[47.4467,45.6766],[47.4539,45.6715],[47.4647,45.6597],[47.4683,45.6546],[47.5151,45.6496],[47.5331,45.6445],[47.5511,45.6276],[47.5475,45.6208],[47.5511,45.6107],[47.5583,45.5989],[47.5691,45.5736],[47.5727,45.5668],[47.5727,45.5584],[47.5691,45.5533],[47.5547,45.5449],[47.5511,45.5415],[47.5439,45.5364],[47.5223,45.5499],[47.5079,45.5719],[47.5079,45.5938],[47.4935,45.5854],[47.4935,45.5719],[47.4971,45.5651],[47.5007,45.5584],[47.5259,45.5246],[47.5367,45.5077],[47.5367,45.506],[47.5331,45.506],[47.5007,45.4807],[47.4971,45.4706],[47.4971,45.4621],[47.4971,45.4385],[47.4971,45.43],[47.4791,45.4216],[47.4179,45.4267],[47.3927,45.4233],[47.3819,45.4115],[47.3963,45.4047],[47.4431,45.4013],[47.4575,45.398],[47.4611,45.3912],[47.4539,45.3811],[47.4467,45.3743],[47.4323,45.3693],[47.4287,45.3676],[47.4251,45.3642],[47.4215,45.3574],[47.3963,45.3203],[47.3855,45.3],[47.3783,45.2814],[47.3783,45.2021],[47.3711,45.1852],[47.3567,45.1852],[47.3387,45.192],[47.3135,45.197],[47.2955,45.1869],[47.2847,45.1666],[47.2739,45.121],[47.2595,45.0856],[47.2523,45.0653],[47.2271,45.0332],[47.2127,44.991],[47.2019,44.9707],[47.1803,44.9775],[47.1659,44.9674],[47.1551,44.9488],[47.1443,44.9285],[47.1407,44.9387],[47.1263,44.9505],[47.1119,44.9589],[47.0975,44.9555],[47.0975,44.9471],[47.1119,44.8694],[47.0831,44.8171],[47.0795,44.8002],[47.0795,44.785],[47.0723,44.785],[47.0579,44.8036],[47.0219,44.8424],[47.0147,44.8576],[47.0111,44.9015],[47.0039,44.9218],[46.9895,44.915],[46.9823,44.8931],[46.9931,44.8694],[47.0039,44.8475],[47.0111,44.8306],[47.0039,44.8171],[46.9715,44.7833],[46.9607,44.7647],[46.9427,44.7749],[46.9247,44.7715],[46.8887,44.7512],[46.8671,44.7411],[46.8563,44.7259],[46.8419,44.709],[46.8311,44.6972],[46.7915,44.7056],[46.7663,44.682],[46.7447,44.6533],[46.7231,44.655],[46.7159,44.6381],[46.7087,44.5706],[46.7123,44.5672],[46.7195,44.5587],[46.7231,44.5503],[46.7195,44.5452],[46.7087,44.5452],[46.6943,44.5435],[46.6835,44.5385],[46.6799,44.5283],[46.6835,44.5064],[46.6979,44.4659],[46.7015,44.4456],[46.7123,44.4321],[46.7339,44.4152],[46.7591,44.4],[46.7735,44.3949],[46.8167,44.3949],[46.8419,44.3983],[46.8527,44.3983],[47.0039,44.3679],[47.0255,44.3595],[47.0435,44.346],[47.0543,44.3274],[47.0687,44.2835],[47.0795,44.2649],[47.0903,44.2514],[47.1047,44.2362],[47.1227,44.2227],[47.1371,44.2176],[47.1479,44.2143],[47.1659,44.2041],[47.1803,44.2024],[47.1911,44.2092],[47.2091,44.2261],[47.2235,44.2312],[47.2451,44.2126],[47.2667,44.1687],[47.2883,44.0927],[47.3171,44.0572],[47.3351,44.0403],[47.3495,44.0319],[47.3567,44.0201],[47.3855,43.9559],[47.4107,43.9255],[47.4251,43.9086],[47.4287,43.885],[47.4323,43.8765],[47.4539,43.8715],[47.4611,43.8597],[47.4611,43.8512],[47.4467,43.8293],[47.4431,43.8191],[47.4539,43.8225],[47.4683,43.8259],[47.4827,43.8242],[47.4899,43.8158],[47.5043,43.7803],[47.5043,43.7702],[47.4971,43.7651],[47.4683,43.76],[47.4575,43.755],[47.4503,43.7465],[47.4431,43.7381],[47.4323,43.7161],[47.4539,43.6891],[47.4503,43.6824],[47.4431,43.6773],[47.4359,43.6739],[47.4287,43.6689],[47.4071,43.6368],[47.3927,43.6064],[47.3783,43.6165],[47.3747,43.6199],[47.3675,43.6199],[47.3675,43.603],[47.3711,43.5794],[47.3783,43.5591],[47.3891,43.5507],[47.4035,43.5439],[47.4035,43.527],[47.4035,43.5118],[47.4251,43.5034],[47.4503,43.5186],[47.4647,43.5523],[47.4755,43.5929],[47.4755,43.63],[47.4791,43.6435],[47.4827,43.6537],[47.4899,43.6621],[47.5007,43.6722],[47.5079,43.6857],[47.5043,43.7144],[47.5079,43.7263],[47.5223,43.7482],[47.5331,43.7752],[47.5403,43.8039],[47.5439,43.8326],[47.5403,43.8546],[47.5439,43.8647],[47.5547,43.8782],[47.5871,43.8985],[47.5943,43.9019],[47.6267,43.9002],[47.6519,43.8968],[47.6771,43.8884],[47.7023,43.8749],[47.6447,43.8293],[47.6015,43.7651],[47.5439,43.6283],[47.5187,43.5203],[47.4899,43.4628],[47.4827,43.4223],[47.4827,43.3801],[47.4971,43.3463],[47.4899,43.3294],[47.4863,43.3109],[47.4935,43.2957],[47.5079,43.2923],[47.5331,43.321],[47.5547,43.3261],[47.5691,43.3345],[47.5763,43.3294],[47.5835,43.321],[47.5871,43.3126],[47.5871,43.2991],[47.5799,43.2923],[47.5763,43.2872],[47.5655,43.2687],[47.5475,43.2568],[47.5187,43.2433],[47.5043,43.2349],[47.4863,43.2129],[47.4827,43.2028],[47.4899,43.1809],[47.4863,43.1724],[47.4791,43.1606],[47.4791,43.1488],[47.4827,43.1386],[47.4827,43.1268],[47.4755,43.1184],[47.4611,43.1049],[47.4539,43.0998],[47.4539,43.0812],[47.4611,43.0204],[47.5295,42.9613],[47.5907,42.9428],[47.5979,42.9309],[47.6051,42.9174],[47.6231,42.9056],[47.6987,42.8668],[47.7023,42.8617],[47.7095,42.8381],[47.7131,42.833],[47.7095,42.8229],[47.7167,42.7739],[47.7167,42.757],[47.7203,42.757],[47.7167,42.7469],[47.7167,42.7368],[47.7167,42.6962],[47.7275,42.6625],[47.7527,42.6371],[47.8391,42.6051],[47.8679,42.5848],[47.9399,42.4818],[47.9939,42.4193],[48.0227,42.3923],[48.0803,42.3619],[48.0947,42.3501],[48.2207,42.1745],[48.2495,42.1458],[48.2855,42.1204],[48.3035,42.1035],[48.3107,42.0816],[48.3143,42.0596],[48.3251,42.0394],[48.3863,41.9364],[48.4151,41.9144],[48.4619,41.9009],[48.5087,41.8942],[48.5519,41.8756],[48.5771,41.8452],[48.5807,41.8452],[48.5879,41.8384],[48.6203,41.8249],[48.6563,41.8013],[48.7427,41.7084],[48.7787,41.6831],[48.7931,41.6679],[48.7967,41.6426],[48.8651,41.5851],[48.9047,41.5227],[48.9227,41.5176],[48.9407,41.5041],[48.9551,41.4889],[48.9623,41.4754],[48.9839,41.4501],[48.9911,41.445],[48.9947,41.4399],[49.0199,41.4349],[49.0271,41.4315],[49.0415,41.4146],[49.0775,41.3572],[49.1099,41.3099],[49.1243,41.293],[49.1351,41.2745],[49.1423,41.2525],[49.1531,41.1664],[49.1603,41.1478],[49.1711,41.1411],[49.1783,41.1292],[49.1963,41.0566],[49.2431,40.9975],[49.3619,40.8945],[49.3727,40.8827],[49.3835,40.8658],[49.4015,40.8523],[49.4483,40.832],[49.4699,40.8354],[49.4915,40.8236],[49.5095,40.8067],[49.5275,40.7983],[49.5383,40.7881],[49.5347,40.7662],[49.5167,40.729],[49.5095,40.7088],[49.5095,40.6986],[49.5095,40.6885],[49.5167,40.6818],[49.5275,40.6683],[49.5311,40.6632],[49.5383,40.6547],[49.5563,40.6412],[49.5779,40.6294],[49.5887,40.6243],[49.6319,40.6227],[49.6535,40.6193],[49.6679,40.6125],[49.7039,40.5889],[49.7255,40.5804],[49.7723,40.5754],[49.8155,40.5652],[49.8407,40.5636],[49.8587,40.5669],[49.9127,40.5838],[49.9379,40.5872],[50.0531,40.5838],[50.0603,40.5788],[50.0639,40.5703],[50.0675,40.5636],[50.0711,40.5568],[50.0891,40.5399],[50.1107,40.5264],[50.1287,40.518],[50.2187,40.5045],[50.2367,40.496],[50.2475,40.4808],[50.2619,40.4589],[50.2763,40.4369],[50.2943,40.4268],[50.3159,40.4217],[50.3375,40.4065],[50.3519,40.3863],[50.3591,40.366],[50.3699,40.2833],[50.3771,40.2748],[50.3843,40.2562],[50.3915,40.2343],[50.3879,40.2208],[50.3699,40.2495],[50.3483,40.2748],[50.3231,40.2968],[50.2727,40.3272],[50.2511,40.3356],[50.2295,40.3424],[50.1863,40.3474],[50.1467,40.3576],[50.1287,40.3592],[50.1179,40.3576],[50.1035,40.3542],[50.0927,40.3508],[50.0567,40.3508],[50.0387,40.3457],[50.0027,40.3238],[49.9847,40.3238],[49.9775,40.3288],[49.9631,40.344],[49.9559,40.3508],[49.9451,40.3542],[49.9199,40.3576],[49.8947,40.3694],[49.8731,40.3609],[49.8407,40.3373],[49.8479,40.3137],[49.8191,40.2917],[49.7795,40.2765],[49.7111,40.2647],[49.6535,40.2377],[49.5779,40.2174],[49.5599,40.2073],[49.5203,40.1735],[49.5023,40.1651],[49.4915,40.1532],[49.4915,40.133],[49.4951,40.106],[49.4951,40.0941],[49.4411,40.0789],[49.4339,40.0637],[49.4339,40.0435],[49.4483,40.0232],[49.4591,40.0148],[49.4735,40.0063],[49.4807,39.9996],[49.4843,39.9894],[49.4771,39.9827],[49.4699,39.9776],[49.4519,39.9641],[49.4411,39.9624],[49.4339,39.9574],[49.4267,39.9472],[49.4231,39.9354],[49.4231,39.927],[49.4267,39.9067],[49.4411,39.8848],[49.4447,39.8729],[49.4375,39.8611],[49.4303,39.8544],[49.4231,39.8493],[49.4159,39.8442],[49.4159,39.8341],[49.4159,39.829],[49.4195,39.824],[49.4231,39.8172],[49.4231,39.8105],[49.4159,39.8054],[49.4015,39.7969],[49.3943,39.7817],[49.3943,39.7767],[49.4015,39.7699],[49.3979,39.7564],[49.4015,39.7429],[49.4231,39.7176],[49.4231,39.7091],[49.4087,39.7007],[49.3835,39.6906],[49.3583,39.6669],[49.3367,39.6467],[49.3187,39.6213],[49.3187,39.6044],[49.3079,39.5876],[49.2971,39.5656],[49.2899,39.542],[49.2863,39.5217],[49.2863,39.4947],[49.2971,39.4761],[49.3871,39.4103],[49.4015,39.4001],[49.4087,39.3866],[49.4087,39.3816],[49.4051,39.3782],[49.3979,39.3444],[49.3979,39.336],[49.4087,39.3241],[49.3943,39.3292],[49.3871,39.3343],[49.3799,39.3427],[49.3727,39.3512],[49.3655,39.3512],[49.3691,39.336],[49.3799,39.3191],[49.3907,39.3056],[49.4087,39.2971],[49.4087,39.2887],[49.3835,39.2938],[49.3691,39.3056],[49.3583,39.3208],[49.3079,39.3461],[49.2719,39.336],[49.2467,39.3106],[49.2359,39.2786],[49.2395,39.1688],[49.2359,39.157],[49.2287,39.1384],[49.2143,39.1063],[49.2107,39.0911],[49.2071,39.0557],[49.2035,39.0337],[49.1927,39.0168],[49.1171,38.9746],[49.0775,38.9628],[49.0523,38.9814],[49.0559,38.9932],[49.0559,39.0016],[49.0559,39.0067],[49.0667,39.0151],[49.1099,39.0219],[49.1243,39.0286],[49.1387,39.0438],[49.1459,39.0641],[49.1495,39.0827],[49.1351,39.1029],[49.1171,39.1097],[49.0703,39.1114],[49.0703,39.1198],[49.0631,39.162],[49.0595,39.1722],[49.0415,39.184],[49.0235,39.1891],[48.9803,39.1874],[48.9659,39.184],[48.9623,39.1755],[48.9587,39.1654],[48.9479,39.1519],[48.9479,39.1468],[48.9479,39.135],[48.9479,39.1283],[48.9407,39.1249],[48.9371,39.1249],[48.9335,39.1249],[48.9335,39.0776],[48.9371,39.0523],[48.9515,39.032],[48.9479,39.0067],[48.9227,38.9358],[48.9191,38.929],[48.8975,38.8936],[48.8975,38.8902],[48.8687,38.8632],[48.8327,38.8716],[48.8327,38.8361],[48.8363,38.8193],[48.8399,38.8041],[48.8615,38.7568],[48.8687,38.6031],[48.8759,38.4343],[48.8759,38.3465],[48.8651,38.3161],[48.8723,38.2958],[48.8759,38.2435],[48.8939,38.2063],[48.9083,38.083],[48.9479,37.9665],[48.9407,37.948],[48.9407,37.9243],[48.9443,37.9041],[48.9515,37.8872],[48.9875,37.8433],[48.9875,37.8314],[48.9839,37.823],[48.9839,37.8162],[48.9947,37.7774],[49.0163,37.7386],[49.0667,37.6795],[49.1315,37.6237],[49.2071,37.5815],[49.3655,37.5157],[49.4411,37.4954],[49.8263,37.4532],[49.8659,37.4583],[49.9019,37.4701],[49.9343,37.4752],[49.9703,37.46],[49.9595,37.4583],[49.9487,37.4616],[49.9415,37.4616],[49.9343,37.4532],[50.0171,37.4279],[50.1503,37.4042],[50.1971,37.389],[50.2259,37.3654],[50.2223,37.3299],[50.2331,37.3147],[50.2439,37.2793],[50.2547,37.2641],[50.2691,37.2472],[50.2907,37.1932],[50.3231,37.1526],[50.3555,37.1273],[50.4311,37.0834],[50.4779,37.0344],[50.4923,37.0277],[50.5139,37.0226],[50.6255,36.9635],[50.6435,36.9601],[50.6579,36.9551],[50.6867,36.9281],[50.7047,36.9179],[50.8595,36.8504],[51.0035,36.7676],[51.0899,36.7372],[51.3671,36.6933],[51.5471,36.6511],[51.7307,36.6241],[51.9107,36.5819],[52.0943,36.6022],[52.2599,36.6511],[52.4291,36.6849],[52.6091,36.7119],[52.7783,36.7406],[52.9511,36.7811],[53.1167,36.8217],[53.4479,36.8825],[53.4911,36.8875],[53.8871,36.9061],[53.9591,36.9196],[54.0059,36.9534],[54.0059,36.9145],[53.9483,36.8993],[53.8763,36.8909],[53.8295,36.8808],[53.8187,36.8757],[53.8043,36.8774],[53.7755,36.8842],[53.7611,36.8825],[53.7359,36.874],[53.7179,36.8706],[53.6603,36.8774],[53.6099,36.8774],[53.6171,36.8656],[53.6315,36.8622],[53.6639,36.8639],[53.6423,36.8571],[53.6351,36.8571],[53.6603,36.8318],[53.6999,36.8166],[53.8547,36.8048],[53.8727,36.798],[53.8907,36.793],[54.0131,36.8217],[54.0275,36.8284],[54.0347,36.8453],[54.0347,36.9483],[54.0275,36.9669],[54.0131,36.9736],[53.9951,36.9787],[53.9987,36.9939],[54.0203,37.0277],[53.9951,37.0581],[53.9807,37.0935],[53.9591,37.178],[53.9267,37.2438],[53.9231,37.2573],[53.9123,37.3434],[53.8979,37.4684],[53.8907,37.5089],[53.8727,37.5478],[53.8655,37.568],[53.8619,37.6119],[53.8259,37.7453],[53.8079,38.0324],[53.8115,38.0476],[53.8223,38.0814],[53.8331,38.1303],[53.8583,38.2063],[53.8547,38.2333],[53.8655,38.2654],[53.8691,38.3076],[53.8619,38.3819],[53.8619,38.3887],[53.8511,38.4039],[53.8475,38.4123],[53.8439,38.4224],[53.8439,38.4427],[53.8295,38.5035],[53.8259,38.5254],[53.8367,38.6065],[53.8475,38.647],[53.8619,38.6791],[53.9087,38.7382],[53.9267,38.7737],[53.9159,38.8041],[53.9303,38.8125],[53.9411,38.8311],[53.9447,38.8513],[53.9555,38.8682],[53.9663,38.8817],[53.9771,38.902],[53.9843,38.9155],[53.9735,38.9138],[53.9699,38.9341],[53.9591,38.9442],[53.9231,38.9543],[53.9231,38.956],[53.9195,38.9645],[53.9159,38.9679],[53.9123,38.9695],[53.9015,38.9729],[53.8979,38.9746],[53.8907,38.9814],[53.8871,38.9881],[53.8835,38.9982],[53.8835,39.0084],[53.8727,39.0286],[53.8583,39.0354],[53.8223,39.0371],[53.7971,39.0422],[53.7863,39.0422],[53.7755,39.0388],[53.7719,39.0337],[53.7683,39.0303],[53.7575,39.0388],[53.7467,39.054],[53.7287,39.1013],[53.7215,39.1114],[53.7107,39.1046],[53.7143,39.0877],[53.7251,39.0725],[53.7323,39.0624],[53.7323,39.0573],[53.7143,39.0641],[53.6999,39.0793],[53.6963,39.0979],[53.7035,39.1249],[53.6963,39.1418],[53.6963,39.1519],[53.7035,39.1587],[53.7323,39.1722],[53.7035,39.1755],[53.7035,39.1958],[53.7251,39.2414],[53.7035,39.233],[53.6747,39.2161],[53.6603,39.2009],[53.6747,39.1941],[53.6855,39.0827],[53.6711,39.0979],[53.6459,39.1232],[53.6351,39.1384],[53.6315,39.157],[53.6315,39.1772],[53.6243,39.1924],[53.6027,39.1941],[53.6063,39.2059],[53.6099,39.2211],[53.6099,39.2363],[53.5991,39.2414],[53.5919,39.2346],[53.5775,39.2043],[53.5667,39.1941],[53.5631,39.2161],[53.5703,39.2465],[53.5883,39.3039],[53.5595,39.2819],[53.5775,39.3174],[53.5811,39.3309],[53.5739,39.3275],[53.5523,39.3241],[53.5667,39.3444],[53.5631,39.3529],[53.5487,39.3478],[53.5343,39.3309],[53.5271,39.3377],[53.5163,39.3326],[53.4731,39.3309],[53.4515,39.3174],[53.4443,39.3191],[53.4443,39.3377],[53.4371,39.3377],[53.4299,39.3275],[53.4191,39.3174],[53.4047,39.3106],[53.3903,39.3106],[53.3939,39.3174],[53.4047,39.3377],[53.3975,39.3377],[53.3831,39.3377],[53.3759,39.3377],[53.3723,39.336],[53.3651,39.3309],[53.3615,39.3309],[53.3579,39.3326],[53.3507,39.3427],[53.3471,39.3444],[53.3363,39.341],[53.3075,39.3309],[53.2931,39.3309],[53.2931,39.3377],[53.3003,39.3444],[53.2967,39.3495],[53.2895,39.3512],[53.2751,39.3512],[53.2643,39.3529],[53.2499,39.3613],[53.2391,39.3647],[53.2175,39.3647],[53.1707,39.3529],[53.1491,39.3444],[53.1851,39.3258],[53.1995,39.3241],[53.1779,39.3005],[53.1743,39.2887],[53.1707,39.2718],[53.1707,39.2549],[53.1851,39.2144],[53.1815,39.1891],[53.1707,39.1772],[53.1599,39.1789],[53.1383,39.3208],[53.1311,39.3343],[53.0879,39.3832],[53.0843,39.4001],[53.0951,39.4204],[53.1023,39.4288],[53.1311,39.4508],[53.1383,39.4592],[53.1419,39.4727],[53.1455,39.4846],[53.1671,39.4964],[53.1779,39.515],[53.2139,39.5943],[53.2427,39.6365],[53.2751,39.6652],[53.3147,39.6585],[53.2931,39.65],[53.2787,39.6399],[53.2499,39.6078],[53.2427,39.5994],[53.2355,39.5707],[53.2319,39.5673],[53.2103,39.5504],[53.2175,39.5251],[53.2535,39.5217],[53.3651,39.5386],[53.4263,39.5352],[53.4479,39.5302],[53.4587,39.5183],[53.4659,39.5031],[53.4767,39.4879],[53.4911,39.4812],[53.5091,39.4761],[53.5523,39.4744],[53.5667,39.4677],[53.5775,39.4677],[53.5811,39.4778],[53.5811,39.4879],[53.5775,39.4947],[53.5703,39.4998],[53.5595,39.5014],[53.5739,39.5268],[53.5847,39.5234],[53.5991,39.5082],[53.6171,39.4947],[53.6351,39.4947],[53.6639,39.5166],[53.6855,39.5217],[53.6927,39.52],[53.7143,39.5099],[53.7251,39.5082],[53.7359,39.5183],[53.7323,39.5285],[53.7215,39.5369],[53.7107,39.5437],[53.6891,39.5504],[53.6459,39.5589],[53.6279,39.5707],[53.6459,39.5741],[53.6531,39.5825],[53.6567,39.5926],[53.6459,39.6078],[53.6315,39.618],[53.6207,39.6213],[53.5703,39.6163],[53.5667,39.623],[53.5667,39.6416],[53.5631,39.6534],[53.5559,39.6652],[53.5451,39.6754],[53.5343,39.6804],[53.5379,39.6467],[53.5379,39.6315],[53.5343,39.6315],[53.4983,39.6771],[53.4695,39.6956],[53.4443,39.7007],[53.4479,39.6956],[53.4587,39.6737],[53.4515,39.6771],[53.4371,39.6838],[53.4299,39.6872],[53.4299,39.6669],[53.4479,39.6484],[53.4515,39.6315],[53.4155,39.65],[53.4119,39.6855],[53.4299,39.7632],[53.4191,39.7581],[53.4047,39.7564],[53.3939,39.7581],[53.3831,39.7632],[53.3831,39.7699],[53.4155,39.7817],[53.4659,39.8392],[53.4983,39.8662],[53.4947,39.8712],[53.4875,39.8814],[53.4839,39.8848],[53.4947,39.8898],[53.5019,39.8915],[53.5235,39.8932],[53.5379,39.8966],[53.5379,39.9033],[53.5307,39.9101],[53.5271,39.9135],[53.5379,39.9253],[53.5523,39.9354],[53.5667,39.9489],[53.5739,39.9675],[53.5703,39.9658],[53.5667,39.9641],[53.5631,39.9641],[53.5595,39.9607],[53.5451,39.9742],[53.5271,39.9776],[53.4911,39.9742],[53.4767,39.9793],[53.4515,39.9962],[53.4371,40.003],[53.4191,40.0063],[53.4011,40.0063],[53.3867,40.003],[53.3687,39.9945],[53.3255,39.959],[53.3111,39.954],[53.3039,39.9523],[53.2895,39.9422],[53.2823,39.9405],[53.2751,39.9422],[53.2571,39.9523],[53.2499,39.954],[53.2391,39.9574],[53.1707,39.9979],[53.1563,39.9928],[53.1419,39.981],[53.1275,39.9742],[53.0519,39.9675],[53.0591,39.9776],[53.0663,39.9844],[53.0735,39.9894],[53.0807,39.9945],[53.0123,39.9776],[52.9763,39.9742],[52.9439,39.981],[52.9259,40.0114],[52.9151,40.0215],[52.8971,40.008],[52.8971,39.9979],[52.9043,39.9844],[52.9187,39.9641],[52.9223,39.9523],[52.9295,39.8966],[52.9367,39.8881],[52.9655,39.8577],[52.9763,39.8527],[53.0123,39.7969],[53.0447,39.775],[53.0519,39.7699],[53.0519,39.7632],[53.0051,39.7834],[53.0195,39.775],[53.0483,39.748],[53.0411,39.7412],[53.0087,39.7666],[52.9943,39.7801],[52.9655,39.8324],[52.9511,39.8459],[52.9187,39.8577],[52.9043,39.8746],[52.8971,39.8949],[52.8935,39.9337],[52.8827,39.9455],[52.7891,40.0046],[52.7531,40.0317],[52.7387,40.0536],[52.7459,40.0975],[52.7531,40.1212],[52.7603,40.1364],[52.7675,40.1532],[52.7567,40.1718],[52.7315,40.2005],[52.7423,40.209],[52.7387,40.2191],[52.7171,40.236],[52.6991,40.2731],[52.7027,40.312],[52.7351,40.4842],[52.7495,40.518],[52.7711,40.5501],[52.8323,40.6142],[52.8647,40.6581],[52.8683,40.6936],[52.8575,40.7003],[52.8323,40.7054],[52.8287,40.7122],[52.8287,40.7206],[52.8359,40.7392],[52.8359,40.7425],[52.8323,40.7459],[52.8467,40.751],[52.8611,40.7561],[52.8683,40.7561],[52.8719,40.7645],[52.8683,40.7763],[52.8647,40.7848],[52.8611,40.7898],[52.8863,40.8658],[52.9223,40.9418],[52.9295,40.9756],[52.9187,41.0448],[52.9151,41.0853],[52.9259,41.0786],[52.9511,41.0684],[52.9619,41.0617],[52.9655,41.0499],[52.9619,41.0381],[52.9583,41.0262],[52.9583,41.0161],[52.9691,40.9975],[53.0123,40.9553],[53.0195,40.9384],[53.0303,40.8996],[53.0411,40.8861],[53.0735,40.8692],[53.0735,40.8658],[53.0987,40.8658],[53.1131,40.8675],[53.1203,40.8726],[53.1059,40.8591],[53.0807,40.8523],[53.0663,40.8439],[53.0699,40.8287],[53.0771,40.8219],[53.0951,40.8118],[53.1023,40.8033],[53.1059,40.7949],[53.1059,40.7831],[53.1059,40.7746],[53.1203,40.7696],[53.1635,40.7679],[53.1815,40.7679],[53.2031,40.7763],[53.2499,40.8118],[53.2643,40.8168],[53.2499,40.7898],[53.2463,40.7746],[53.2571,40.7696],[53.3291,40.7763],[53.3399,40.7814],[53.3399,40.7915],[53.3399,40.805],[53.3435,40.8135],[53.3579,40.8304],[53.3687,40.8354],[53.3831,40.832],[53.3831,40.8253],[53.3759,40.8067],[53.3759,40.7983],[53.3831,40.778],[53.3975,40.7628],[53.4191,40.7527],[53.4407,40.7493],[53.4479,40.7459],[53.4623,40.7375],[53.4731,40.7358],[53.4839,40.7375],[53.4911,40.7409],[53.5055,40.7493],[53.5415,40.7611],[53.5559,40.7729],[53.5595,40.7932],[53.5595,40.8371],[53.5631,40.8523],[53.5883,40.8911],[53.5919,40.8928],[53.6063,40.8928],[53.6135,40.8911],[53.6243,40.8878],[53.6315,40.881],[53.6351,40.8759],[53.6387,40.8726],[53.6531,40.8675],[53.6567,40.8658],[53.6567,40.8591],[53.6531,40.8523],[53.6495,40.8472],[53.6495,40.8456],[53.6567,40.8236],[53.6603,40.8168],[53.6711,40.8101],[53.6603,40.7966],[53.6567,40.7898],[53.6495,40.7831],[53.6603,40.7662],[53.6747,40.7257],[53.6927,40.7071],[53.6999,40.7037],[53.7107,40.702],[53.7179,40.6986],[53.7251,40.6885],[53.7215,40.6801],[53.7071,40.6598],[53.7035,40.6497],[53.7215,40.626],[53.7611,40.626],[53.8043,40.6328],[53.8619,40.626],[53.8799,40.6379],[53.8943,40.6531],[53.9375,40.6716],[53.9483,40.6733],[53.9591,40.6716],[53.9843,40.6598],[54.0095,40.6581],[54.0311,40.6632],[54.0491,40.6699],[54.0815,40.6767],[54.0887,40.6818],[54.0923,40.6902],[54.0959,40.6986],[54.0887,40.6986],[54.0635,40.7088],[54.0527,40.7155],[54.1103,40.7138],[54.1427,40.7172],[54.1715,40.729],[54.2327,40.729],[54.2363,40.7257],[54.2291,40.7189],[54.2219,40.6953],[54.2183,40.6902],[54.2219,40.6868],[54.2543,40.6767],[54.4019,40.6733],[54.3839,40.6834],[54.3623,40.6885],[54.3767,40.7003],[54.4163,40.7088],[54.4307,40.7206],[54.3299,40.7206],[54.3191,40.7223],[54.3119,40.7307],[54.3083,40.7527],[54.3047,40.7696],[54.2867,40.7983],[54.2795,40.8236],[54.2687,40.8405],[54.2651,40.8489],[54.2687,40.8557],[54.2723,40.8591],[54.2759,40.8641],[54.2723,40.8726],[54.2687,40.8743],[54.2579,40.8726],[54.2471,40.8743],[54.2471,40.8861],[54.2507,40.8911],[54.2579,40.8911],[54.2651,40.8911],[54.2723,40.8928],[54.2975,40.9165],[54.3119,40.9232],[54.3299,40.9266],[54.3587,40.9165],[54.4199,40.8793],[54.4379,40.8793],[54.4667,40.8658],[54.4703,40.8523],[54.4559,40.8354],[54.4379,40.8168],[54.4739,40.8101],[54.5891,40.827],[54.6251,40.8371],[54.6395,40.8388],[54.6575,40.8624],[54.7007,40.8793],[54.7079,40.8844],[54.7475,40.9334],[54.7547,40.9486],[54.7583,40.9654],[54.7547,40.9823],[54.7475,40.9958]]]}},{"type":"Feature","properties":{},"geometry":{"type":"Polygon","coordinates":[[[32.9781,31.0822],[32.9745,31.0873],[32.9709,31.0873],[32.9781,31.0906],[32.9817,31.0906],[32.9853,31.0839],[32.9889,31.0738],[32.9781,31.0822]]]}},{"type":"Feature","properties":{},"geometry":{"type":"Polygon","coordinates":[[[-6.1039,53.4947],[-6.1111,53.4862],[-6.1255,53.4694],[-6.1327,53.4609],[-6.1399,53.471],[-6.1579,53.4727],[-6.1795,53.4694],[-6.1939,53.4609],[-6.1291,53.4423],[-6.1255,53.4322],[-6.1219,53.4204],[-6.1147,53.4119],[-6.1147,53.4103],[-6.1219,53.4018],[-6.1255,53.3984],[-6.1111,53.3934],[-6.0679,53.3917],[-6.0499,53.3849],[-6.0607,53.368],[-6.0751,53.3664],[-6.0895,53.3748],[-6.1039,53.3782],[-6.1075,53.3816],[-6.1183,53.39],[-6.1219,53.3934],[-6.1327,53.3917],[-6.1507,53.3866],[-6.1579,53.3849],[-6.2155,53.3579],[-6.2191,53.3478],[-6.2119,53.3393],[-6.1867,53.3241],[-6.1687,53.3056],[-6.1543,53.2988],[-6.1255,53.2954],[-6.1183,53.2904],[-6.1075,53.2887],[-6.0967,53.2853],[-6.0967,53.2769],[-6.1039,53.2701],[-6.1039,53.265],[-6.1075,53.2431],[-6.1039,53.2296],[-6.1003,53.2144],[-6.0895,53.2042],[-6.0787,53.1958],[-6.0715,53.184],[-6.0787,53.1654],[-6.0643,53.1536],[-6.0319,53.1114],[-6.0319,53.108],[-6.0319,53.1063],[-6.0355,53.1063],[-6.0355,53.1046],[-6.0319,53.0877],[-6.0355,53.0641],[-6.0391,53.0405],[-6.0463,53.0253],[-6.0499,53.0101],[-6.0391,52.9932],[-5.9959,52.9645],[-5.9923,52.9577],[-6.0067,52.9543],[-6.0103,52.9493],[-6.0211,52.9307],[-6.0283,52.9273],[-6.0391,52.9189],[-6.0715,52.8716],[-6.0643,52.8648],[-6.1075,52.8395],[-6.1183,52.8311],[-6.1291,52.8159],[-6.1543,52.7686],[-6.1471,52.7466],[-6.1507,52.7416],[-6.1687,52.7163],[-6.2155,52.6656],[-6.2191,52.647],[-6.2191,52.6318],[-6.2083,52.6031],[-6.2047,52.5879],[-6.2083,52.5457],[-6.2227,52.5288],[-6.2839,52.4663],[-6.3019,52.4545],[-6.3163,52.4478],[-6.3343,52.4343],[-6.3559,52.4089],[-6.3667,52.3937],[-6.3667,52.3752],[-6.3631,52.3583],[-6.3667,52.3448],[-6.3739,52.3515],[-6.3811,52.3566],[-6.3883,52.3583],[-6.4495,52.3566],[-6.4675,52.36],[-6.4639,52.3785],[-6.4711,52.3752],[-6.4819,52.3735],[-6.4891,52.3684],[-6.4963,52.365],[-6.4963,52.3583],[-6.4819,52.3549],[-6.4675,52.3465],[-6.4567,52.3363],[-6.4495,52.3228],[-6.4567,52.3127],[-6.4243,52.3076],[-6.4135,52.2992],[-6.4099,52.289],[-6.3955,52.2975],[-6.3739,52.3228],[-6.3739,52.3161],[-6.3883,52.2958],[-6.3703,52.2722],[-6.3199,52.2401],[-6.3487,52.1979],[-6.3595,52.186],[-6.3703,52.1793],[-6.3775,52.1776],[-6.3883,52.1793],[-6.3991,52.186],[-6.3991,52.1911],[-6.3883,52.1945],[-6.3811,52.208],[-6.3811,52.2114],[-6.3955,52.2131],[-6.3991,52.2114],[-6.4099,52.2029],[-6.4207,52.1962],[-6.4243,52.1945],[-6.4675,52.1928],[-6.4675,52.1995],[-6.4495,52.1995],[-6.4639,52.208],[-6.4711,52.2063],[-6.4891,52.1995],[-6.5359,52.1928],[-6.5791,52.1776],[-6.5971,52.1793],[-6.6223,52.1962],[-6.6403,52.2029],[-6.7159,52.2164],[-6.7879,52.2097],[-6.8059,52.2131],[-6.8059,52.2198],[-6.7915,52.2249],[-6.7771,52.2333],[-6.7663,52.2451],[-6.7627,52.262],[-6.7771,52.2502],[-6.7915,52.2401],[-6.8131,52.235],[-6.8311,52.2401],[-6.8383,52.235],[-6.8383,52.2266],[-6.8383,52.2232],[-6.8347,52.2198],[-6.8383,52.2131],[-6.8275,52.2181],[-6.8239,52.2198],[-6.8203,52.2198],[-6.8203,52.2063],[-6.8239,52.1995],[-6.8311,52.1928],[-6.8239,52.1928],[-6.8203,52.1928],[-6.8203,52.186],[-6.8275,52.186],[-6.8311,52.186],[-6.8239,52.1793],[-6.8959,52.1523],[-6.9067,52.1455],[-6.9175,52.1337],[-6.9319,52.1252],[-6.9499,52.1303],[-6.9391,52.1438],[-6.9283,52.1506],[-6.9139,52.1556],[-6.9031,52.1624],[-6.9031,52.1725],[-6.9211,52.2131],[-6.9283,52.2198],[-6.9355,52.2283],[-6.9499,52.2367],[-6.9571,52.2401],[-6.9715,52.2468],[-6.9859,52.2789],[-6.9967,52.289],[-6.9931,52.2772],[-6.9931,52.2671],[-6.9895,52.262],[-6.9895,52.2519],[-6.9859,52.2468],[-6.9715,52.2299],[-6.9679,52.2198],[-6.9823,52.1962],[-6.9787,52.186],[-6.9535,52.186],[-6.9535,52.1793],[-6.9715,52.1708],[-7.0003,52.1472],[-7.0183,52.1388],[-7.0399,52.1354],[-7.0831,52.1337],[-7.1047,52.1303],[-7.1011,52.1421],[-7.0723,52.1658],[-7.0939,52.1725],[-7.1047,52.1725],[-7.1191,52.1725],[-7.1191,52.1658],[-7.1155,52.1624],[-7.1119,52.159],[-7.1083,52.1556],[-7.1047,52.1523],[-7.1155,52.154],[-7.1299,52.1573],[-7.1371,52.159],[-7.1479,52.1556],[-7.1551,52.1506],[-7.1623,52.1438],[-7.1659,52.1388],[-7.1875,52.132],[-7.2055,52.132],[-7.2451,52.1388],[-7.4359,52.1252],[-7.5043,52.1033],[-7.5403,52.0982],[-7.5475,52.0949],[-7.5511,52.0898],[-7.5547,52.0847],[-7.5655,52.083],[-7.5727,52.0881],[-7.5763,52.0949],[-7.5799,52.1016],[-7.5835,52.105],[-7.6015,52.1016],[-7.6195,52.0915],[-7.6303,52.0797],[-7.6267,52.0628],[-7.6159,52.0695],[-7.6015,52.0712],[-7.5835,52.0678],[-7.5547,52.0611],[-7.5475,52.0594],[-7.5439,52.0543],[-7.5511,52.0425],[-7.5835,52.029],[-7.5871,51.9986],[-7.5907,51.9919],[-7.5979,51.9885],[-7.6087,51.9885],[-7.6159,51.9834],[-7.6339,51.9767],[-7.6879,51.98],[-7.7095,51.9733],[-7.7167,51.9598],[-7.7167,51.9496],[-7.7239,51.9446],[-7.8283,51.953],[-7.8319,51.9581],[-7.8355,51.9665],[-7.8391,51.9767],[-7.8499,51.98],[-7.8535,51.9767],[-7.8535,51.975],[-7.8535,51.9513],[-7.8571,51.9429],[-7.8715,51.9294],[-7.8859,51.9192],[-7.9003,51.9125],[-7.9219,51.9125],[-7.8931,51.8956],[-7.8823,51.8922],[-7.8931,51.8821],[-7.9147,51.8753],[-7.9543,51.8703],[-8.0083,51.8551],[-8.0227,51.8433],[-8.0047,51.8297],[-8.0191,51.8247],[-8.0947,51.8146],[-8.1343,51.8044],[-8.1955,51.801],[-8.2243,51.8027],[-8.2351,51.8027],[-8.2459,51.8027],[-8.2495,51.8061],[-8.2495,51.8129],[-8.2423,51.8179],[-8.2315,51.8213],[-8.2243,51.823],[-8.2243,51.8281],[-8.2315,51.8365],[-8.2171,51.8382],[-8.2027,51.8416],[-8.1883,51.8483],[-8.1739,51.8568],[-8.1811,51.8601],[-8.1883,51.8618],[-8.1919,51.8635],[-8.2027,51.8635],[-8.1955,51.877],[-8.1919,51.8804],[-8.1811,51.8838],[-8.1883,51.8939],[-8.1955,51.8956],[-8.2027,51.8922],[-8.2099,51.8838],[-8.2243,51.8905],[-8.2423,51.8922],[-8.2855,51.8922],[-8.2855,51.899],[-8.2927,51.904],[-8.3107,51.9007],[-8.3287,51.8956],[-8.3467,51.8922],[-8.3899,51.8939],[-8.4079,51.8922],[-8.4295,51.8838],[-8.3971,51.877],[-8.3539,51.8737],[-8.3287,51.8618],[-8.3467,51.8297],[-8.3107,51.8314],[-8.2999,51.8297],[-8.2999,51.823],[-8.3035,51.823],[-8.3035,51.8162],[-8.2963,51.8112],[-8.2927,51.8095],[-8.3071,51.8078],[-8.3143,51.8061],[-8.3179,51.8027],[-8.2855,51.8027],[-8.3035,51.7858],[-8.3035,51.7825],[-8.3035,51.7774],[-8.2999,51.7723],[-8.2963,51.7656],[-8.3035,51.7588],[-8.3359,51.7352],[-8.3467,51.7251],[-8.3719,51.7149],[-8.4115,51.7099],[-8.4223,51.7048],[-8.4367,51.693],[-8.4403,51.7031],[-8.4547,51.7115],[-8.4727,51.7166],[-8.4835,51.7132],[-8.4691,51.7065],[-8.4655,51.6947],[-8.4691,51.6845],[-8.4835,51.6778],[-8.4907,51.698],[-8.5123,51.7065],[-8.5591,51.7065],[-8.5591,51.6997],[-8.5483,51.6964],[-8.5267,51.6947],[-8.5159,51.693],[-8.5087,51.6997],[-8.5015,51.6997],[-8.4979,51.693],[-8.4979,51.6862],[-8.5051,51.6828],[-8.5159,51.6795],[-8.5195,51.6778],[-8.5375,51.6541],[-8.5375,51.6491],[-8.5375,51.6372],[-8.5339,51.6221],[-8.5303,51.6102],[-8.5447,51.6187],[-8.5591,51.6372],[-8.5735,51.6457],[-8.5879,51.6457],[-8.6383,51.6372],[-8.7571,51.6457],[-8.7427,51.6356],[-8.7283,51.6305],[-8.6887,51.6305],[-8.6887,51.6237],[-8.6959,51.6204],[-8.7031,51.617],[-8.6815,51.6102],[-8.6923,51.6052],[-8.6995,51.5967],[-8.6995,51.5883],[-8.6959,51.5765],[-8.7355,51.5798],[-8.7427,51.5765],[-8.7499,51.5798],[-8.7571,51.5866],[-8.7643,51.59],[-8.8003,51.59],[-8.8111,51.5917],[-8.8219,51.595],[-8.8255,51.595],[-8.8327,51.59],[-8.8543,51.5967],[-8.8687,51.5849],[-8.8795,51.568],[-8.8867,51.5562],[-8.9227,51.5478],[-8.9299,51.5461],[-8.9335,51.5359],[-8.9407,51.5376],[-8.9515,51.5444],[-8.9515,51.5494],[-8.9587,51.5511],[-8.9803,51.5613],[-8.9911,51.563],[-9.0019,51.563],[-9.0163,51.5562],[-9.0739,51.5494],[-9.0847,51.5528],[-9.1099,51.5613],[-9.1207,51.563],[-9.1207,51.5562],[-9.1171,51.5545],[-9.1063,51.5494],[-9.1171,51.5376],[-9.1279,51.5292],[-9.1423,51.5241],[-9.1603,51.5224],[-9.1855,51.5258],[-9.1927,51.5241],[-9.1891,51.514],[-9.1891,51.5089],[-9.2035,51.5072],[-9.2107,51.5022],[-9.2143,51.4937],[-9.2251,51.487],[-9.2359,51.487],[-9.2431,51.4887],[-9.2539,51.4903],[-9.2647,51.487],[-9.2647,51.4937],[-9.2683,51.4988],[-9.2683,51.5022],[-9.2719,51.5089],[-9.3007,51.4971],[-9.3007,51.4887],[-9.3079,51.487],[-9.3151,51.487],[-9.3223,51.4836],[-9.3367,51.4768],[-9.3475,51.4735],[-9.3799,51.4735],[-9.3691,51.4785],[-9.3619,51.4836],[-9.3547,51.4903],[-9.3475,51.5005],[-9.3619,51.4954],[-9.3727,51.492],[-9.3763,51.4954],[-9.3691,51.5089],[-9.3583,51.5174],[-9.3331,51.5275],[-9.3187,51.5342],[-9.3223,51.5376],[-9.3259,51.5376],[-9.3259,51.5393],[-9.3259,51.5427],[-9.3367,51.5376],[-9.3691,51.5258],[-9.3727,51.519],[-9.3799,51.5123],[-9.4015,51.5005],[-9.4123,51.5106],[-9.4123,51.5207],[-9.4051,51.5326],[-9.4015,51.5461],[-9.4087,51.5528],[-9.4267,51.5579],[-9.4447,51.5596],[-9.4555,51.5562],[-9.4483,51.5444],[-9.4771,51.5342],[-9.5491,51.5258],[-9.5527,51.5207],[-9.5527,51.5123],[-9.5563,51.5089],[-9.5743,51.5089],[-9.5815,51.5089],[-9.5995,51.4971],[-9.6103,51.4937],[-9.6283,51.4937],[-9.6283,51.5039],[-9.6427,51.5157],[-9.6571,51.5207],[-9.6643,51.5123],[-9.7183,51.4802],[-9.7111,51.4751],[-9.7075,51.4751],[-9.7039,51.4735],[-9.7723,51.4532],[-9.7687,51.465],[-9.7795,51.4616],[-9.8083,51.4464],[-9.8119,51.4532],[-9.8191,51.4464],[-9.8191,51.4583],[-9.8155,51.4633],[-9.8119,51.4667],[-9.8119,51.4735],[-9.8227,51.4751],[-9.8263,51.4785],[-9.8335,51.487],[-9.8119,51.492],[-9.7939,51.5005],[-9.7579,51.5224],[-9.7399,51.5292],[-9.7039,51.5359],[-9.6823,51.5427],[-9.6643,51.5511],[-9.6211,51.5832],[-9.6031,51.5917],[-9.5671,51.6018],[-9.5455,51.6102],[-9.5923,51.6136],[-9.7867,51.5528],[-9.8479,51.5494],[-9.8047,51.5663],[-9.7975,51.5697],[-9.7867,51.5731],[-9.7795,51.5832],[-9.7687,51.5917],[-9.7327,51.6001],[-9.6067,51.6423],[-9.5959,51.6558],[-9.5635,51.6575],[-9.5239,51.671],[-9.4879,51.6761],[-9.4591,51.6845],[-9.4555,51.6997],[-9.4519,51.7048],[-9.4483,51.7115],[-9.4447,51.7132],[-9.4447,51.72],[-9.4555,51.7251],[-9.4735,51.7183],[-9.4915,51.7149],[-9.5131,51.7251],[-9.5203,51.7251],[-9.5239,51.7267],[-9.5275,51.7301],[-9.5239,51.7436],[-9.5239,51.747],[-9.5311,51.7521],[-9.5419,51.7555],[-9.5491,51.7588],[-9.5599,51.7622],[-9.5563,51.7487],[-9.5563,51.7403],[-9.5563,51.7301],[-9.5455,51.72],[-9.5671,51.7166],[-9.5779,51.7099],[-9.6067,51.693],[-9.6283,51.6845],[-9.6463,51.6812],[-9.7147,51.6761],[-9.7471,51.6676],[-9.8731,51.6558],[-9.9163,51.644],[-9.9307,51.6372],[-9.9307,51.6339],[-9.9307,51.6305],[-9.9343,51.6271],[-9.9379,51.6237],[-9.9415,51.6221],[-10.0063,51.6085],[-10.0279,51.5967],[-10.0387,51.5984],[-10.0603,51.6035],[-10.0711,51.6035],[-10.1179,51.6001],[-10.1395,51.5933],[-10.1575,51.5832],[-10.1611,51.59],[-10.1539,51.5933],[-10.1539,51.6001],[-10.1539,51.6052],[-10.1503,51.6102],[-10.1431,51.6136],[-10.0747,51.6254],[-10.0603,51.6305],[-10.0603,51.6356],[-10.0603,51.6372],[-10.0639,51.6372],[-10.0675,51.6372],[-10.0639,51.6491],[-10.0711,51.6575],[-10.0855,51.6592],[-10.0999,51.6592],[-10.0891,51.671],[-10.0675,51.6744],[-10.0243,51.6727],[-10.0027,51.6778],[-9.9559,51.7065],[-9.9559,51.7132],[-9.9991,51.7132],[-9.9811,51.7318],[-9.9487,51.747],[-9.9163,51.7571],[-9.8875,51.7622],[-9.8911,51.7571],[-9.8983,51.747],[-9.9019,51.7419],[-9.8839,51.7436],[-9.8695,51.7487],[-9.8551,51.7588],[-9.8551,51.7757],[-9.8407,51.769],[-9.8227,51.7673],[-9.7867,51.769],[-9.7867,51.7757],[-9.7939,51.7757],[-9.8119,51.7825],[-9.8119,51.7875],[-9.8011,51.7943],[-9.7759,51.8129],[-9.7543,51.8196],[-9.7435,51.8331],[-9.7363,51.8365],[-9.7291,51.8382],[-9.7039,51.8365],[-9.6715,51.8433],[-9.6139,51.8635],[-9.5815,51.8703],[-9.5815,51.877],[-9.6535,51.872],[-9.7579,51.8466],[-9.7759,51.8399],[-9.7867,51.8331],[-9.7903,51.8264],[-9.8263,51.8264],[-9.8407,51.823],[-9.8335,51.8162],[-9.8623,51.8044],[-9.8731,51.8027],[-9.8731,51.8078],[-9.8695,51.8179],[-9.8695,51.823],[-9.8839,51.823],[-9.8911,51.8196],[-9.8947,51.8146],[-9.9019,51.8095],[-9.9127,51.8078],[-9.9379,51.8044],[-9.9487,51.8027],[-9.9919,51.7808],[-10.0171,51.774],[-10.0387,51.7825],[-10.0603,51.769],[-10.0855,51.7555],[-10.1107,51.7453],[-10.1359,51.7419],[-10.1287,51.7538],[-10.2259,51.7825],[-10.1863,51.7892],[-10.1755,51.8129],[-10.1935,51.8399],[-10.2331,51.8517],[-10.2475,51.8449],[-10.2727,51.8213],[-10.2835,51.8162],[-10.2943,51.8129],[-10.3267,51.7943],[-10.3411,51.7875],[-10.3483,51.801],[-10.3339,51.8297],[-10.3411,51.8433],[-10.3555,51.8449],[-10.3771,51.8449],[-10.3879,51.8466],[-10.3807,51.8568],[-10.3807,51.8618],[-10.3843,51.8635],[-10.3879,51.8635],[-10.3879,51.8686],[-10.3843,51.8703],[-10.3843,51.8737],[-10.3807,51.877],[-10.3843,51.8787],[-10.3915,51.877],[-10.3951,51.877],[-10.3951,51.8838],[-10.3627,51.8872],[-10.2799,51.9057],[-10.2619,51.9057],[-10.2547,51.9091],[-10.2511,51.9159],[-10.2511,51.9226],[-10.2547,51.926],[-10.2691,51.9311],[-10.2763,51.9412],[-10.2871,51.9513],[-10.3051,51.953],[-10.3051,51.9598],[-10.2943,51.9648],[-10.2691,51.9699],[-10.2583,51.9733],[-10.2655,51.9885],[-10.2439,51.9952],[-10.2187,51.9986],[-10.1935,52.0104],[-10.1287,52.029],[-10.0315,52.0408],[-9.9919,52.056],[-9.9703,52.0898],[-9.9631,52.0898],[-9.9631,52.0712],[-9.9559,52.0645],[-9.9415,52.0628],[-9.9271,52.0628],[-9.9307,52.0712],[-9.9091,52.1303],[-9.8767,52.1202],[-9.8479,52.1185],[-9.7723,52.1252],[-9.7795,52.1286],[-9.7867,52.1354],[-9.7939,52.1388],[-9.7579,52.1523],[-9.9559,52.1455],[-9.9451,52.1252],[-9.9487,52.1134],[-9.9559,52.1084],[-9.9595,52.1252],[-9.9703,52.132],[-9.9847,52.1354],[-9.9991,52.1388],[-10.0279,52.1404],[-10.1611,52.1185],[-10.1863,52.1101],[-10.1971,52.1151],[-10.2079,52.1252],[-10.2187,52.1303],[-10.2295,52.1286],[-10.2331,52.1219],[-10.2403,52.1202],[-10.2691,52.1354],[-10.2799,52.1371],[-10.3051,52.1303],[-10.3051,52.1252],[-10.2979,52.1252],[-10.2871,52.1236],[-10.2727,52.1185],[-10.2727,52.1117],[-10.2979,52.1151],[-10.3447,52.1252],[-10.3699,52.1252],[-10.3663,52.1185],[-10.3627,52.1151],[-10.3555,52.1117],[-10.3771,52.1117],[-10.4167,52.0999],[-10.4383,52.0982],[-10.4599,52.1033],[-10.4671,52.1151],[-10.4707,52.132],[-10.4779,52.1523],[-10.4707,52.1556],[-10.4527,52.1658],[-10.4527,52.1725],[-10.4599,52.1793],[-10.4491,52.1894],[-10.4275,52.1962],[-10.4095,52.1995],[-10.4167,52.186],[-10.3951,52.1742],[-10.3807,52.1725],[-10.3735,52.1759],[-10.3699,52.1843],[-10.3735,52.1911],[-10.3735,52.1979],[-10.3627,52.2063],[-10.3699,52.2114],[-10.3771,52.2131],[-10.3663,52.2283],[-10.3555,52.2316],[-10.3411,52.2316],[-10.3195,52.235],[-10.3087,52.2418],[-10.2871,52.2637],[-10.2763,52.2688],[-10.1719,52.2874],[-10.1575,52.2789],[-10.1683,52.2401],[-10.1647,52.235],[-10.0999,52.2401],[-10.0711,52.2519],[-10.0459,52.2688],[-10.0351,52.2907],[-10.0603,52.3093],[-10.0243,52.3093],[-10.0135,52.3059],[-10.0171,52.2958],[-10.0135,52.2823],[-10.0135,52.2654],[-10.0099,52.2536],[-9.9955,52.2485],[-9.9775,52.2468],[-9.9487,52.2384],[-9.9127,52.2333],[-9.8731,52.2333],[-9.8587,52.2384],[-9.8371,52.2536],[-9.8263,52.2586],[-9.8119,52.2553],[-9.8191,52.2519],[-9.8263,52.2485],[-9.8083,52.2418],[-9.7363,52.2485],[-9.7543,52.2586],[-9.7687,52.2603],[-9.7975,52.262],[-9.8335,52.2722],[-9.8479,52.2755],[-9.8623,52.2688],[-9.8695,52.2738],[-9.8767,52.2789],[-9.8803,52.2874],[-9.8803,52.2958],[-9.8695,52.289],[-9.8587,52.284],[-9.8479,52.284],[-9.8335,52.289],[-9.8479,52.2941],[-9.8551,52.2958],[-9.8623,52.2958],[-9.8623,52.3042],[-9.8515,52.3042],[-9.8263,52.3093],[-9.8371,52.3262],[-9.8335,52.3752],[-9.8515,52.3853],[-9.9055,52.392],[-9.9307,52.4005],[-9.9487,52.4123],[-9.9343,52.4207],[-9.9163,52.4258],[-9.8479,52.4292],[-9.7507,52.4562],[-9.7363,52.463],[-9.7219,52.4765],[-9.7039,52.4832],[-9.6787,52.4832],[-9.6499,52.4782],[-9.6355,52.4731],[-9.6391,52.4866],[-9.6499,52.4934],[-9.6679,52.495],[-9.6823,52.495],[-9.6787,52.5001],[-9.6751,52.5052],[-9.6787,52.5102],[-9.6823,52.5153],[-9.6823,52.5221],[-9.6751,52.5288],[-9.6715,52.5339],[-9.6751,52.5457],[-9.6715,52.5525],[-9.6499,52.571],[-9.6427,52.5677],[-9.6355,52.5693],[-9.6283,52.5744],[-9.6175,52.5778],[-9.5779,52.571],[-9.4987,52.571],[-9.4879,52.5677],[-9.4807,52.5643],[-9.4699,52.5626],[-9.4591,52.566],[-9.4519,52.5727],[-9.4483,52.5761],[-9.4375,52.5778],[-9.3619,52.5761],[-9.3583,52.5761],[-9.3511,52.5744],[-9.3367,52.5778],[-9.2719,52.5778],[-9.2359,52.5812],[-9.2215,52.5862],[-9.2071,52.5947],[-9.1927,52.5997],[-9.0703,52.6234],[-9.0523,52.6318],[-9.0451,52.62],[-9.0271,52.6183],[-9.0055,52.62],[-8.9911,52.6251],[-8.9839,52.6301],[-8.9803,52.6403],[-8.9695,52.6487],[-8.9587,52.6521],[-8.7859,52.6656],[-8.7499,52.6723],[-8.7679,52.6723],[-8.8327,52.6892],[-8.8687,52.6926],[-8.9335,52.6875],[-8.9515,52.6892],[-8.9623,52.6943],[-8.9623,52.6994],[-8.9479,52.7061],[-8.9479,52.7146],[-8.9551,52.723],[-8.9515,52.7348],[-8.9551,52.745],[-8.9695,52.7483],[-8.9623,52.7568],[-8.9515,52.7703],[-8.9443,52.7754],[-8.9695,52.7703],[-9.0019,52.7602],[-9.0235,52.7466],[-9.0271,52.7348],[-9.0595,52.696],[-9.1459,52.6234],[-9.1675,52.6183],[-9.2539,52.6116],[-9.2611,52.6082],[-9.2755,52.5947],[-9.2863,52.5913],[-9.2971,52.5896],[-9.3115,52.5913],[-9.3223,52.593],[-9.3331,52.5981],[-9.3187,52.6065],[-9.2935,52.6149],[-9.2791,52.6251],[-9.2791,52.6386],[-9.3115,52.6268],[-9.3835,52.6132],[-9.4339,52.6116],[-9.4555,52.6149],[-9.4771,52.62],[-9.4843,52.6284],[-9.4915,52.6335],[-9.5239,52.6369],[-9.5383,52.6453],[-9.5347,52.6605],[-9.5455,52.6673],[-9.5815,52.6656],[-9.5815,52.6588],[-9.5707,52.6572],[-9.5635,52.6538],[-9.5563,52.647],[-9.5527,52.6386],[-9.6283,52.6183],[-9.6715,52.6116],[-9.6931,52.6048],[-9.7039,52.5947],[-9.7075,52.5795],[-9.7147,52.5778],[-9.7219,52.5829],[-9.7291,52.5845],[-9.7579,52.5727],[-9.9379,52.5575],[-9.9379,52.5626],[-9.9199,52.5677],[-9.8767,52.5862],[-9.8227,52.5947],[-9.6211,52.7146],[-9.6247,52.7179],[-9.6283,52.7281],[-9.6175,52.7314],[-9.6031,52.7382],[-9.5923,52.7416],[-9.5815,52.7433],[-9.5491,52.7416],[-9.5383,52.7416],[-9.5203,52.7466],[-9.5095,52.7483],[-9.4987,52.7517],[-9.4951,52.7618],[-9.4915,52.7737],[-9.4843,52.7821],[-9.4879,52.7872],[-9.4879,52.7889],[-9.4843,52.7956],[-9.4915,52.8024],[-9.4807,52.8074],[-9.4699,52.8125],[-9.4591,52.8209],[-9.4519,52.8311],[-9.4447,52.8395],[-9.4411,52.848],[-9.4375,52.853],[-9.4303,52.8581],[-9.4303,52.8648],[-9.4267,52.8784],[-9.3655,52.9138],[-9.3547,52.9341],[-9.3727,52.9375],[-9.4519,52.9341],[-9.4771,52.9408],[-9.4483,52.9577],[-9.4375,52.9662],[-9.4087,52.9966],[-9.3979,53.0033],[-9.3871,53.0084],[-9.3943,53.0151],[-9.3403,53.0776],[-9.3187,53.0911],[-9.3043,53.108],[-9.2899,53.13],[-9.2719,53.1468],[-9.2503,53.1519],[-9.2287,53.1435],[-9.1819,53.1164],[-9.1603,53.1114],[-9.1387,53.1148],[-9.1207,53.1232],[-9.0955,53.1266],[-9.0739,53.1181],[-9.0703,53.135],[-9.0847,53.1435],[-9.1279,53.1519],[-9.1279,53.1587],[-9.0703,53.1654],[-9.0523,53.162],[-9.0235,53.1468],[-9.0055,53.1451],[-9.0055,53.1519],[-9.0451,53.1654],[-9.0451,53.1739],[-9.0235,53.1671],[-9.0091,53.1654],[-8.9983,53.1739],[-8.9875,53.1772],[-8.9803,53.1755],[-8.9839,53.1654],[-8.9731,53.1587],[-8.9623,53.1519],[-8.9515,53.1485],[-8.9371,53.1451],[-8.9443,53.1654],[-8.9515,53.1739],[-8.9551,53.1806],[-8.9443,53.1958],[-8.9299,53.2059],[-8.8939,53.2211],[-8.9047,53.2211],[-8.9227,53.2161],[-8.9335,53.2144],[-9.0307,53.2161],[-9.0451,53.2211],[-9.0271,53.2279],[-8.9839,53.2346],[-8.9623,53.2346],[-8.9623,53.2414],[-8.9911,53.2414],[-8.9911,53.2482],[-8.9803,53.2532],[-8.9551,53.2583],[-8.9443,53.2617],[-8.9443,53.2684],[-9.0235,53.2752],[-9.0415,53.2735],[-9.0775,53.2633],[-9.4015,53.2482],[-9.4339,53.238],[-9.4483,53.2313],[-9.4699,53.2279],[-9.5131,53.2279],[-9.5347,53.2346],[-9.5455,53.2431],[-9.5527,53.2532],[-9.5671,53.2617],[-9.5455,53.2785],[-9.5563,53.2904],[-9.5707,53.2904],[-9.5815,53.2718],[-9.5851,53.2498],[-9.5959,53.238],[-9.6139,53.2363],[-9.6283,53.2482],[-9.6283,53.2549],[-9.6103,53.2769],[-9.6175,53.3208],[-9.5959,53.3309],[-9.5959,53.3292],[-9.5851,53.3241],[-9.5779,53.3241],[-9.5743,53.3258],[-9.5671,53.336],[-9.5635,53.3376],[-9.5599,53.341],[-9.5995,53.3647],[-9.5887,53.3731],[-9.5527,53.3849],[-9.5887,53.3866],[-9.6067,53.3849],[-9.6211,53.3782],[-9.6103,53.3664],[-9.6067,53.3495],[-9.6139,53.3343],[-9.6355,53.3309],[-9.6535,53.341],[-9.6463,53.3596],[-9.6391,53.3782],[-9.6391,53.3849],[-9.6427,53.3866],[-9.6499,53.3917],[-9.6535,53.3934],[-9.6571,53.3883],[-9.6715,53.3782],[-9.6859,53.3748],[-9.6931,53.368],[-9.7039,53.3512],[-9.7291,53.3258],[-9.7435,53.314],[-9.7903,53.3022],[-9.8083,53.3022],[-9.8227,53.314],[-9.8443,53.3241],[-9.8875,53.3174],[-9.9019,53.3241],[-9.8983,53.3275],[-9.8911,53.341],[-9.8911,53.3512],[-9.8875,53.3596],[-9.8803,53.363],[-9.8731,53.3647],[-9.8587,53.3647],[-9.8407,53.368],[-9.8011,53.3849],[-9.7867,53.3934],[-9.7867,53.3984],[-9.8191,53.3984],[-9.8191,53.4069],[-9.7975,53.4119],[-9.7975,53.4187],[-9.8155,53.4187],[-9.8263,53.417],[-9.8479,53.4069],[-9.8479,53.4001],[-9.8587,53.3951],[-9.8767,53.3951],[-9.8803,53.4069],[-9.8767,53.4153],[-9.8551,53.4238],[-9.8479,53.4339],[-9.8587,53.4322],[-9.8695,53.4271],[-9.8767,53.4221],[-9.8839,53.4187],[-9.8947,53.4221],[-9.9019,53.4255],[-9.9127,53.4255],[-9.9235,53.4187],[-9.9271,53.4103],[-9.9235,53.3984],[-9.9235,53.39],[-9.9343,53.3849],[-9.9451,53.3849],[-9.9631,53.3799],[-10.0027,53.3799],[-10.0135,53.3816],[-10.0243,53.3849],[-10.0351,53.3934],[-10.0423,53.4018],[-10.0495,53.4103],[-10.0639,53.4119],[-10.1035,53.4086],[-10.1287,53.4103],[-10.1431,53.4187],[-10.1503,53.4153],[-10.1575,53.4136],[-10.1755,53.4119],[-10.1683,53.4288],[-10.1575,53.439],[-10.1431,53.4457],[-10.1215,53.4474],[-10.0819,53.4423],[-10.0675,53.444],[-10.0531,53.4542],[-10.0531,53.4609],[-10.0639,53.4626],[-10.0747,53.466],[-10.0819,53.4727],[-10.0855,53.4812],[-10.0639,53.4795],[-10.0423,53.4727],[-10.0207,53.471],[-10.0135,53.4812],[-10.0315,53.4795],[-10.0711,53.4846],[-10.1071,53.4947],[-10.1287,53.5082],[-10.1287,53.5149],[-10.1359,53.5268],[-10.1431,53.5386],[-10.1539,53.5437],[-10.1827,53.5386],[-10.1935,53.5386],[-10.2043,53.5437],[-10.1791,53.5555],[-10.1575,53.5555],[-10.1323,53.5504],[-10.1071,53.5504],[-10.1107,53.5538],[-10.1143,53.5656],[-10.1143,53.5707],[-10.0711,53.5707],[-10.0243,53.5622],[-10.0207,53.5589],[-10.0063,53.5437],[-9.9955,53.547],[-9.9811,53.5589],[-9.9703,53.5622],[-10.0315,53.5876],[-10.0459,53.5994],[-10.0099,53.6044],[-9.9307,53.5994],[-9.9019,53.6044],[-9.8695,53.618],[-9.8551,53.618],[-9.8443,53.6163],[-9.8227,53.6061],[-9.7759,53.6011],[-9.6967,53.5977],[-9.6967,53.6044],[-9.7147,53.6095],[-9.7831,53.6061],[-9.8263,53.6163],[-9.9091,53.6467],[-9.9235,53.6906],[-9.9163,53.7125],[-9.9055,53.7277],[-9.8983,53.7446],[-9.9091,53.7615],[-9.8983,53.7665],[-9.8623,53.7699],[-9.8335,53.7767],[-9.8119,53.7784],[-9.8011,53.7801],[-9.7903,53.7868],[-9.7831,53.7868],[-9.7615,53.7801],[-9.7507,53.7767],[-9.5671,53.7969],[-9.5671,53.8037],[-9.5815,53.8054],[-9.6211,53.8172],[-9.6175,53.8189],[-9.6139,53.8223],[-9.6067,53.824],[-9.5995,53.824],[-9.5995,53.8307],[-9.6067,53.8392],[-9.5959,53.8476],[-9.5599,53.8645],[-9.5671,53.8662],[-9.5887,53.8712],[-9.5779,53.8763],[-9.5743,53.8831],[-9.5671,53.8898],[-9.5671,53.8999],[-9.5743,53.8983],[-9.5779,53.8983],[-9.5815,53.8966],[-9.5887,53.8932],[-9.6139,53.8983],[-9.7579,53.8999],[-9.8551,53.8662],[-9.9091,53.8594],[-9.9451,53.8797],[-9.9307,53.8847],[-9.9235,53.9135],[-9.9091,53.9202],[-9.9127,53.9303],[-9.9127,53.9337],[-9.9091,53.9405],[-9.9091,53.9472],[-9.9163,53.9472],[-9.9163,53.954],[-9.8695,53.9607],[-9.8587,53.959],[-9.8371,53.9489],[-9.8227,53.9472],[-9.8119,53.9422],[-9.8083,53.9185],[-9.7975,53.9135],[-9.7867,53.9168],[-9.7867,53.9236],[-9.7903,53.9354],[-9.7867,53.9472],[-9.7939,53.9523],[-9.8047,53.9607],[-9.8119,53.9658],[-9.8263,53.9675],[-9.8263,53.9607],[-9.8191,53.954],[-9.8299,53.9557],[-9.8371,53.9641],[-9.8515,53.9877],[-9.8479,53.9928],[-9.8479,53.9979],[-9.8551,54.0029],[-9.8623,54.0029],[-9.8767,54.0013],[-9.8803,54.0046],[-9.8839,54.0114],[-9.8911,54.0165],[-9.8983,54.0249],[-9.9019,54.0401],[-9.8983,54.0553],[-9.8875,54.0604],[-9.8731,54.062],[-9.8623,54.0705],[-9.8767,54.0756],[-9.8767,54.0806],[-9.8659,54.0874],[-9.8551,54.0908],[-9.8623,54.0975],[-9.8335,54.1127],[-9.8443,54.1178],[-9.8551,54.1178],[-9.8803,54.1127],[-9.8803,54.1043],[-9.8803,54.1009],[-9.8839,54.0992],[-9.8947,54.0975],[-9.8947,54.0908],[-9.8875,54.0908],[-9.9163,54.0705],[-9.9451,54.0654],[-9.9703,54.0789],[-9.9919,54.1043],[-9.9703,54.1043],[-9.9271,54.1127],[-9.9091,54.1178],[-9.9379,54.1313],[-9.9523,54.1414],[-9.9559,54.1532],[-9.9487,54.1515],[-9.9379,54.1482],[-9.9307,54.1465],[-9.9415,54.1583],[-9.9775,54.1802],[-9.9631,54.1752],[-9.9523,54.1752],[-9.9415,54.1786],[-9.9379,54.187],[-9.9883,54.2123],[-10.0099,54.2191],[-10.0243,54.2073],[-10.0099,54.1971],[-10.0171,54.1887],[-10.0351,54.1853],[-10.0531,54.187],[-10.0423,54.1769],[-10.0387,54.1735],[-10.0387,54.1667],[-10.0531,54.1684],[-10.0675,54.1667],[-10.0855,54.16],[-10.0855,54.1532],[-10.0747,54.1499],[-10.0675,54.1448],[-10.0675,54.1245],[-10.0747,54.1245],[-10.0963,54.1178],[-10.0819,54.1127],[-10.0675,54.1043],[-10.0675,54.0941],[-10.0855,54.0908],[-10.1035,54.0924],[-10.1179,54.0958],[-10.1251,54.1059],[-10.1287,54.1245],[-10.1215,54.1363],[-10.0999,54.1651],[-10.0963,54.1769],[-10.0927,54.1954],[-10.0819,54.2039],[-10.0711,54.209],[-10.0603,54.2225],[-10.0927,54.2225],[-10.1035,54.2258],[-10.1143,54.2343],[-10.0963,54.236],[-10.0855,54.2444],[-10.0819,54.2579],[-10.0747,54.2697],[-10.0639,54.2748],[-10.0171,54.29],[-10.0135,54.2951],[-10.0135,54.3001],[-10.0063,54.3035],[-9.9991,54.3035],[-9.9919,54.3001],[-9.9883,54.2951],[-9.9883,54.2883],[-9.9847,54.2833],[-9.9703,54.2765],[-9.9559,54.2714],[-9.9379,54.2714],[-9.9235,54.2765],[-9.9163,54.2681],[-9.9055,54.2647],[-9.8983,54.2647],[-9.8875,54.2697],[-9.8875,54.2664],[-9.8875,54.2647],[-9.8875,54.263],[-9.8803,54.263],[-9.9019,54.2377],[-9.9271,54.2275],[-9.9523,54.2292],[-9.9775,54.2427],[-9.9847,54.2225],[-9.9667,54.2174],[-9.9451,54.2157],[-9.9271,54.2106],[-9.9091,54.2039],[-9.8947,54.2123],[-9.8839,54.2225],[-9.8695,54.2275],[-9.8803,54.241],[-9.8767,54.2562],[-9.8587,54.2697],[-9.8443,54.2765],[-9.8227,54.2731],[-9.7867,54.2579],[-9.7651,54.2562],[-9.7723,54.2647],[-9.7795,54.2697],[-9.7975,54.2765],[-9.7975,54.2833],[-9.7903,54.2866],[-9.7795,54.2866],[-9.7579,54.2833],[-9.7759,54.29],[-9.8299,54.2968],[-9.8407,54.3069],[-9.8443,54.3221],[-9.8443,54.3288],[-9.7867,54.3373],[-9.7651,54.3356],[-9.7255,54.3204],[-9.7075,54.317],[-9.5347,54.3103],[-9.5239,54.312],[-9.5059,54.317],[-9.4951,54.317],[-9.4843,54.3153],[-9.4735,54.3069],[-9.4627,54.3035],[-9.3835,54.2968],[-9.3763,54.2984],[-9.3619,54.3035],[-9.3511,54.3086],[-9.3439,54.3136],[-9.3331,54.3187],[-9.3223,54.317],[-9.2755,54.3052],[-9.2683,54.3035],[-9.2611,54.3001],[-9.2539,54.2816],[-9.2467,54.2765],[-9.2287,54.2782],[-9.2179,54.2799],[-9.2179,54.2833],[-9.2107,54.2748],[-9.2107,54.2681],[-9.2107,54.2596],[-9.2179,54.2562],[-9.2179,54.2495],[-9.1963,54.2427],[-9.1963,54.2343],[-9.2143,54.2275],[-9.2107,54.2174],[-9.1603,54.1921],[-9.1495,54.1802],[-9.1423,54.1651],[-9.1423,54.1465],[-9.1351,54.1465],[-9.1351,54.1634],[-9.1315,54.1786],[-9.1279,54.1938],[-9.1351,54.2073],[-9.1135,54.214],[-9.0919,54.2258],[-9.0739,54.2461],[-9.0667,54.2731],[-9.0523,54.29],[-9.0163,54.2917],[-8.9551,54.2833],[-8.9515,54.2849],[-8.9443,54.2883],[-8.9407,54.29],[-8.9263,54.2849],[-8.9119,54.2782],[-8.8939,54.2748],[-8.8723,54.2647],[-8.8579,54.263],[-8.8075,54.263],[-8.7859,54.2664],[-8.7643,54.2765],[-8.7391,54.2647],[-8.6779,54.2714],[-8.6491,54.263],[-8.6419,54.2529],[-8.6383,54.2427],[-8.6347,54.2326],[-8.6059,54.2258],[-8.5951,54.2191],[-8.5735,54.2005],[-8.5591,54.2073],[-8.5447,54.209],[-8.5123,54.2073],[-8.5123,54.214],[-8.5267,54.2191],[-8.5447,54.2225],[-8.5591,54.2275],[-8.5663,54.2393],[-8.5735,54.2461],[-8.5879,54.2529],[-8.6059,54.2562],[-8.6203,54.2562],[-8.6203,54.263],[-8.6131,54.2681],[-8.6023,54.2799],[-8.5951,54.2833],[-8.5699,54.2765],[-8.5591,54.2748],[-8.5519,54.2799],[-8.5411,54.2849],[-8.4691,54.2765],[-8.4871,54.2883],[-8.5051,54.2968],[-8.5231,54.3018],[-8.5411,54.3035],[-8.5627,54.3035],[-8.5699,54.3052],[-8.5735,54.3136],[-8.5663,54.3238],[-8.5555,54.3221],[-8.5303,54.3103],[-8.5123,54.317],[-8.5195,54.3272],[-8.5411,54.3339],[-8.5627,54.3373],[-8.6599,54.3373],[-8.6671,54.3407],[-8.6671,54.3525],[-8.6635,54.3592],[-8.6527,54.366],[-8.6419,54.3711],[-8.6131,54.3761],[-8.4979,54.4234],[-8.4799,54.4268],[-8.4727,54.4302],[-8.4727,54.4386],[-8.4691,54.4572],[-8.4655,54.4757],[-8.4583,54.4724],[-8.4511,54.4606],[-8.4475,54.4555],[-8.4439,54.4538],[-8.4439,54.447],[-8.4151,54.4589],[-8.3827,54.469],[-8.2999,54.4774],[-8.2891,54.4791],[-8.2423,54.4977],[-8.2099,54.5028],[-8.2099,54.5095],[-8.2423,54.5095],[-8.2567,54.5146],[-8.2711,54.523],[-8.2171,54.55],[-8.2171,54.5703],[-8.1739,54.5939],[-8.1739,54.6193],[-8.1631,54.6159],[-8.1559,54.6108],[-8.1487,54.6075],[-8.1379,54.6058],[-8.1271,54.6379],[-8.1199,54.6463],[-8.1235,54.648],[-8.1235,54.6497],[-8.1271,54.6497],[-8.1271,54.653],[-8.1451,54.6429],[-8.1667,54.6362],[-8.2351,54.6294],[-8.2711,54.6125],[-8.2927,54.6058],[-8.2927,54.6125],[-8.2819,54.621],[-8.2819,54.6294],[-8.2855,54.6362],[-8.3035,54.6395],[-8.3179,54.6362],[-8.3431,54.6159],[-8.3683,54.6091],[-8.4151,54.5788],[-8.4295,54.572],[-8.4403,54.5669],[-8.4583,54.5652],[-8.4583,54.5703],[-8.4331,54.5872],[-8.4187,54.5956],[-8.3971,54.5973],[-8.3863,54.6058],[-8.3863,54.6193],[-8.4007,54.6294],[-8.4151,54.6193],[-8.4223,54.6193],[-8.4187,54.6412],[-8.4331,54.6412],[-8.4475,54.6277],[-8.4583,54.6091],[-8.4619,54.6024],[-8.4727,54.6075],[-8.4835,54.6159],[-8.4871,54.6227],[-8.4835,54.6277],[-8.4871,54.6311],[-8.4943,54.6328],[-8.5015,54.6328],[-8.5123,54.6277],[-8.5159,54.626],[-8.5411,54.626],[-8.5519,54.6227],[-8.5627,54.6091],[-8.5771,54.6108],[-8.5987,54.6193],[-8.6743,54.6193],[-8.6887,54.626],[-8.6815,54.6362],[-8.6923,54.6412],[-8.7751,54.6598],[-8.7931,54.6598],[-8.7895,54.6632],[-8.7859,54.6666],[-8.7823,54.6699],[-8.7787,54.6733],[-8.7787,54.6801],[-8.7895,54.6851],[-8.7967,54.6919],[-8.7967,54.6986],[-8.7823,54.702],[-8.7679,54.702],[-8.7535,54.7054],[-8.7463,54.7138],[-8.7463,54.7257],[-8.7319,54.7324],[-8.6635,54.7628],[-8.6383,54.7679],[-8.5375,54.7662],[-8.4835,54.7561],[-8.4583,54.7561],[-8.4583,54.7628],[-8.5267,54.7729],[-8.5447,54.7831],[-8.5303,54.7881],[-8.4835,54.7898],[-8.4727,54.7864],[-8.4619,54.7746],[-8.4439,54.7628],[-8.4259,54.7577],[-8.4079,54.7628],[-8.4619,54.7932],[-8.4979,54.8016],[-8.5339,54.8168],[-8.5591,54.8185],[-8.5555,54.827],[-8.5483,54.8303],[-8.5375,54.8303],[-8.5267,54.832],[-8.5159,54.8354],[-8.5015,54.8472],[-8.4907,54.8523],[-8.4727,54.8405],[-8.4475,54.8388],[-8.4007,54.8439],[-8.3467,54.832],[-8.3251,54.832],[-8.3251,54.8388],[-8.3431,54.8405],[-8.3647,54.8455],[-8.3827,54.8557],[-8.3791,54.8726],[-8.3683,54.881],[-8.3287,54.8776],[-8.3143,54.8793],[-8.3251,54.8861],[-8.3359,54.903],[-8.3503,54.908],[-8.3683,54.908],[-8.3755,54.908],[-8.3791,54.903],[-8.3791,54.8962],[-8.3791,54.8894],[-8.3791,54.8861],[-8.4079,54.8878],[-8.4331,54.9013],[-8.4511,54.9215],[-8.4619,54.9401],[-8.4511,54.9469],[-8.4403,54.9435],[-8.4331,54.9384],[-8.4187,54.935],[-8.4043,54.935],[-8.3899,54.9384],[-8.3683,54.9485],[-8.3971,54.9553],[-8.4187,54.9688],[-8.4583,54.9958],[-8.4583,55.0026],[-8.4475,55.0077],[-8.4367,55.0093],[-8.4259,55.0093],[-8.4151,55.0026],[-8.4043,55.0127],[-8.4007,55.0161],[-8.4079,55.0161],[-8.4043,55.0313],[-8.3935,55.033],[-8.3863,55.033],[-8.3755,55.0364],[-8.3539,55.06],[-8.3467,55.0651],[-8.3395,55.0583],[-8.3359,55.0347],[-8.3251,55.0296],[-8.3215,55.0347],[-8.3143,55.0532],[-8.3035,55.0583],[-8.3179,55.087],[-8.3215,55.1056],[-8.3143,55.1123],[-8.3035,55.1191],[-8.2891,55.1495],[-8.2783,55.1613],[-8.2639,55.1613],[-8.2063,55.1461],[-8.1883,55.1495],[-8.1559,55.1579],[-8.1415,55.1613],[-8.1487,55.1512],[-8.1559,55.1444],[-8.1595,55.1394],[-8.1631,55.1292],[-8.1559,55.1242],[-8.1451,55.1309],[-8.1163,55.1546],[-8.0551,55.1765],[-8.0335,55.1816],[-8.0227,55.1883],[-8.0119,55.2052],[-8.0011,55.2204],[-7.9759,55.2221],[-7.9507,55.2103],[-7.9579,55.1985],[-8.0047,55.1816],[-8.0047,55.1748],[-7.9615,55.1866],[-7.9543,55.185],[-7.9507,55.1799],[-7.9327,55.1799],[-7.9183,55.185],[-7.9075,55.1883],[-7.8967,55.1748],[-7.8967,55.1681],[-7.9003,55.1562],[-7.8895,55.1579],[-7.8751,55.1647],[-7.8607,55.1681],[-7.8643,55.1579],[-7.8715,55.1512],[-7.8823,55.1478],[-7.8967,55.1461],[-7.8967,55.1394],[-7.8751,55.141],[-7.8643,55.1377],[-7.8571,55.1394],[-7.8463,55.1461],[-7.8355,55.1647],[-7.8391,55.1765],[-7.8607,55.1951],[-7.8679,55.2153],[-7.8499,55.2272],[-7.8247,55.239],[-7.7995,55.2559],[-7.7959,55.2508],[-7.7923,55.2491],[-7.8139,55.2018],[-7.8175,55.1951],[-7.8139,55.1934],[-7.8103,55.1883],[-7.8067,55.185],[-7.7995,55.1816],[-7.7887,55.1816],[-7.7815,55.1866],[-7.7707,55.1883],[-7.7563,55.185],[-7.7383,55.1765],[-7.7167,55.1664],[-7.7095,55.1579],[-7.7059,55.1529],[-7.6987,55.141],[-7.6951,55.1326],[-7.6951,55.1259],[-7.7023,55.109],[-7.7023,55.0988],[-7.6951,55.1073],[-7.6771,55.1343],[-7.6735,55.1394],[-7.6699,55.1478],[-7.6735,55.163],[-7.6843,55.1782],[-7.6879,55.185],[-7.6915,55.1951],[-7.6951,55.2069],[-7.7023,55.2187],[-7.7167,55.2221],[-7.7239,55.2153],[-7.7203,55.2001],[-7.7167,55.185],[-7.7095,55.1748],[-7.7239,55.1765],[-7.7311,55.1816],[-7.7419,55.1883],[-7.7491,55.1951],[-7.7779,55.2001],[-7.7923,55.2052],[-7.7887,55.2187],[-7.7599,55.2508],[-7.7599,55.2559],[-7.7239,55.2525],[-7.7095,55.2559],[-7.6735,55.2744],[-7.6627,55.2761],[-7.6447,55.2728],[-7.6339,55.2626],[-7.6267,55.2525],[-7.6159,55.2491],[-7.6123,55.2407],[-7.6123,55.2255],[-7.6159,55.2103],[-7.6195,55.2052],[-7.6159,55.1968],[-7.6015,55.19],[-7.5727,55.1816],[-7.5727,55.1698],[-7.5655,55.1562],[-7.5511,55.1444],[-7.5403,55.1394],[-7.5295,55.1326],[-7.5259,55.1157],[-7.5331,55.0988],[-7.5403,55.0921],[-7.5547,55.0904],[-7.5691,55.0836],[-7.5871,55.0718],[-7.6411,55.0499],[-7.6411,55.0431],[-7.5799,55.0499],[-7.5619,55.0448],[-7.5727,55.0228],[-7.5835,55.0161],[-7.6339,54.9958],[-7.6663,54.9688],[-7.6807,54.9621],[-7.6807,54.9536],[-7.6627,54.9587],[-7.6447,54.9654],[-7.5475,55.0178],[-7.5367,55.0195],[-7.5295,55.0313],[-7.5079,55.0364],[-7.4863,55.0397],[-7.4683,55.0431],[-7.4575,55.0566],[-7.4503,55.0718],[-7.4539,55.087],[-7.4719,55.0921],[-7.4791,55.0971],[-7.4719,55.1056],[-7.4647,55.1191],[-7.4647,55.1427],[-7.4683,55.1444],[-7.5115,55.1816],[-7.5331,55.1917],[-7.5403,55.1985],[-7.5439,55.2052],[-7.5511,55.2153],[-7.5511,55.2255],[-7.5259,55.2373],[-7.5151,55.2542],[-7.5151,55.2744],[-7.5259,55.2896],[-7.5079,55.2896],[-7.4935,55.2846],[-7.4791,55.2846],[-7.4647,55.2896],[-7.4647,55.293],[-7.4647,55.2964],[-7.4683,55.2981],[-7.4683,55.3032],[-7.4503,55.2947],[-7.4287,55.2863],[-7.4071,55.2863],[-7.3675,55.3099],[-7.3459,55.315],[-7.3279,55.3082],[-7.3135,55.2896],[-7.3315,55.2896],[-7.3387,55.2896],[-7.3207,55.2829],[-7.2991,55.2761],[-7.2775,55.2761],[-7.2559,55.2846],[-7.3207,55.3133],[-7.3495,55.3352],[-7.3531,55.3589],[-7.3783,55.3673],[-7.3927,55.3741],[-7.3999,55.3808],[-7.3855,55.3859],[-7.3675,55.3842],[-7.3315,55.3724],[-7.2631,55.3589],[-7.2487,55.3572],[-7.2091,55.3454],[-7.1947,55.3386],[-7.1443,55.293],[-7.1299,55.2863],[-7.0795,55.2728],[-7.0435,55.2694],[-6.9967,55.2576],[-6.9751,55.2491],[-6.9535,55.2542],[-6.9391,55.239],[-6.9427,55.2187],[-6.9715,55.2086],[-7.0003,55.2052],[-7.0327,55.1968],[-7.0651,55.185],[-7.1011,55.1647],[-7.1335,55.1562],[-7.1587,55.1512],[-7.1731,55.1427],[-7.2163,55.109],[-7.2307,55.0921],[-7.2451,55.0735],[-7.2487,55.0701],[-7.2559,55.0499],[-7.2415,55.0499],[-7.1947,55.0583],[-7.1767,55.0566],[-7.1335,55.0431],[-7.1011,55.0414],[-7.0651,55.0431],[-7.0543,55.0482],[-7.0327,55.0651],[-7.0183,55.0718],[-7.0183,55.0836],[-7.0111,55.1022],[-6.9967,55.1191],[-6.9859,55.1259],[-6.9751,55.136],[-6.9679,55.1799],[-6.9643,55.1951],[-6.9463,55.1951],[-6.9031,55.1782],[-6.8851,55.1748],[-6.7555,55.1782],[-6.6403,55.2086],[-6.5719,55.212],[-6.5539,55.2187],[-6.5395,55.2305],[-6.5215,55.2407],[-6.4999,55.2474],[-6.4747,55.2491],[-6.4387,55.2356],[-6.4171,55.2322],[-6.3775,55.2457],[-6.3523,55.2424],[-6.2551,55.2103],[-6.2407,55.2086],[-6.2191,55.2103],[-6.1795,55.2204],[-6.1615,55.2221],[-6.1219,55.217],[-6.1003,55.212],[-6.0931,55.2052],[-6.0859,55.2018],[-6.0463,55.1782],[-6.0355,55.1681],[-6.0391,55.1123],[-6.0463,55.0955],[-6.0607,55.0735],[-6.0535,55.0651],[-6.0355,55.0634],[-6.0175,55.0651],[-6.0031,55.0634],[-5.9887,55.06],[-5.9743,55.0532],[-5.9671,55.0431],[-5.9707,55.0262],[-5.9887,54.9891],[-5.9851,54.9823],[-5.9563,54.9789],[-5.9311,54.9705],[-5.9059,54.9587],[-5.8879,54.9401],[-5.8807,54.9334],[-5.8735,54.9182],[-5.8699,54.9097],[-5.8627,54.9063],[-5.8483,54.8979],[-5.8375,54.8928],[-5.8303,54.8844],[-5.8195,54.8743],[-5.8123,54.8624],[-5.8123,54.8489],[-5.8015,54.8202],[-5.7763,54.8118],[-5.7439,54.805],[-5.7223,54.7831],[-5.7151,54.7831],[-5.7331,54.805],[-5.7979,54.8439],[-5.7835,54.8624],[-5.7511,54.8574],[-5.7223,54.8405],[-5.7007,54.8253],[-5.6899,54.7932],[-5.6935,54.7645],[-5.7079,54.7425],[-5.7295,54.729],[-5.7583,54.7206],[-5.8195,54.7105],[-5.8447,54.702],[-5.8699,54.6868],[-5.8915,54.6716],[-5.9131,54.6463],[-5.9275,54.6328],[-5.9167,54.6277],[-5.9095,54.6193],[-5.9095,54.6108],[-5.9059,54.6058],[-5.8951,54.6041],[-5.8879,54.6091],[-5.8807,54.6159],[-5.8699,54.6227],[-5.8483,54.6429],[-5.8375,54.6497],[-5.8051,54.6598],[-5.7691,54.675],[-5.7475,54.6801],[-5.7331,54.6767],[-5.7151,54.6699],[-5.6935,54.6682],[-5.5747,54.6801],[-5.5675,54.6767],[-5.5567,54.6632],[-5.5459,54.6598],[-5.5351,54.6581],[-5.5351,54.6514],[-5.5315,54.6429],[-5.5315,54.6328],[-5.5135,54.5973],[-5.5027,54.5838],[-5.4847,54.5771],[-5.4775,54.5703],[-5.4739,54.5298],[-5.4703,54.5163],[-5.4379,54.4876],[-5.4307,54.4859],[-5.4379,54.4757],[-5.4379,54.4707],[-5.4343,54.4656],[-5.4343,54.4606],[-5.4379,54.4555],[-5.4595,54.4369],[-5.4631,54.4251],[-5.4559,54.4082],[-5.4595,54.3913],[-5.4703,54.3846],[-5.4847,54.3778],[-5.4883,54.3694],[-5.4739,54.3592],[-5.4883,54.3542],[-5.5027,54.339],[-5.5171,54.3373],[-5.5279,54.3457],[-5.5387,54.3592],[-5.5459,54.3795],[-5.5603,54.3829],[-5.5711,54.3913],[-5.5783,54.4031],[-5.5783,54.4133],[-5.5711,54.4251],[-5.5495,54.442],[-5.5423,54.4572],[-5.5459,54.4893],[-5.5567,54.5112],[-5.5747,54.5298],[-5.6467,54.5669],[-5.6719,54.5771],[-5.7007,54.5771],[-5.7007,54.5703],[-5.6935,54.5619],[-5.6971,54.5517],[-5.7043,54.5433],[-5.7151,54.5365],[-5.7007,54.5365],[-5.6899,54.5315],[-5.6827,54.5264],[-5.6755,54.523],[-5.6359,54.5213],[-5.6251,54.5163],[-5.6431,54.5129],[-5.6647,54.5095],[-5.6719,54.5061],[-5.6395,54.496],[-5.6431,54.4842],[-5.6431,54.4724],[-5.6395,54.4639],[-5.6251,54.4606],[-5.6251,54.4572],[-5.6287,54.4538],[-5.6323,54.447],[-5.6251,54.4403],[-5.6539,54.3896],[-5.6611,54.3795],[-5.6971,54.3626],[-5.7079,54.3525],[-5.6683,54.3609],[-5.6215,54.3761],[-5.5783,54.3829],[-5.5495,54.366],[-5.5423,54.3272],[-5.5531,54.2984],[-5.5783,54.2765],[-5.6143,54.2562],[-5.6179,54.2545],[-5.6287,54.2562],[-5.6323,54.2562],[-5.6395,54.2343],[-5.6467,54.2326],[-5.6575,54.2292],[-5.6647,54.2309],[-5.6683,54.2393],[-5.6791,54.2461],[-5.7367,54.2495],[-5.7799,54.2461],[-5.8231,54.2377],[-5.8411,54.2343],[-5.8627,54.2309],[-5.8663,54.2191],[-5.8663,54.1836],[-5.8663,54.1802],[-5.8699,54.1617],[-5.8735,54.1397],[-5.8843,54.1211],[-5.8951,54.1043],[-5.9131,54.0908],[-5.9527,54.0789],[-5.9851,54.0587],[-6.0283,54.0401],[-6.0391,54.0367],[-6.0787,54.035],[-6.0967,54.0367],[-6.1147,54.0435],[-6.1147,54.0502],[-6.0931,54.0553],[-6.0859,54.057],[-6.1615,54.0739],[-6.1759,54.0739],[-6.1867,54.0924],[-6.2119,54.0992],[-6.2443,54.0992],[-6.2623,54.1043],[-6.2695,54.0975],[-6.2083,54.062],[-6.1903,54.057],[-6.1831,54.0536],[-6.1687,54.0401],[-6.1651,54.0367],[-6.1435,54.035],[-6.1327,54.0333],[-6.1255,54.03],[-6.1075,54.0131],[-6.1111,54.0013],[-6.1435,53.9776],[-6.1615,53.9742],[-6.1867,53.9793],[-6.2083,53.9877],[-6.2227,53.9962],[-6.2371,53.9945],[-6.3055,54.0114],[-6.3595,54.0165],[-6.3595,54.008],[-6.3487,54.0029],[-6.3523,53.9945],[-6.3667,53.981],[-6.3739,53.9641],[-6.3775,53.9354],[-6.3775,53.9168],[-6.3739,53.8999],[-6.3523,53.8814],[-6.3163,53.8712],[-6.2443,53.8645],[-6.2443,53.8577],[-6.2551,53.8392],[-6.2551,53.8223],[-6.2443,53.8071],[-6.2227,53.7969],[-6.2443,53.7817],[-6.2479,53.7564],[-6.2443,53.7294],[-6.2407,53.6855],[-6.2371,53.6703],[-6.2299,53.6568],[-6.2227,53.6467],[-6.2119,53.6399],[-6.1975,53.6348],[-6.1867,53.6298],[-6.1687,53.6061],[-6.1435,53.5943],[-6.1111,53.5859],[-6.0931,53.5774],[-6.0859,53.5673],[-6.0787,53.5555],[-6.0751,53.5403],[-6.0823,53.5268],[-6.1003,53.5099],[-6.1039,53.5031],[-6.1039,53.4947]]]}},{"type":"Feature","properties":{},"geometry":{"type":"Polygon","coordinates":[[[-3.3246,56.3653],[-3.3102,56.3568],[-3.2922,56.3534],[-3.2526,56.3534],[-3.231,56.3568],[-3.1878,56.3703],[-3.1482,56.3754],[-2.9502,56.4311],[-2.9394,56.4379],[-2.9322,56.448],[-2.9106,56.4564],[-2.8854,56.4581],[-2.8674,56.4514],[-2.8494,56.4413],[-2.8134,56.4413],[-2.8026,56.4277],[-2.8026,56.4092],[-2.8098,56.3906],[-2.8206,56.3754],[-2.8386,56.3653],[-2.8134,56.3653],[-2.8098,56.3636],[-2.8062,56.3484],[-2.8026,56.345],[-2.7918,56.3433],[-2.781,56.3416],[-2.7738,56.3399],[-2.7702,56.3332],[-2.6766,56.3281],[-2.655,56.3214],[-2.6226,56.3045],[-2.6118,56.3011],[-2.5758,56.2842],[-2.5758,56.2775],[-2.6298,56.2488],[-2.6478,56.2285],[-2.673,56.2217],[-2.7198,56.2167],[-2.7846,56.1913],[-2.8062,56.188],[-2.8314,56.1913],[-2.8926,56.2082],[-2.9394,56.2099],[-2.9646,56.2049],[-2.9754,56.1981],[-2.9826,56.1897],[-3.0366,56.1677],[-3.0906,56.1322],[-3.1086,56.1272],[-3.1266,56.1221],[-3.1374,56.112],[-3.1518,56.0782],[-3.1626,56.0647],[-3.177,56.0579],[-3.249,56.0563],[-3.267,56.0512],[-3.303,56.0377],[-3.3426,56.0276],[-3.3822,56.0242],[-3.4218,56.0242],[-3.5838,56.0512],[-3.6702,56.0512],[-3.7098,56.0579],[-3.7458,56.0715],[-3.7458,56.0731],[-3.7818,56.0917],[-3.8034,56.1069],[-3.8178,56.112],[-3.8358,56.112],[-3.8358,56.1069],[-3.7782,56.0833],[-3.7674,56.0748],[-3.7602,56.0731],[-3.7278,56.0377],[-3.7206,56.0309],[-3.7134,56.0292],[-3.6918,56.0309],[-3.6882,56.0309],[-3.681,56.0259],[-3.6738,56.0191],[-3.6666,56.0124],[-3.6558,56.0107],[-3.5982,56.0174],[-3.5766,56.0174],[-3.4038,55.9904],[-3.357,55.9904],[-3.3426,55.9938],[-3.3318,55.9938],[-3.321,55.9853],[-3.303,55.9769],[-3.123,55.9701],[-3.1158,55.9668],[-3.0978,55.9516],[-3.0906,55.9482],[-3.0798,55.9465],[-3.015,55.9499],[-2.9394,55.9701],[-2.9178,55.9803],[-2.8998,55.9955],[-2.8818,56.009],[-2.8566,56.0107],[-2.8638,56.0225],[-2.8674,56.0276],[-2.871,56.0309],[-2.853,56.0394],[-2.8242,56.0596],[-2.8026,56.0647],[-2.6334,56.0579],[-2.6154,56.0529],[-2.5866,56.0309],[-2.5686,56.0242],[-2.5794,56.0073],[-2.583,56.0022],[-2.5686,56.0005],[-2.5434,56.0022],[-2.529,55.9972],[-2.5254,56.0005],[-2.5146,56.0056],[-2.5074,56.0107],[-2.493,56.0022],[-2.4534,55.9853],[-2.4138,55.9786],[-2.3526,55.9482],[-2.3094,55.9347],[-2.1474,55.9178],[-2.1366,55.9144],[-2.133,55.906],[-2.1294,55.8975],[-2.1294,55.8891],[-2.1222,55.8874],[-2.1006,55.8823],[-2.079,55.8688],[-2.0214,55.8047],[-2.0106,55.7912],[-1.8774,55.6949],[-1.863,55.6713],[-1.8522,55.6594],[-1.8306,55.651],[-1.827,55.6442],[-1.8234,55.6358],[-1.8162,55.6324],[-1.8054,55.6341],[-1.8018,55.6392],[-1.7946,55.6442],[-1.791,55.6459],[-1.7802,55.6459],[-1.7694,55.6426],[-1.755,55.6341],[-1.7478,55.6189],[-1.7694,55.6189],[-1.7694,55.6122],[-1.755,55.6088],[-1.7226,55.6138],[-1.6974,55.6122],[-1.6326,55.5851],[-1.6326,55.5784],[-1.6362,55.5716],[-1.6362,55.5649],[-1.629,55.5564],[-1.6182,55.5497],[-1.6326,55.5446],[-1.6326,55.5379],[-1.6218,55.5345],[-1.6038,55.5244],[-1.6038,55.5176],[-1.611,55.5075],[-1.6074,55.5024],[-1.5966,55.5007],[-1.5894,55.4956],[-1.5858,55.4838],[-1.5822,55.4163],[-1.5822,55.4062],[-1.5894,55.391],[-1.5894,55.3859],[-1.5894,55.3758],[-1.5822,55.3555],[-1.557,55.3285],[-1.557,55.3116],[-1.557,55.3065],[-1.5606,55.3015],[-1.5606,55.2981],[-1.5642,55.293],[-1.5714,55.2863],[-1.5678,55.2795],[-1.5642,55.2728],[-1.5606,55.266],[-1.557,55.2559],[-1.5426,55.2441],[-1.521,55.2289],[-1.5282,55.217],[-1.5246,55.2103],[-1.5138,55.2052],[-1.5066,55.1951],[-1.5102,55.185],[-1.5174,55.1765],[-1.521,55.1681],[-1.5174,55.1579],[-1.4994,55.141],[-1.4958,55.1343],[-1.4922,55.1123],[-1.485,55.0921],[-1.4814,55.0853],[-1.4778,55.0836],[-1.4634,55.0803],[-1.4598,55.0786],[-1.4598,55.0752],[-1.4562,55.0668],[-1.4382,55.0431],[-1.4274,55.033],[-1.4238,55.0245],[-1.4202,55.011],[-1.413,55.0009],[-1.4022,54.9958],[-1.3986,54.9925],[-1.3698,54.9756],[-1.3626,54.9654],[-1.3626,54.9587],[-1.3626,54.9536],[-1.3626,54.9485],[-1.3626,54.9266],[-1.359,54.9165],[-1.3518,54.9131],[-1.3554,54.9046],[-1.2978,54.7797],[-1.2762,54.7476],[-1.2402,54.7223],[-1.2258,54.7155],[-1.1718,54.702],[-1.1718,54.6936],[-1.1934,54.6936],[-1.1934,54.6885],[-1.1898,54.6868],[-1.1862,54.6801],[-1.1826,54.6716],[-1.179,54.6649],[-1.1718,54.6581],[-1.1646,54.653],[-1.1718,54.6446],[-1.1826,54.6395],[-1.2078,54.6328],[-1.2042,54.626],[-1.2006,54.621],[-1.1934,54.6193],[-1.1826,54.6193],[-1.179,54.621],[-1.179,54.6243],[-1.1754,54.626],[-1.1718,54.626],[-1.1682,54.6243],[-1.1646,54.6193],[-1.1646,54.6142],[-1.1646,54.6125],[-1.1538,54.6125],[-1.1466,54.6193],[-1.1394,54.6463],[-1.1214,54.6328],[-1.1034,54.6243],[-1.0854,54.621],[-1.0422,54.6176],[-0.9918,54.5973],[-0.7866,54.5602],[-0.5634,54.4774],[-0.5346,54.4606],[-0.5238,54.447],[-0.5202,54.4386],[-0.5238,54.4302],[-0.5202,54.42],[-0.5094,54.4116],[-0.477,54.3964],[-0.4626,54.3896],[-0.4482,54.3727],[-0.4302,54.3491],[-0.4194,54.3238],[-0.4194,54.3035],[-0.4158,54.2968],[-0.4086,54.29],[-0.4014,54.2849],[-0.3906,54.2833],[-0.3942,54.2731],[-0.3978,54.2697],[-0.3906,54.2647],[-0.369,54.2478],[-0.3618,54.2427],[-0.3222,54.236],[-0.3114,54.2309],[-0.3006,54.2242],[-0.2754,54.2174],[-0.2682,54.2073],[-0.261,54.1819],[-0.261,54.1769],[-0.2322,54.16],[-0.1098,54.1313],[-0.0738,54.1127],[-0.1638,54.084],[-0.1962,54.062],[-0.2178,54.0232],[-0.1962,53.9945],[-0.1674,53.9286],[-0.1494,53.8999],[-0.045,53.802],[0.135,53.6433],[0.1494,53.6095],[0.1386,53.5774],[0.1314,53.574],[0.1098,53.5622],[0.1314,53.5943],[0.135,53.6112],[0.1206,53.618],[0.099,53.623],[0.0558,53.6416],[0.0342,53.6467],[0.0162,53.6433],[-0.0234,53.6281],[-0.045,53.6264],[-0.0702,53.6264],[-0.0918,53.6315],[-0.1134,53.6382],[-0.1314,53.6467],[-0.225,53.7193],[-0.261,53.7362],[-0.297,53.7395],[-0.3042,53.7395],[-0.4302,53.7142],[-0.4482,53.7142],[-0.5094,53.7142],[-0.5454,53.7091],[-0.5526,53.7108],[-0.5778,53.726],[-0.5778,53.7277],[-0.6354,53.7328],[-0.657,53.7277],[-0.7254,53.7007],[-0.7182,53.699],[-0.7074,53.6956],[-0.7002,53.6922],[-0.693,53.6872],[-0.6786,53.7024],[-0.6498,53.7108],[-0.621,53.7125],[-0.5958,53.7074],[-0.5562,53.6906],[-0.5454,53.6838],[-0.531,53.6771],[-0.513,53.6821],[-0.4878,53.6939],[-0.3078,53.7142],[-0.279,53.7074],[-0.261,53.6872],[-0.189,53.6196],[-0.1458,53.6061],[-0.1134,53.5842],[-0.0954,53.5774],[-0.0594,53.574],[-0.045,53.5707],[0.0018,53.5352],[0.0954,53.4879],[0.1134,53.4829],[0.135,53.4812],[0.153,53.4761],[0.1674,53.4643],[0.171,53.4575],[0.1746,53.4474],[0.1746,53.4373],[0.1818,53.4339],[0.189,53.4322],[0.2178,53.4187],[0.2106,53.4119],[0.2286,53.4052],[0.2466,53.3917],[0.2574,53.3748],[0.261,53.3613],[0.3438,53.2262],[0.3546,53.1891],[0.3582,53.1451],[0.3366,53.0928],[0.3294,53.086],[0.3186,53.0844],[0.3006,53.081],[0.2826,53.0742],[0.1926,53.0202],[0.1746,53.0151],[0.1602,53.0084],[0.081,52.9391],[0.0594,52.9256],[0.0378,52.9189],[0.0234,52.9121],[0.009,52.8986],[0.009,52.8868],[0.0414,52.8851],[0.0918,52.8919],[0.1062,52.8902],[0.135,52.875],[0.1458,52.8716],[0.171,52.8615],[0.2214,52.8142],[0.2466,52.7956],[0.2646,52.8041],[0.2862,52.8057],[0.3258,52.8024],[0.3402,52.7973],[0.369,52.7737],[0.3834,52.7686],[0.3834,52.7754],[0.3798,52.7905],[0.3978,52.8091],[0.4266,52.8277],[0.4374,52.8412],[0.4446,52.8648],[0.4554,52.8919],[0.4734,52.9172],[0.4842,52.9341],[0.5202,52.956],[0.5706,52.9695],[0.6246,52.9763],[0.6714,52.9746],[0.6642,52.9814],[0.6858,52.9864],[0.7074,52.983],[0.729,52.978],[0.7506,52.9746],[0.837,52.9746],[0.8766,52.9678],[0.9198,52.9543],[0.9702,52.9476],[1.0134,52.9594],[1.0026,52.9645],[0.9918,52.9678],[0.9774,52.9678],[0.9666,52.9678],[0.9666,52.9746],[1.2762,52.929],[1.395,52.8919],[1.6434,52.7754],[1.6722,52.7551],[1.6974,52.7314],[1.7154,52.6842],[1.7334,52.6538],[1.7478,52.6251],[1.7406,52.6031],[1.7478,52.5879],[1.7478,52.5693],[1.7478,52.5322],[1.7694,52.4866],[1.7658,52.4765],[1.755,52.468],[1.7298,52.4157],[1.7298,52.4056],[1.7262,52.3971],[1.683,52.3245],[1.6506,52.289],[1.6398,52.2823],[1.629,52.2705],[1.629,52.2451],[1.6326,52.1995],[1.6254,52.181],[1.6074,52.1455],[1.6038,52.1286],[1.5894,52.1016],[1.5858,52.0864],[1.5822,52.0813],[1.503,52.0611],[1.4886,52.0493],[1.4706,52.056],[1.467,52.0476],[1.4634,52.0358],[1.4562,52.029],[1.449,52.0256],[1.4238,52.002],[1.3554,51.9547],[1.3446,51.9429],[1.3338,51.9395],[1.2654,51.9935],[1.2366,52.0003],[1.1862,52.0256],[1.1574,52.029],[1.1574,52.0222],[1.1934,52.0003],[1.215,51.9919],[1.2618,51.9851],[1.269,51.9817],[1.2762,51.9767],[1.2762,51.9615],[1.2726,51.9564],[1.251,51.9598],[1.2402,51.9581],[1.2186,51.9547],[1.2042,51.953],[1.1934,51.9547],[1.1646,51.9665],[1.143,51.9665],[1.0962,51.9564],[1.0674,51.953],[1.0962,51.9463],[1.2618,51.9395],[1.2834,51.9463],[1.2798,51.9277],[1.2006,51.877],[1.2114,51.872],[1.2294,51.8669],[1.2654,51.8635],[1.2762,51.8703],[1.2834,51.8804],[1.287,51.8821],[1.287,51.8601],[1.2762,51.8449],[1.2186,51.8112],[1.1682,51.7909],[1.1358,51.7825],[1.0638,51.7757],[1.0458,51.7774],[1.0386,51.7825],[1.0206,51.8027],[0.9882,51.8297],[0.981,51.8433],[0.9774,51.8247],[0.963,51.8146],[0.9234,51.8027],[0.8946,51.7842],[0.8874,51.7825],[0.8874,51.7774],[0.8838,51.7639],[0.8802,51.7521],[0.873,51.747],[0.8622,51.7453],[0.8442,51.7369],[0.837,51.7335],[0.8226,51.7335],[0.801,51.7403],[0.7902,51.7419],[0.7686,51.7403],[0.7218,51.7284],[0.7002,51.72],[0.7146,51.7149],[0.7326,51.7132],[0.7506,51.7082],[0.7614,51.693],[0.7902,51.7099],[0.8514,51.7183],[0.8838,51.7267],[0.9126,51.7419],[0.9306,51.7436],[0.945,51.7335],[0.9486,51.7251],[0.945,51.7149],[0.9414,51.7082],[0.9378,51.7065],[0.9414,51.698],[0.945,51.6913],[0.9522,51.6778],[0.9414,51.6727],[0.9378,51.6643],[0.9378,51.6406],[0.9342,51.6356],[0.927,51.6305],[0.9126,51.6237],[0.9378,51.6254],[0.9486,51.6221],[0.9522,51.617],[0.9234,51.5883],[0.873,51.5596],[0.8298,51.5427],[0.8154,51.5376],[0.7722,51.5275],[0.693,51.5359],[0.6642,51.5342],[0.6642,51.5359],[0.6498,51.5359],[0.6462,51.5359],[0.6426,51.5342],[0.6246,51.5224],[0.6102,51.519],[0.5958,51.519],[0.5814,51.5174],[0.5706,51.5089],[0.5526,51.5174],[0.549,51.5174],[0.5238,51.5174],[0.4554,51.5055],[0.4518,51.4988],[0.4482,51.4887],[0.441,51.4768],[0.4302,51.4667],[0.4158,51.4616],[0.3978,51.4583],[0.3834,51.4532],[0.4482,51.4599],[0.4554,51.4633],[0.4626,51.4701],[0.4662,51.4768],[0.4698,51.4802],[0.5346,51.492],[0.6966,51.4768],[0.711,51.4701],[0.7218,51.4566],[0.7218,51.4464],[0.7146,51.4414],[0.693,51.4397],[0.657,51.4448],[0.6426,51.4448],[0.6102,51.4245],[0.5742,51.4194],[0.5562,51.4127],[0.5634,51.4059],[0.5706,51.3992],[0.5778,51.3941],[0.585,51.3907],[0.6714,51.3907],[0.7146,51.384],[0.7038,51.3958],[0.7002,51.4093],[0.7038,51.4194],[0.7254,51.4194],[0.729,51.4059],[0.7398,51.3873],[0.7542,51.3721],[0.765,51.3637],[0.9774,51.3485],[1.0998,51.3738],[1.4238,51.3924],[1.449,51.3823],[1.4382,51.3502],[1.4346,51.3434],[1.431,51.3384],[1.4238,51.3333],[1.4202,51.3299],[1.3842,51.3299],[1.377,51.3266],[1.3806,51.3046],[1.3878,51.2877],[1.4058,51.2607],[1.413,51.2219],[1.4058,51.183],[1.3842,51.1509],[1.3554,51.1307],[1.2906,51.1172],[1.2618,51.1037],[1.251,51.102],[1.2294,51.1037],[1.2186,51.1003],[1.2078,51.0952],[1.2006,51.0868],[1.1934,51.0834],[1.1718,51.0766],[1.107,51.0766],[1.0854,51.0733],[1.0674,51.0648],[1.0278,51.0412],[0.9774,50.9939],[0.9666,50.9821],[0.9702,50.9568],[0.981,50.9179],[0.945,50.9095],[0.8694,50.9247],[0.801,50.9399],[0.7614,50.9314],[0.6642,50.8706],[0.6246,50.8588],[0.4086,50.8301],[0.369,50.8183],[0.3654,50.8183],[0.3546,50.8098],[0.3438,50.7997],[0.3438,50.7946],[0.3078,50.7811],[0.2718,50.7474],[0.2322,50.7474],[0.2142,50.7491],[0.1674,50.7592],[0.1566,50.7609],[0.1206,50.7609],[0.1134,50.7643],[0.0954,50.7744],[0.0774,50.7795],[0.0342,50.7811],[0.0162,50.7845],[-0.1746,50.8284],[-0.207,50.8318],[-0.2106,50.8301],[-0.2322,50.8217],[-0.2682,50.8318],[-0.3978,50.8014],[-0.5706,50.8014],[-0.7326,50.7676],[-0.7398,50.7693],[-0.7506,50.7744],[-0.7578,50.7778],[-0.7686,50.7744],[-0.7722,50.7659],[-0.765,50.7474],[-0.7722,50.7372],[-0.7902,50.7305],[-0.8118,50.7355],[-0.9054,50.7727],[-0.9126,50.7778],[-0.9054,50.7879],[-0.891,50.7946],[-0.8622,50.8014],[-0.8622,50.8082],[-0.873,50.8132],[-0.8946,50.825],[-0.9054,50.8301],[-0.909,50.8267],[-0.9234,50.8217],[-0.9306,50.8234],[-0.9198,50.8369],[-0.9306,50.8402],[-0.9378,50.8436],[-0.9702,50.847],[-0.9954,50.847],[-1.0026,50.847],[-1.0206,50.8436],[-1.035,50.8267],[-1.0422,50.8014],[-1.0566,50.7828],[-1.0818,50.7811],[-1.1034,50.7946],[-1.0926,50.8132],[-1.0746,50.8301],[-1.0674,50.8436],[-1.089,50.8504],[-1.1502,50.847],[-1.1646,50.8436],[-1.1286,50.825],[-1.125,50.8183],[-1.1214,50.7997],[-1.125,50.7879],[-1.1394,50.7811],[-1.1502,50.7811],[-1.1682,50.7862],[-1.1862,50.793],[-1.1934,50.798],[-1.2006,50.8082],[-1.233,50.8183],[-1.2546,50.8318],[-1.287,50.8386],[-1.3014,50.8436],[-1.3194,50.8571],[-1.3374,50.8723],[-1.449,50.9129],[-1.467,50.9179],[-1.467,50.9112],[-1.4562,50.9095],[-1.4382,50.901],[-1.4238,50.8993],[-1.4022,50.8808],[-1.323,50.825],[-1.3158,50.8115],[-1.3158,50.7997],[-1.341,50.7946],[-1.4022,50.7913],[-1.4202,50.7879],[-1.413,50.7845],[-1.4058,50.7811],[-1.4058,50.7744],[-1.449,50.7693],[-1.4778,50.7643],[-1.4886,50.7575],[-1.4922,50.7575],[-1.5246,50.7609],[-1.557,50.7237],[-1.5606,50.7187],[-1.5822,50.722],[-1.6038,50.7322],[-1.6722,50.7406],[-1.6938,50.7406],[-1.7154,50.7355],[-1.755,50.722],[-1.773,50.7204],[-1.7982,50.7237],[-1.8342,50.7271],[-1.8558,50.7271],[-1.8774,50.722],[-1.8954,50.717],[-1.8954,50.7153],[-1.9134,50.7068],[-1.9278,50.6967],[-1.9386,50.6916],[-1.9458,50.6984],[-1.9458,50.7085],[-1.9494,50.7136],[-1.989,50.7204],[-2.0142,50.7187],[-2.0214,50.7204],[-2.025,50.7237],[-2.025,50.7254],[-2.0322,50.7372],[-2.0394,50.7406],[-2.0466,50.7355],[-2.0826,50.6984],[-2.0682,50.7001],[-2.0574,50.7035],[-2.0466,50.7068],[-2.0358,50.7136],[-2.0142,50.6883],[-2.0034,50.6815],[-1.9854,50.6781],[-1.9674,50.6781],[-1.953,50.6764],[-1.9458,50.668],[-1.953,50.6511],[-1.9386,50.6461],[-1.9314,50.6444],[-1.9674,50.6173],[-1.9638,50.6022],[-1.9854,50.5971],[-2.0646,50.5954],[-2.0826,50.5971],[-2.1582,50.6207],[-2.3418,50.6342],[-2.3778,50.6477],[-2.3994,50.6461],[-2.4354,50.6376],[-2.4462,50.6275],[-2.4606,50.6072],[-2.4642,50.5853],[-2.457,50.5751],[-2.4318,50.5701],[-2.4282,50.5582],[-2.439,50.5414],[-2.4534,50.5279],[-2.4606,50.5279],[-2.4606,50.565],[-2.4822,50.5903],[-2.6946,50.6933],[-2.8638,50.7339],[-2.889,50.7339],[-2.9466,50.7254],[-2.961,50.7237],[-2.997,50.7085],[-3.0222,50.7068],[-3.0582,50.7136],[-3.0726,50.7102],[-3.0942,50.6984],[-3.0978,50.6967],[-3.1158,50.6883],[-3.1266,50.6849],[-3.1374,50.6866],[-3.1554,50.6916],[-3.1662,50.6933],[-3.1842,50.69],[-3.2202,50.6815],[-3.2598,50.6748],[-3.2706,50.6646],[-3.2814,50.6511],[-3.2958,50.6376],[-3.3678,50.6173],[-3.3894,50.6173],[-3.4074,50.6207],[-3.4218,50.6292],[-3.4326,50.6444],[-3.447,50.668],[-3.4506,50.6731],[-3.4542,50.6731],[-3.4542,50.6748],[-3.4578,50.6781],[-3.465,50.6781],[-3.4686,50.6764],[-3.4686,50.6714],[-3.4686,50.6663],[-3.4542,50.6579],[-3.4434,50.6241],[-3.4326,50.6106],[-3.4506,50.5988],[-3.4686,50.5853],[-3.483,50.5684],[-3.4938,50.5481],[-3.5046,50.5211],[-3.5046,50.5008],[-3.4866,50.4586],[-3.5082,50.4586],[-3.5334,50.4552],[-3.5478,50.4468],[-3.555,50.4316],[-3.5478,50.4164],[-3.5334,50.4097],[-3.4866,50.4113],[-3.4866,50.4046],[-3.4974,50.3877],[-3.4974,50.3843],[-3.5082,50.3826],[-3.5154,50.3793],[-3.519,50.3742],[-3.5262,50.3506],[-3.5406,50.3438],[-3.555,50.3472],[-3.5694,50.3556],[-3.5766,50.3337],[-3.5982,50.3252],[-3.6198,50.3218],[-3.6306,50.3117],[-3.6378,50.2948],[-3.6486,50.2746],[-3.6522,50.2509],[-3.645,50.2256],[-3.6594,50.2205],[-3.7026,50.2138],[-3.717,50.2121],[-3.7386,50.2155],[-3.7602,50.2222],[-3.7746,50.2222],[-3.789,50.2121],[-3.825,50.234],[-3.8826,50.2796],[-3.951,50.3185],[-3.9618,50.3218],[-3.969,50.3202],[-3.9942,50.3117],[-4.005,50.31],[-4.0122,50.3067],[-4.023,50.2965],[-4.0338,50.2948],[-4.0446,50.2965],[-4.0554,50.2999],[-4.0698,50.31],[-4.0662,50.3134],[-4.0626,50.3218],[-4.0842,50.3269],[-4.1094,50.337],[-4.1202,50.3522],[-4.1058,50.3708],[-4.1418,50.3691],[-4.1526,50.3708],[-4.167,50.3759],[-4.1706,50.3826],[-4.1742,50.3911],[-4.185,50.4012],[-4.1922,50.4181],[-4.185,50.4316],[-4.1706,50.4451],[-4.1598,50.4586],[-4.1778,50.4536],[-4.1886,50.4536],[-4.1994,50.4586],[-4.203,50.4519],[-4.203,50.4485],[-4.2138,50.4417],[-4.221,50.4384],[-4.2354,50.4384],[-4.2354,50.4316],[-4.221,50.4265],[-4.2174,50.4164],[-4.221,50.4046],[-4.2282,50.3978],[-4.2426,50.3945],[-4.2894,50.3978],[-4.2714,50.3826],[-4.2174,50.3877],[-4.1922,50.3776],[-4.2282,50.3708],[-4.2282,50.3641],[-4.221,50.3658],[-4.1994,50.3641],[-4.2066,50.3556],[-4.1814,50.3556],[-4.1814,50.3506],[-4.1922,50.3472],[-4.1994,50.3421],[-4.1994,50.3354],[-4.1922,50.3286],[-4.1922,50.3218],[-4.2138,50.3235],[-4.2246,50.3354],[-4.2354,50.3489],[-4.2534,50.3556],[-4.3362,50.3708],[-4.383,50.3674],[-4.455,50.3387],[-4.4946,50.3286],[-4.6602,50.3218],[-4.6602,50.3202],[-4.6638,50.3185],[-4.6674,50.3151],[-4.6746,50.3151],[-4.6854,50.3421],[-4.6926,50.3438],[-4.6998,50.3404],[-4.707,50.337],[-4.7106,50.3354],[-4.7322,50.3354],[-4.7538,50.3303],[-4.7646,50.3218],[-4.7538,50.31],[-4.7538,50.3016],[-4.761,50.2982],[-4.7718,50.2915],[-4.779,50.2847],[-4.7826,50.2779],[-4.7826,50.2712],[-4.7754,50.2644],[-4.7754,50.2611],[-4.7898,50.2425],[-4.7898,50.2357],[-4.8006,50.229],[-4.851,50.234],[-4.869,50.229],[-4.887,50.2155],[-4.905,50.2087],[-4.9482,50.1986],[-4.959,50.1901],[-5.0023,50.1445],[-5.0131,50.1564],[-5.0203,50.1918],[-5.0347,50.1986],[-5.0527,50.1952],[-5.0527,50.1868],[-5.0527,50.1749],[-5.0635,50.1648],[-5.0635,50.1581],[-5.0599,50.1547],[-5.0419,50.1445],[-5.0527,50.1445],[-5.0599,50.1429],[-5.0707,50.1378],[-5.0815,50.1327],[-5.0815,50.126],[-5.0815,50.1175],[-5.0851,50.1091],[-5.0923,50.1057],[-5.1247,50.0956],[-5.1139,50.0973],[-5.1067,50.0956],[-5.0923,50.0888],[-5.0887,50.0888],[-5.0743,50.0905],[-5.0707,50.0888],[-5.0671,50.0854],[-5.0635,50.0719],[-5.0599,50.0686],[-5.0563,50.0601],[-5.0707,50.0415],[-5.0995,50.0145],[-5.1067,50.0128],[-5.1283,50.0162],[-5.1391,50.0145],[-5.1463,50.0112],[-5.1751,49.9875],[-5.1895,49.9639],[-5.1895,49.9588],[-5.2003,49.9622],[-5.2111,49.9672],[-5.2399,49.9875],[-5.2435,49.9926],[-5.2507,49.9993],[-5.2543,50.0128],[-5.2507,50.0213],[-5.2543,50.028],[-5.2615,50.0382],[-5.2867,50.0669],[-5.3047,50.0804],[-5.3227,50.0888],[-5.3839,50.1074],[-5.4235,50.1125],[-5.4595,50.126],[-5.4739,50.131],[-5.4955,50.1294],[-5.5207,50.1243],[-5.5423,50.1142],[-5.5423,50.099],[-5.5351,50.0821],[-5.5459,50.0686],[-5.5639,50.0601],[-5.5783,50.0551],[-5.6179,50.0466],[-5.6683,50.0432],[-5.7043,50.0517],[-5.7151,50.0821],[-5.7043,50.0838],[-5.6971,50.0854],[-5.6935,50.0888],[-5.6935,50.0956],[-5.6971,50.1006],[-5.7007,50.104],[-5.7007,50.1023],[-5.7079,50.1226],[-5.7079,50.1327],[-5.7043,50.1378],[-5.7043,50.1412],[-5.6863,50.1614],[-5.6755,50.1648],[-5.6467,50.1716],[-5.5819,50.1952],[-5.5495,50.2036],[-5.5099,50.2188],[-5.4883,50.2205],[-5.4595,50.2003],[-5.4379,50.1935],[-5.4163,50.202],[-5.4019,50.2172],[-5.3947,50.2273],[-5.3947,50.2357],[-5.3875,50.2408],[-5.3515,50.2408],[-5.3155,50.2543],[-5.2003,50.3303],[-5.1643,50.3472],[-5.1499,50.3506],[-5.1463,50.3556],[-5.1463,50.3674],[-5.1463,50.3793],[-5.1535,50.3995],[-5.1427,50.4046],[-5.1283,50.4046],[-5.1211,50.4046],[-5.0491,50.4282],[-5.0491,50.435],[-5.0383,50.4485],[-5.0311,50.4873],[-5.0275,50.5076],[-5.0239,50.5245],[-5.0167,50.538],[-4.995,50.5481],[-4.9734,50.5481],[-4.9662,50.5515],[-4.9554,50.5616],[-4.9482,50.5616],[-4.941,50.5566],[-4.9374,50.5447],[-4.9338,50.5312],[-4.9338,50.5194],[-4.9266,50.5228],[-4.923,50.5245],[-4.9194,50.5279],[-4.9014,50.5211],[-4.8618,50.5194],[-4.8438,50.5143],[-4.8546,50.5279],[-4.8726,50.5346],[-4.905,50.5414],[-4.923,50.5549],[-4.9194,50.5633],[-4.9158,50.5718],[-4.9194,50.5836],[-4.9194,50.5886],[-4.8942,50.5853],[-4.8222,50.5886],[-4.7934,50.5954],[-4.7754,50.6106],[-4.7646,50.6275],[-4.7502,50.6444],[-4.7538,50.6596],[-4.7502,50.6697],[-4.743,50.6748],[-4.7286,50.6731],[-4.6566,50.7119],[-4.6458,50.7237],[-4.6386,50.7406],[-4.6206,50.7541],[-4.5774,50.7744],[-4.5486,50.8098],[-4.5558,50.8977],[-4.545,50.9399],[-4.5378,50.9483],[-4.5234,50.972],[-4.527,50.9804],[-4.5306,50.9939],[-4.5306,51.0091],[-4.527,51.0142],[-4.437,51.0142],[-4.4262,51.0125],[-4.4046,51.0023],[-4.3974,51.0007],[-4.3362,50.9973],[-4.3182,51.0007],[-4.3038,51.0074],[-4.2354,51.0547],[-4.2282,51.0614],[-4.2246,51.0665],[-4.2174,51.0733],[-4.2066,51.0766],[-4.2138,51.0868],[-4.2246,51.1138],[-4.2282,51.1205],[-4.2318,51.1273],[-4.2498,51.1425],[-4.257,51.1509],[-4.221,51.1493],[-4.2138,51.1509],[-4.2066,51.1628],[-4.2102,51.1729],[-4.2174,51.1813],[-4.2282,51.1864],[-4.2282,51.1932],[-4.1526,51.2117],[-3.969,51.2219],[-3.933,51.232],[-3.9114,51.2337],[-3.8394,51.2337],[-3.8178,51.2354],[-3.7854,51.2472],[-3.7674,51.2472],[-3.6414,51.2269],[-3.5586,51.2286],[-3.4326,51.21],[-3.4038,51.1915],[-3.3858,51.1864],[-3.2706,51.1898],[-3.1986,51.2033],[-3.1626,51.2067],[-3.0978,51.205],[-3.0582,51.2084],[-3.0294,51.2202],[-3.0222,51.2134],[-3.0366,51.1999],[-3.0222,51.1932],[-3.0042,51.2134],[-3.0006,51.2202],[-3.0006,51.2337],[-3.0006,51.2404],[-3.0042,51.2455],[-3.0078,51.2539],[-3.0078,51.2928],[-3.0114,51.3114],[-3.0222,51.3232],[-3.0042,51.3198],[-2.9934,51.3215],[-2.9898,51.3316],[-2.9862,51.3468],[-2.979,51.3553],[-2.9646,51.3654],[-2.961,51.3738],[-2.9754,51.384],[-2.9538,51.3992],[-2.9214,51.3941],[-2.8854,51.4177],[-2.817,51.4735],[-2.799,51.4819],[-2.781,51.4887],[-2.7594,51.492],[-2.7378,51.4937],[-2.7162,51.4988],[-2.6946,51.5123],[-2.6082,51.6069],[-2.601,51.6119],[-2.5902,51.6136],[-2.5794,51.6187],[-2.5758,51.6271],[-2.5758,51.6356],[-2.5686,51.6457],[-2.5614,51.6541],[-2.5578,51.6592],[-2.5002,51.6964],[-2.4642,51.7251],[-2.4462,51.7318],[-2.4066,51.7419],[-2.3886,51.7504],[-2.3814,51.7622],[-2.385,51.774],[-2.3994,51.7825],[-2.403,51.7639],[-2.421,51.7538],[-2.4426,51.7487],[-2.4642,51.747],[-2.4822,51.7436],[-2.4966,51.7318],[-2.5074,51.7183],[-2.5218,51.7065],[-2.583,51.6812],[-2.5902,51.6761],[-2.601,51.666],[-2.6658,51.617],[-2.6946,51.5967],[-2.7126,51.5866],[-2.7594,51.5798],[-2.799,51.563],[-2.817,51.5562],[-2.8602,51.5461],[-2.943,51.5427],[-2.9574,51.5461],[-2.9646,51.5528],[-2.9682,51.5596],[-2.9754,51.563],[-2.9826,51.5579],[-3.0114,51.5376],[-3.015,51.5309],[-3.0726,51.5089],[-3.0762,51.5072],[-3.0906,51.5055],[-3.105,51.4971],[-3.1302,51.4802],[-3.1338,51.4768],[-3.141,51.465],[-3.1446,51.4599],[-3.1518,51.4566],[-3.1662,51.4566],[-3.1734,51.4532],[-3.159,51.4312],[-3.1662,51.411],[-3.1842,51.3975],[-3.2022,51.4008],[-3.2202,51.4025],[-3.2886,51.384],[-3.5406,51.3992],[-3.5586,51.4059],[-3.5766,51.4211],[-3.6054,51.4464],[-3.663,51.4768],[-3.6774,51.4768],[-3.6954,51.4718],[-3.717,51.4785],[-3.7386,51.4903],[-3.7494,51.5005],[-3.7494,51.5055],[-3.7494,51.5072],[-3.7458,51.5072],[-3.7422,51.5089],[-3.7494,51.5275],[-3.753,51.5326],[-3.7602,51.5461],[-3.771,51.563],[-3.7818,51.5765],[-3.789,51.5815],[-3.807,51.59],[-3.8178,51.5967],[-3.8322,51.6153],[-3.843,51.6221],[-3.8538,51.6237],[-3.8862,51.6221],[-3.9618,51.6153],[-3.9762,51.6119],[-3.9906,51.6069],[-3.9978,51.6001],[-4.0014,51.5917],[-3.9906,51.5815],[-3.9834,51.5714],[-3.9762,51.563],[-4.0158,51.563],[-4.0158,51.5596],[-4.0194,51.5562],[-4.0266,51.5545],[-4.0302,51.5596],[-4.0302,51.563],[-4.0374,51.5663],[-4.0482,51.568],[-4.0518,51.5697],[-4.0554,51.5663],[-4.0662,51.5579],[-4.0698,51.5562],[-4.077,51.5562],[-4.0878,51.5613],[-4.113,51.5663],[-4.1202,51.5663],[-4.131,51.563],[-4.1418,51.5562],[-4.1562,51.5461],[-4.167,51.5427],[-4.1778,51.5444],[-4.1886,51.5494],[-4.1958,51.5494],[-4.1994,51.5393],[-4.2138,51.5393],[-4.2714,51.5545],[-4.2894,51.5562],[-4.293,51.5596],[-4.2966,51.5613],[-4.2966,51.5697],[-4.2786,51.5781],[-4.2822,51.5883],[-4.2894,51.6018],[-4.2894,51.617],[-4.257,51.6237],[-4.2534,51.6271],[-4.2426,51.6389],[-4.2354,51.6457],[-4.2282,51.6372],[-4.2354,51.6372],[-4.2354,51.6305],[-4.2282,51.6288],[-4.221,51.6237],[-4.1886,51.6305],[-4.1382,51.6322],[-4.0914,51.6406],[-4.0698,51.6626],[-4.0698,51.6693],[-4.0698,51.6744],[-4.0698,51.6761],[-4.077,51.6778],[-4.0878,51.6693],[-4.095,51.6643],[-4.1058,51.6643],[-4.1454,51.6676],[-4.1994,51.6862],[-4.2138,51.6795],[-4.293,51.6727],[-4.3146,51.6778],[-4.3434,51.6913],[-4.365,51.7082],[-4.3794,51.7267],[-4.3362,51.7234],[-4.3182,51.7251],[-4.311,51.7335],[-4.329,51.7335],[-4.347,51.7352],[-4.3614,51.7436],[-4.3722,51.7555],[-4.3686,51.7571],[-4.3614,51.7639],[-4.3578,51.7723],[-4.3578,51.7825],[-4.365,51.7892],[-4.3722,51.7858],[-4.3794,51.7757],[-4.3866,51.7723],[-4.3938,51.7639],[-4.3974,51.7622],[-4.4082,51.7639],[-4.419,51.7673],[-4.4262,51.7757],[-4.4442,51.774],[-4.4478,51.7656],[-4.4406,51.7571],[-4.4262,51.747],[-4.4622,51.7352],[-4.4982,51.7352],[-4.5738,51.7419],[-4.6026,51.7386],[-4.6386,51.7335],[-4.6458,51.7318],[-4.6782,51.7166],[-4.6818,51.693],[-4.689,51.6913],[-4.6926,51.6896],[-4.6926,51.6862],[-4.6926,51.6778],[-4.7106,51.6508],[-4.7214,51.6524],[-4.7358,51.6592],[-4.743,51.6558],[-4.7574,51.6457],[-4.8474,51.6457],[-4.8618,51.644],[-4.8798,51.6372],[-4.887,51.6305],[-4.8942,51.6204],[-4.905,51.6136],[-4.923,51.6085],[-4.9302,51.5984],[-4.941,51.5967],[-4.9446,51.5984],[-4.9554,51.6035],[-5.0203,51.6153],[-5.0455,51.6271],[-5.0383,51.6372],[-5.0527,51.6575],[-5.0995,51.6643],[-5.1211,51.6778],[-5.1139,51.6845],[-5.0383,51.6778],[-5.0383,51.6812],[-5.0419,51.6896],[-5.0419,51.693],[-5.0275,51.693],[-5.0023,51.6879],[-4.9878,51.6862],[-4.9734,51.6879],[-4.941,51.6997],[-4.8942,51.7065],[-4.869,51.7166],[-4.8582,51.7183],[-4.8438,51.7132],[-4.8438,51.72],[-4.8726,51.7386],[-4.8798,51.7622],[-4.8618,51.7825],[-4.8258,51.7875],[-4.8258,51.796],[-4.8366,51.7909],[-4.8654,51.7825],[-4.923,51.7808],[-4.9338,51.7757],[-4.9158,51.7757],[-4.905,51.7706],[-4.9014,51.7622],[-4.905,51.747],[-4.8906,51.7386],[-4.8942,51.7284],[-4.9122,51.7183],[-4.9878,51.7065],[-5.0095,51.7065],[-5.1499,51.7183],[-5.1679,51.7132],[-5.1571,51.698],[-5.1679,51.6896],[-5.1823,51.6896],[-5.1823,51.6997],[-5.1823,51.7065],[-5.2291,51.7301],[-5.2507,51.7335],[-5.2291,51.7335],[-5.2147,51.7352],[-5.2039,51.7403],[-5.1895,51.7504],[-5.1751,51.7588],[-5.1427,51.7639],[-5.1247,51.769],[-5.1103,51.7791],[-5.1067,51.7875],[-5.1139,51.8129],[-5.1139,51.8281],[-5.1175,51.8433],[-5.1247,51.8568],[-5.1391,51.8635],[-5.1463,51.8568],[-5.1643,51.8669],[-5.2039,51.8703],[-5.2219,51.877],[-5.2363,51.8703],[-5.2903,51.8635],[-5.3119,51.8635],[-5.3047,51.8669],[-5.2975,51.8703],[-5.2975,51.877],[-5.3011,51.8821],[-5.3011,51.8855],[-5.3011,51.8888],[-5.2903,51.8922],[-5.2903,51.899],[-5.2975,51.9108],[-5.2903,51.9176],[-5.2543,51.9192],[-5.2327,51.9226],[-5.2039,51.9429],[-5.1895,51.9463],[-5.1607,51.9496],[-5.1211,51.9598],[-5.0887,51.9767],[-5.0851,52.002],[-5.0707,52.002],[-5.0707,52.0087],[-5.0815,52.0138],[-5.0815,52.0206],[-5.0707,52.0256],[-5.0527,52.029],[-5.0275,52.0273],[-5.0167,52.0256],[-4.9626,52.007],[-4.941,52.007],[-4.9122,52.0155],[-4.9194,52.029],[-4.9014,52.0256],[-4.8618,52.0172],[-4.8402,52.0155],[-4.833,52.0189],[-4.833,52.029],[-4.8366,52.0408],[-4.8366,52.0493],[-4.8294,52.0526],[-4.797,52.056],[-4.779,52.0645],[-4.7646,52.0763],[-4.7394,52.1016],[-4.7214,52.1134],[-4.707,52.1134],[-4.6746,52.0982],[-4.6746,52.1269],[-4.6386,52.1388],[-4.5126,52.1354],[-4.5018,52.1388],[-4.4946,52.1438],[-4.491,52.1506],[-4.4838,52.1556],[-4.455,52.1624],[-4.4334,52.1708],[-4.4154,52.181],[-4.3866,52.2029],[-4.3722,52.2097],[-4.3542,52.2114],[-4.3326,52.2131],[-4.3146,52.2164],[-4.1958,52.2789],[-4.1382,52.3296],[-4.1094,52.365],[-4.095,52.3887],[-4.0878,52.4309],[-4.0806,52.4528],[-4.0662,52.4731],[-4.0554,52.4883],[-4.0626,52.4967],[-4.0626,52.5086],[-4.0626,52.5204],[-4.0554,52.5288],[-4.0482,52.5305],[-4.0266,52.5238],[-4.0158,52.5221],[-3.9978,52.5254],[-3.9474,52.5491],[-3.9474,52.5575],[-3.9762,52.5558],[-4.0266,52.5457],[-4.0518,52.5423],[-4.0698,52.5508],[-4.113,52.5879],[-4.1238,52.6031],[-4.1238,52.6284],[-4.1058,52.6538],[-4.0842,52.6723],[-4.0662,52.6808],[-4.0626,52.6825],[-4.059,52.696],[-4.0554,52.7011],[-4.0518,52.7027],[-4.041,52.7044],[-4.0014,52.7247],[-3.987,52.7348],[-4.0158,52.7331],[-4.0302,52.7247],[-4.0482,52.7213],[-4.1238,52.7787],[-4.1454,52.8024],[-4.149,52.8125],[-4.1454,52.8209],[-4.1274,52.8243],[-4.1166,52.8311],[-4.1202,52.8463],[-4.1274,52.8615],[-4.131,52.8682],[-4.131,52.8817],[-4.131,52.8885],[-4.1238,52.8936],[-4.0626,52.9189],[-4.0698,52.9206],[-4.0734,52.9223],[-4.077,52.9273],[-4.0878,52.9189],[-4.1022,52.9138],[-4.1094,52.9155],[-4.1202,52.9273],[-4.1454,52.9155],[-4.1706,52.9138],[-4.2282,52.9189],[-4.3002,52.9054],[-4.3182,52.8986],[-4.3362,52.8919],[-4.4082,52.8919],[-4.4262,52.8868],[-4.4478,52.8767],[-4.4802,52.8513],[-4.4766,52.848],[-4.4766,52.8446],[-4.491,52.8378],[-4.5018,52.826],[-4.5018,52.8142],[-4.4874,52.8024],[-4.5018,52.7956],[-4.509,52.7922],[-4.5162,52.7889],[-4.527,52.7905],[-4.5414,52.8007],[-4.563,52.8057],[-4.5846,52.8142],[-4.5954,52.8176],[-4.6062,52.8159],[-4.6134,52.8108],[-4.6206,52.8057],[-4.6278,52.8024],[-4.6494,52.799],[-4.7034,52.8024],[-4.7178,52.7973],[-4.7322,52.7872],[-4.7466,52.7838],[-4.761,52.7889],[-4.7538,52.799],[-4.7502,52.8024],[-4.7538,52.8091],[-4.7502,52.8142],[-4.7358,52.8311],[-4.5954,52.929],[-4.581,52.9341],[-4.563,52.9341],[-4.545,52.9375],[-4.5234,52.9442],[-4.4442,52.9814],[-4.4226,53.0033],[-4.3578,53.0286],[-4.3506,53.0421],[-4.347,53.059],[-4.3434,53.1012],[-4.3398,53.1131],[-4.3326,53.1164],[-4.329,53.1148],[-4.3254,53.108],[-4.3218,53.1012],[-4.311,53.1097],[-4.3038,53.1215],[-4.3038,53.1249],[-4.2642,53.1553],[-4.2534,53.1587],[-4.2354,53.1637],[-4.221,53.1755],[-4.1994,53.2009],[-4.1778,53.2178],[-4.1526,53.2279],[-4.1238,53.233],[-4.0914,53.2346],[-4.0806,53.233],[-4.0734,53.2313],[-4.0662,53.2296],[-4.0554,53.2346],[-4.0338,53.2414],[-4.0086,53.2448],[-3.9762,53.2617],[-3.8646,53.2887],[-3.8322,53.2887],[-3.843,53.3073],[-3.8718,53.3258],[-3.879,53.3376],[-3.861,53.336],[-3.8394,53.3326],[-3.8214,53.3258],[-3.8106,53.3174],[-3.789,53.3241],[-3.7674,53.3191],[-3.7494,53.3073],[-3.7314,53.2921],[-3.717,53.287],[-3.6018,53.2887],[-3.5622,53.2937],[-3.3714,53.3512],[-3.3318,53.3512],[-3.2922,53.341],[-3.2706,53.3309],[-3.2634,53.3208],[-3.249,53.3123],[-3.123,53.2617],[-3.1086,53.2515],[-3.0942,53.2397],[-3.087,53.2346],[-3.0834,53.238],[-3.0834,53.2583],[-3.0834,53.2752],[-3.0942,53.287],[-3.1122,53.3022],[-3.1338,53.3343],[-3.1698,53.363],[-3.1842,53.3765],[-3.1878,53.3934],[-3.177,53.4035],[-3.159,53.4086],[-3.1158,53.4119],[-3.0942,53.417],[-3.0582,53.4356],[-3.0366,53.4339],[-3.0114,53.417],[-2.9538,53.3241],[-2.9358,53.3089],[-2.9106,53.2971],[-2.8818,53.2887],[-2.8494,53.2887],[-2.8494,53.2904],[-2.8494,53.2954],[-2.8458,53.3005],[-2.8386,53.3022],[-2.8278,53.3022],[-2.8134,53.2971],[-2.8062,53.2971],[-2.7882,53.2971],[-2.7738,53.3005],[-2.7486,53.3089],[-2.7522,53.3225],[-2.7522,53.3309],[-2.7414,53.3393],[-2.7342,53.3444],[-2.727,53.3427],[-2.7162,53.3427],[-2.709,53.3461],[-2.6982,53.3512],[-2.7126,53.3528],[-2.763,53.3444],[-2.7738,53.341],[-2.781,53.3258],[-2.799,53.3208],[-2.8098,53.3225],[-2.8422,53.3241],[-2.8854,53.3343],[-2.925,53.3495],[-2.9574,53.3697],[-2.979,53.3934],[-3.0978,53.5437],[-3.1014,53.5589],[-3.0978,53.5724],[-3.087,53.5876],[-3.0222,53.6534],[-2.9682,53.6939],[-2.961,53.6973],[-2.9502,53.7074],[-2.9106,53.7243],[-2.8998,53.7362],[-2.9862,53.7362],[-3.0222,53.7463],[-3.0474,53.7699],[-3.0546,53.8037],[-3.0438,53.878],[-3.0582,53.9067],[-3.0402,53.9236],[-3.0186,53.932],[-2.925,53.9523],[-2.9106,53.954],[-2.8962,53.9472],[-2.889,53.9455],[-2.8854,53.9506],[-2.8818,53.9574],[-2.8746,53.9624],[-2.8638,53.9658],[-2.8566,53.9675],[-2.871,53.9793],[-2.835,53.9996],[-2.8314,54.0165],[-2.8458,54.008],[-2.8638,54.0046],[-2.8962,54.0029],[-2.8998,54.0046],[-2.9178,54.0266],[-2.9178,54.035],[-2.9106,54.0401],[-2.8998,54.0452],[-2.8926,54.0502],[-2.871,54.0722],[-2.8602,54.0806],[-2.8278,54.0891],[-2.8134,54.0992],[-2.7954,54.1245],[-2.8134,54.1397],[-2.835,54.1684],[-2.8494,54.1853],[-2.853,54.1938],[-2.8314,54.1988],[-2.8098,54.2123],[-2.7954,54.2292],[-2.7954,54.2495],[-2.8026,54.2495],[-2.8062,54.2343],[-2.8206,54.2225],[-2.8494,54.2073],[-2.8854,54.1954],[-2.9034,54.187],[-2.9142,54.1769],[-2.9214,54.1617],[-2.9394,54.1549],[-2.9826,54.1532],[-2.997,54.16],[-3.0114,54.1735],[-3.0186,54.1904],[-3.0078,54.2005],[-3.015,54.2123],[-3.0258,54.2208],[-3.0366,54.2258],[-3.0474,54.2225],[-3.0438,54.209],[-3.0474,54.1938],[-3.0546,54.1819],[-3.0582,54.1701],[-3.0618,54.1617],[-3.0906,54.1397],[-3.1086,54.1178],[-3.1194,54.1093],[-3.1446,54.1009],[-3.1482,54.0891],[-3.1446,54.0756],[-3.1446,54.0637],[-3.1806,54.0924],[-3.1914,54.0975],[-3.2058,54.0992],[-3.2202,54.1009],[-3.231,54.1059],[-3.2418,54.1127],[-3.2382,54.1279],[-3.231,54.1448],[-3.2346,54.16],[-3.249,54.1667],[-3.249,54.1735],[-3.2166,54.1802],[-3.2058,54.209],[-3.2094,54.2427],[-3.2058,54.263],[-3.2238,54.2579],[-3.231,54.2478],[-3.2418,54.2225],[-3.231,54.2022],[-3.2454,54.1971],[-3.2706,54.1988],[-3.285,54.1971],[-3.3066,54.1921],[-3.3282,54.2056],[-3.3642,54.2427],[-3.393,54.2647],[-3.4074,54.2782],[-3.4146,54.2934],[-3.411,54.3018],[-3.4074,54.3103],[-3.4038,54.3187],[-3.411,54.3322],[-3.4146,54.3424],[-3.4146,54.3457],[-3.4398,54.3525],[-3.4758,54.393],[-3.4974,54.4065],[-3.591,54.4825],[-3.609,54.4876],[-3.6126,54.4909],[-3.6234,54.5061],[-3.6342,54.5129],[-3.627,54.5197],[-3.6162,54.5281],[-3.6126,54.5298],[-3.591,54.5652],[-3.5622,54.6429],[-3.5298,54.6885],[-3.5154,54.7121],[-3.5082,54.7223],[-3.501,54.7257],[-3.4794,54.7307],[-3.4686,54.7358],[-3.4542,54.7442],[-3.4398,54.7611],[-3.4326,54.7797],[-3.4398,54.7983],[-3.4074,54.8557],[-3.3894,54.8827],[-3.3642,54.8996],[-3.3462,54.903],[-3.3318,54.8979],[-3.321,54.8894],[-3.3066,54.8861],[-3.2958,54.8861],[-3.2562,54.8996],[-3.267,54.9063],[-3.3174,54.9198],[-3.2922,54.9367],[-3.2778,54.9435],[-3.213,54.9536],[-3.2022,54.9519],[-3.195,54.9485],[-3.1878,54.9452],[-3.1806,54.9401],[-3.141,54.9334],[-3.123,54.9334],[-3.0402,54.9469],[-3.0222,54.9536],[-3.0906,54.9536],[-3.0906,54.9621],[-3.0726,54.9637],[-3.0546,54.9688],[-3.0402,54.9722],[-3.0222,54.9688],[-3.0222,54.9756],[-3.0474,54.9823],[-3.051,54.9823],[-3.1338,54.9688],[-3.4542,54.9823],[-3.4722,54.984],[-3.4866,54.9891],[-3.501,54.9925],[-3.5154,54.9891],[-3.5118,54.9874],[-3.5118,54.9857],[-3.5082,54.9823],[-3.5262,54.9773],[-3.5406,54.9806],[-3.5694,54.9958],[-3.5838,54.9688],[-3.5766,54.957],[-3.5694,54.9367],[-3.5694,54.9165],[-3.5694,54.8996],[-3.5802,54.8844],[-3.5982,54.8776],[-3.6918,54.8827],[-3.717,54.881],[-3.7386,54.8591],[-3.8106,54.8658],[-3.807,54.8607],[-3.8034,54.8591],[-3.8106,54.8557],[-3.8214,54.8557],[-3.825,54.8607],[-3.8322,54.8658],[-3.8214,54.8793],[-3.8142,54.8776],[-3.8106,54.8726],[-3.8106,54.8793],[-3.8142,54.8827],[-3.8178,54.8861],[-3.8286,54.8743],[-3.843,54.8658],[-3.8394,54.8557],[-3.8358,54.8523],[-3.843,54.8506],[-3.8574,54.8439],[-3.825,54.8253],[-3.8322,54.8202],[-3.8862,54.8067],[-3.9654,54.7712],[-4.0122,54.7679],[-4.0446,54.7696],[-4.0446,54.7763],[-4.0482,54.778],[-4.0518,54.778],[-4.0518,54.7797],[-4.0554,54.7831],[-4.0518,54.7848],[-4.0518,54.7898],[-4.0482,54.7898],[-4.0518,54.8],[-4.0482,54.8135],[-4.0482,54.8236],[-4.0626,54.827],[-4.0626,54.832],[-4.077,54.8236],[-4.0914,54.8101],[-4.095,54.7932],[-4.0842,54.7763],[-4.1238,54.7729],[-4.1742,54.7915],[-4.2102,54.827],[-4.1994,54.8658],[-4.2138,54.8607],[-4.239,54.8422],[-4.257,54.8388],[-4.2714,54.8388],[-4.347,54.8607],[-4.3578,54.8658],[-4.365,54.8726],[-4.3758,54.8861],[-4.3794,54.8979],[-4.3866,54.9046],[-4.4046,54.908],[-4.4082,54.903],[-4.4154,54.8928],[-4.4226,54.881],[-4.4262,54.8692],[-4.4154,54.8455],[-4.4082,54.832],[-4.4046,54.8253],[-4.3866,54.8236],[-4.3722,54.8219],[-4.3578,54.8168],[-4.347,54.8067],[-4.3434,54.7949],[-4.3542,54.7831],[-4.3578,54.7712],[-4.3434,54.7561],[-4.3578,54.7425],[-4.3542,54.7206],[-4.347,54.702],[-4.3542,54.6936],[-4.3614,54.6919],[-4.365,54.6868],[-4.3722,54.6818],[-4.383,54.6801],[-4.4046,54.6818],[-4.4262,54.6868],[-4.4514,54.6986],[-4.4622,54.702],[-4.4982,54.7003],[-4.5054,54.7054],[-4.563,54.7561],[-4.5954,54.7746],[-4.7142,54.8185],[-4.761,54.8253],[-4.7826,54.8337],[-4.8006,54.8607],[-4.8222,54.8658],[-4.8582,54.8658],[-4.8834,54.8607],[-4.905,54.8506],[-4.9266,54.8371],[-4.941,54.8253],[-4.9482,54.8152],[-4.9554,54.8101],[-4.9554,54.805],[-4.9554,54.7983],[-4.9518,54.7881],[-4.9482,54.778],[-4.941,54.7679],[-4.9302,54.7628],[-4.923,54.7527],[-4.9122,54.729],[-4.8942,54.7037],[-4.869,54.6902],[-4.8654,54.6818],[-4.8726,54.6632],[-4.8726,54.6547],[-4.8726,54.6497],[-4.8582,54.6328],[-4.8798,54.6362],[-4.923,54.6497],[-4.9446,54.653],[-4.9554,54.6598],[-4.959,54.675],[-4.959,54.6919],[-4.9482,54.702],[-4.9554,54.7071],[-4.959,54.7138],[-4.959,54.7206],[-4.9554,54.729],[-4.9734,54.729],[-4.9806,54.7324],[-4.9878,54.7358],[-4.9914,54.7442],[-4.9986,54.7577],[-5.0023,54.7712],[-5.0131,54.7763],[-5.0347,54.7831],[-5.1283,54.8489],[-5.1571,54.8793],[-5.1751,54.9148],[-5.1823,54.9536],[-5.1787,54.9908],[-5.1715,55.0093],[-5.1571,55.0161],[-5.1355,55.0161],[-5.1247,55.0161],[-5.1211,55.0195],[-5.1139,55.0313],[-5.1067,55.0262],[-5.0959,55.0144],[-5.0923,55.0093],[-5.0779,54.9958],[-5.0707,54.9857],[-5.0635,54.9756],[-5.0635,54.9637],[-5.0671,54.9401],[-5.0599,54.9317],[-5.0491,54.9198],[-5.0311,54.9114],[-5.0131,54.9097],[-4.995,54.9198],[-4.9914,54.9249],[-4.9878,54.9283],[-4.9878,54.935],[-5.0239,54.9756],[-5.0311,54.9857],[-5.0311,54.9941],[-5.0347,54.9958],[-5.0455,55.0144],[-5.0491,55.0262],[-5.0491,55.0482],[-5.0491,55.0549],[-5.0419,55.0651],[-5.0275,55.0887],[-5.0203,55.1022],[-5.0167,55.1225],[-5.0095,55.141],[-4.9878,55.1529],[-4.9482,55.1681],[-4.8834,55.2187],[-4.8762,55.2204],[-4.869,55.2221],[-4.8654,55.2255],[-4.8654,55.2356],[-4.8654,55.2407],[-4.8402,55.2744],[-4.8366,55.2846],[-4.8366,55.293],[-4.8402,55.315],[-4.8366,55.3251],[-4.833,55.3319],[-4.8006,55.3555],[-4.7826,55.3639],[-4.7718,55.369],[-4.7682,55.3791],[-4.7574,55.4028],[-4.7502,55.4146],[-4.7178,55.4298],[-4.6494,55.4484],[-4.6278,55.4686],[-4.617,55.4956],[-4.6278,55.5193],[-4.6494,55.5379],[-4.6854,55.5446],[-4.6674,55.5615],[-4.6674,55.5632],[-4.671,55.5851],[-4.6926,55.6054],[-4.7214,55.6189],[-4.7754,55.6324],[-4.8078,55.6341],[-4.8186,55.6375],[-4.8114,55.6459],[-4.8114,55.6544],[-4.869,55.6763],[-4.9014,55.6915],[-4.9194,55.7084],[-4.8762,55.7354],[-4.8618,55.7574],[-4.8654,55.7912],[-4.8726,55.803],[-4.8762,55.8114],[-4.8834,55.8215],[-4.887,55.8638],[-4.887,55.8654],[-4.8942,55.8925],[-4.887,55.9195],[-4.8726,55.9364],[-4.851,55.9482],[-4.8186,55.9549],[-4.8006,55.9583],[-4.7862,55.9566],[-4.7214,55.9397],[-4.707,55.9381],[-4.6926,55.9414],[-4.671,55.933],[-4.5054,55.9195],[-4.4802,55.9279],[-4.5918,55.9414],[-4.6314,55.9465],[-4.6746,55.9617],[-4.725,55.9988],[-4.7646,56.0073],[-4.7826,56.0174],[-4.8006,56.0309],[-4.8114,56.0444],[-4.8222,56.0731],[-4.8258,56.0782],[-4.8402,56.0799],[-4.8438,56.0731],[-4.8438,56.063],[-4.8366,56.0512],[-4.7898,56.0107],[-4.779,55.9921],[-4.7862,55.9836],[-4.8042,55.982],[-4.8294,55.982],[-4.851,55.9887],[-4.8618,56.0022],[-4.8654,56.0208],[-4.8654,56.0579],[-4.8654,56.0664],[-4.8258,56.1238],[-4.7538,56.188],[-4.7502,56.2032],[-4.7538,56.2065],[-4.7646,56.2015],[-4.779,56.1913],[-4.8366,56.1238],[-4.851,56.112],[-4.8726,56.112],[-4.8798,56.1204],[-4.8798,56.1508],[-4.8834,56.1643],[-4.8942,56.1745],[-4.9086,56.1778],[-4.9194,56.1677],[-4.9086,56.1491],[-4.8942,56.1154],[-4.887,56.0799],[-4.8906,56.0647],[-4.9014,56.0613],[-4.905,56.0546],[-4.9014,56.0343],[-4.9014,56.014],[-4.8978,56.0005],[-4.8942,55.9904],[-4.905,55.9853],[-4.923,55.9887],[-4.9374,55.9938],[-4.9554,55.9972],[-4.9554,55.9904],[-4.941,55.987],[-4.9302,55.982],[-4.9194,55.9735],[-4.9122,55.9617],[-4.9158,55.9482],[-4.9266,55.9381],[-4.9374,55.9296],[-4.9482,55.9212],[-4.9518,55.9094],[-4.9554,55.8992],[-4.959,55.8908],[-4.9698,55.8806],[-4.9842,55.8705],[-4.995,55.8705],[-5.0275,55.8739],[-5.0419,55.884],[-5.0563,55.911],[-5.0671,55.9381],[-5.0707,55.9583],[-5.1103,55.9887],[-5.1175,56.0022],[-5.1247,56.0107],[-5.1391,56.0022],[-5.1247,55.987],[-5.0851,55.9313],[-5.0779,55.911],[-5.0851,55.9009],[-5.1067,55.9043],[-5.1715,55.9364],[-5.1823,55.9482],[-5.1823,55.9701],[-5.1895,55.9617],[-5.2003,55.9482],[-5.2075,55.9347],[-5.2075,55.9245],[-5.2111,55.9178],[-5.2435,55.8925],[-5.2183,55.8654],[-5.2075,55.8486],[-5.2003,55.8317],[-5.2183,55.8317],[-5.2615,55.8452],[-5.2975,55.8519],[-5.3083,55.8604],[-5.3119,55.8857],[-5.3191,55.8891],[-5.3263,55.8908],[-5.3335,55.8958],[-5.3371,55.9043],[-5.3407,55.9127],[-5.3371,55.9313],[-5.3371,55.9397],[-5.3263,55.9499],[-5.3227,55.9583],[-5.3263,55.9668],[-5.3371,55.9972],[-5.3119,56.0124],[-5.2039,56.1187],[-5.1463,56.1339],[-5.1031,56.1508],[-5.0959,56.1576],[-5.0599,56.2032],[-5.0419,56.2167],[-5.0131,56.2268],[-4.9734,56.2369],[-4.941,56.2521],[-4.9194,56.2775],[-4.9374,56.2707],[-4.9734,56.2488],[-4.9914,56.2437],[-5.0311,56.242],[-5.0491,56.2369],[-5.0635,56.2285],[-5.0743,56.2167],[-5.0995,56.1812],[-5.1103,56.1745],[-5.2291,56.1289],[-5.3119,56.0579],[-5.3191,56.0546],[-5.3371,56.0546],[-5.3443,56.0512],[-5.3443,56.0461],[-5.3515,56.0326],[-5.3551,56.0191],[-5.3587,56.0208],[-5.3695,56.009],[-5.3911,56.0056],[-5.4163,56.0073],[-5.4343,56.0107],[-5.4343,56.0157],[-5.4343,56.0242],[-5.4379,56.0292],[-5.4451,56.0276],[-5.4487,56.0225],[-5.4487,56.0157],[-5.4487,56.009],[-5.4559,55.9549],[-5.4523,55.9533],[-5.4379,55.9482],[-5.4307,55.9482],[-5.4199,55.9279],[-5.4163,55.9161],[-5.4163,55.9077],[-5.4127,55.8992],[-5.4019,55.8925],[-5.4019,55.8874],[-5.4055,55.8874],[-5.4055,55.8806],[-5.4019,55.879],[-5.3947,55.8739],[-5.3983,55.8722],[-5.4019,55.8688],[-5.4055,55.8654],[-5.3515,55.8317],[-5.3263,55.808],[-5.3191,55.7827],[-5.3263,55.7692],[-5.3371,55.7624],[-5.3731,55.7557],[-5.3875,55.7506],[-5.4343,55.7202],[-5.4451,55.7118],[-5.4523,55.7],[-5.4595,55.6881],[-5.4631,55.6797],[-5.4667,55.6628],[-5.4703,55.6544],[-5.4919,55.6442],[-5.4883,55.6409],[-5.4847,55.6358],[-5.4811,55.6324],[-5.4847,55.6105],[-5.4739,55.6037],[-5.4631,55.602],[-5.4559,55.5919],[-5.4595,55.5784],[-5.4775,55.575],[-5.4883,55.5683],[-5.4811,55.5497],[-5.5027,55.526],[-5.5099,55.5176],[-5.5099,55.5108],[-5.5099,55.4923],[-5.5099,55.4838],[-5.5135,55.4838],[-5.5171,55.4855],[-5.5243,55.4821],[-5.5459,55.4484],[-5.5603,55.4349],[-5.5855,55.4281],[-5.5855,55.4214],[-5.5711,55.423],[-5.5639,55.4197],[-5.5531,55.4146],[-5.5423,55.4062],[-5.5279,55.3842],[-5.5279,55.3808],[-5.5135,55.3741],[-5.5243,55.3589],[-5.5567,55.3319],[-5.5747,55.3217],[-5.5927,55.3133],[-5.6179,55.3065],[-5.6395,55.3032],[-5.6503,55.3048],[-5.6683,55.3116],[-5.6827,55.3116],[-5.6899,55.3082],[-5.7151,55.2998],[-5.7259,55.2964],[-5.7547,55.2981],[-5.7727,55.3015],[-5.7835,55.3133],[-5.7943,55.3572],[-5.7979,55.3791],[-5.7907,55.3994],[-5.7619,55.4112],[-5.7259,55.4382],[-5.7151,55.4484],[-5.7151,55.4686],[-5.7187,55.4923],[-5.7223,55.5142],[-5.7079,55.5429],[-5.7115,55.5514],[-5.7187,55.5581],[-5.7223,55.5649],[-5.7187,55.575],[-5.6935,55.6054],[-5.6719,55.6409],[-5.6683,55.6611],[-5.6827,55.6746],[-5.6251,55.7],[-5.6179,55.7118],[-5.6143,55.7253],[-5.5999,55.7422],[-5.5819,55.7574],[-5.5675,55.7641],[-5.5387,55.7709],[-5.5063,55.7895],[-5.4739,55.8165],[-5.4559,55.8452],[-5.5531,55.7844],[-5.5891,55.7675],[-5.5999,55.7641],[-5.6143,55.7641],[-5.6071,55.7776],[-5.6323,55.7827],[-5.6467,55.7878],[-5.6611,55.7979],[-5.6683,55.8114],[-5.6683,55.8384],[-5.6755,55.8452],[-5.6323,55.8823],[-5.6251,55.8891],[-5.6179,55.9026],[-5.6035,55.9144],[-5.5855,55.9229],[-5.5711,55.9347],[-5.5927,55.9279],[-5.6287,55.906],[-5.6539,55.8975],[-5.6719,55.8874],[-5.6827,55.8874],[-5.6863,55.8942],[-5.6935,55.9043],[-5.6971,55.9161],[-5.5855,56.0124],[-5.5783,56.0242],[-5.5819,56.0292],[-5.5783,56.0326],[-5.5711,56.0377],[-5.5855,56.0411],[-5.5963,56.036],[-5.6107,56.0292],[-5.6251,56.0242],[-5.6323,56.0056],[-5.6755,55.9769],[-5.6755,55.9549],[-5.6899,55.9381],[-5.6935,55.9347],[-5.7043,55.9364],[-5.7079,55.9431],[-5.7043,55.9499],[-5.7007,55.9549],[-5.6971,55.982],[-5.6611,56.0225],[-5.5855,56.085],[-5.5819,56.0883],[-5.5819,56.0934],[-5.5783,56.0968],[-5.5711,56.0985],[-5.5639,56.0985],[-5.5567,56.0951],[-5.5495,56.0934],[-5.5495,56.0917],[-5.5495,56.09],[-5.5387,56.0867],[-5.5315,56.0867],[-5.5315,56.0917],[-5.5351,56.0985],[-5.5423,56.1018],[-5.5459,56.1052],[-5.5495,56.1069],[-5.5567,56.1221],[-5.5603,56.1306],[-5.5531,56.1373],[-5.5243,56.166],[-5.5171,56.1745],[-5.5099,56.188],[-5.5387,56.1829],[-5.5639,56.1677],[-5.5819,56.1508],[-5.6071,56.1407],[-5.5999,56.1609],[-5.5855,56.1812],[-5.5711,56.1998],[-5.5495,56.2167],[-5.5603,56.2302],[-5.5459,56.2403],[-5.5243,56.2471],[-5.5063,56.2504],[-5.4955,56.2538],[-5.4919,56.2606],[-5.4991,56.2673],[-5.5135,56.2707],[-5.5531,56.264],[-5.5639,56.2606],[-5.5711,56.2538],[-5.5819,56.2488],[-5.5927,56.2504],[-5.5963,56.2589],[-5.5963,56.2707],[-5.5855,56.291],[-5.5711,56.3281],[-5.5639,56.3416],[-5.5423,56.3534],[-5.5243,56.3467],[-5.4991,56.3484],[-5.4487,56.3602],[-5.4487,56.3653],[-5.4739,56.3653],[-5.5171,56.3568],[-5.5387,56.3602],[-5.5171,56.3923],[-5.5099,56.4007],[-5.4991,56.4041],[-5.4847,56.4075],[-5.4775,56.4125],[-5.4811,56.421],[-5.4559,56.4413],[-5.4235,56.4497],[-5.3227,56.4548],[-5.2435,56.4429],[-5.2075,56.4463],[-5.1823,56.4598],[-5.1175,56.5071],[-5.0851,56.5493],[-5.0635,56.5645],[-5.0851,56.5578],[-5.0995,56.5443],[-5.1103,56.5257],[-5.1247,56.5105],[-5.1679,56.4902],[-5.1895,56.4683],[-5.2003,56.4615],[-5.2435,56.4598],[-5.3515,56.4733],[-5.3767,56.4581],[-5.3947,56.4649],[-5.4091,56.5037],[-5.4235,56.5004],[-5.4343,56.4919],[-5.4559,56.47],[-5.4703,56.475],[-5.4343,56.524],[-5.4271,56.5375],[-5.4055,56.524],[-5.3803,56.5189],[-5.3551,56.5189],[-5.3371,56.524],[-5.2903,56.5443],[-5.2651,56.551],[-5.2543,56.5561],[-5.2435,56.5645],[-5.2759,56.5544],[-5.2867,56.5527],[-5.3083,56.5527],[-5.3119,56.5527],[-5.3263,56.5443],[-5.3371,56.5426],[-5.3587,56.5324],[-5.3731,56.5307],[-5.3839,56.5341],[-5.4019,56.5443],[-5.4127,56.5443],[-5.4127,56.5527],[-5.4091,56.5561],[-5.4019,56.5578],[-5.3983,56.5611],[-5.3911,56.5662],[-5.3911,56.5746],[-5.3875,56.578],[-5.3623,56.6067],[-5.3515,56.6135],[-5.3119,56.6338],[-5.3047,56.6405],[-5.2975,56.6473],[-5.3191,56.654],[-5.3191,56.6608],[-5.3083,56.6641],[-5.2867,56.6743],[-5.2615,56.6726],[-5.2471,56.6743],[-5.2183,56.6895],[-5.1967,56.6895],[-5.1535,56.681],[-5.1319,56.6844],[-5.0923,56.6996],[-5.0131,56.7097],[-4.995,56.7165],[-5.1607,56.6962],[-5.2399,56.7165],[-5.2399,56.7232],[-5.2291,56.7368],[-5.2219,56.7418],[-5.1535,56.7823],[-5.1355,56.7992],[-5.1211,56.8178],[-5.1787,56.7891],[-5.1859,56.7807],[-5.1931,56.7739],[-5.2039,56.7688],[-5.2147,56.7655],[-5.2255,56.7638],[-5.2327,56.7604],[-5.2363,56.7536],[-5.2399,56.7452],[-5.2435,56.7368],[-5.2543,56.7216],[-5.2687,56.7131],[-5.2831,56.7097],[-5.3011,56.708],[-5.3083,56.7064],[-5.3191,56.6979],[-5.3407,56.6929],[-5.3479,56.6878],[-5.3587,56.6743],[-5.3875,56.6557],[-5.4055,56.6489],[-5.4235,56.6473],[-5.4343,56.6422],[-5.4487,56.6253],[-5.4595,56.6202],[-5.4703,56.6186],[-5.4811,56.6135],[-5.4919,56.6067],[-5.5351,56.573],[-5.5999,56.5291],[-5.6683,56.4987],[-5.6755,56.497],[-5.6827,56.5004],[-5.6935,56.5139],[-5.7043,56.5172],[-5.7223,56.5189],[-5.7403,56.524],[-5.7583,56.5307],[-5.7691,56.5375],[-5.7547,56.5544],[-5.7511,56.5628],[-5.7475,56.5713],[-5.7583,56.5713],[-5.7943,56.5426],[-5.8555,56.551],[-6.0031,56.6186],[-6.0103,56.627],[-6.0067,56.6422],[-5.9995,56.6506],[-5.9851,56.6523],[-5.9347,56.654],[-5.8987,56.6506],[-5.8663,56.6422],[-5.8375,56.627],[-5.8303,56.6338],[-5.8555,56.6439],[-5.8663,56.6506],[-5.8663,56.6608],[-5.7583,56.7013],[-5.7367,56.703],[-5.6719,56.6844],[-5.6467,56.681],[-5.5927,56.6827],[-5.5639,56.6878],[-5.5423,56.6962],[-5.6359,56.6895],[-5.6575,56.6912],[-5.7079,56.708],[-5.7511,56.7148],[-5.8591,56.681],[-5.8951,56.6743],[-5.9059,56.6743],[-5.9203,56.6777],[-5.9419,56.6861],[-5.9563,56.6895],[-6.0247,56.6861],[-6.1003,56.6962],[-6.1255,56.6962],[-6.1435,56.6844],[-6.1615,56.6777],[-6.1867,56.681],[-6.2083,56.6878],[-6.2227,56.6962],[-6.2299,56.7013],[-6.2335,56.7064],[-6.2371,56.7131],[-6.2371,56.7199],[-6.2335,56.7283],[-6.2299,56.7283],[-6.2227,56.7266],[-6.2155,56.73],[-6.1939,56.7486],[-6.1795,56.7553],[-6.0283,56.7638],[-6.0139,56.7671],[-5.9815,56.7823],[-5.9635,56.784],[-5.9491,56.7823],[-5.9383,56.7773],[-5.9275,56.7705],[-5.9131,56.7638],[-5.8627,56.7503],[-5.8519,56.7469],[-5.8519,56.7587],[-5.8591,56.7688],[-5.8699,56.7756],[-5.8879,56.7773],[-5.8879,56.784],[-5.8735,56.7857],[-5.8627,56.7857],[-5.8519,56.7823],[-5.8375,56.7773],[-5.8231,56.7874],[-5.8015,56.7925],[-5.7763,56.7874],[-5.7583,56.784],[-5.8303,56.806],[-5.8519,56.8178],[-5.8519,56.8296],[-5.8375,56.8364],[-5.7331,56.8448],[-5.6935,56.855],[-5.6611,56.8735],[-5.6719,56.8769],[-5.6935,56.8752],[-5.7079,56.8702],[-5.7259,56.8533],[-5.7439,56.855],[-5.7835,56.86],[-5.7763,56.8702],[-5.7367,56.8938],[-5.7799,56.8989],[-5.8735,56.887],[-5.9203,56.8938],[-5.8879,56.8989],[-5.8519,56.9005],[-5.8519,56.9073],[-5.8591,56.9107],[-5.8807,56.9225],[-5.8627,56.9343],[-5.8519,56.9546],[-5.8411,56.9782],[-5.8303,56.9968],[-5.8159,57.0103],[-5.7871,57.0204],[-5.7547,57.0272],[-5.7295,57.0238],[-5.7187,57.0171],[-5.7007,56.9985],[-5.6899,56.99],[-5.6755,56.9833],[-5.6575,56.9799],[-5.6251,56.9765],[-5.5711,56.9833],[-5.5243,56.9968],[-5.5243,57.0035],[-5.5387,57.0019],[-5.5567,56.9968],[-5.5711,56.9934],[-5.5855,56.9968],[-5.6071,56.9884],[-5.6287,56.9917],[-5.6503,57.0002],[-5.6719,57.0035],[-5.6863,57.0103],[-5.6827,57.0221],[-5.6791,57.0356],[-5.7007,57.0441],[-5.7115,57.0441],[-5.7331,57.039],[-5.7439,57.0373],[-5.7511,57.0407],[-5.7691,57.0491],[-5.7799,57.0525],[-5.7907,57.0593],[-5.7763,57.0762],[-5.7331,57.1049],[-5.7223,57.1167],[-5.7151,57.1201],[-5.7043,57.1201],[-5.6755,57.1184],[-5.6647,57.1234],[-5.6467,57.1302],[-5.6215,57.1234],[-5.5783,57.1066],[-5.5567,57.0998],[-5.4595,57.0998],[-5.4559,57.1032],[-5.4487,57.1099],[-5.4307,57.1099],[-5.4127,57.1082],[-5.4055,57.1066],[-5.4019,57.1066],[-5.4019,57.1133],[-5.4199,57.1201],[-5.5027,57.1133],[-5.5279,57.1082],[-5.5423,57.1066],[-5.5495,57.1099],[-5.5747,57.1285],[-5.5855,57.1336],[-5.6683,57.1471],[-5.6827,57.1572],[-5.6755,57.1758],[-5.6395,57.2028],[-5.6251,57.2163],[-5.6431,57.2332],[-5.6215,57.2518],[-5.5783,57.267],[-5.5423,57.2703],[-5.5099,57.2568],[-5.4811,57.2366],[-5.4451,57.2231],[-5.4055,57.2298],[-5.4055,57.2366],[-5.4487,57.2416],[-5.4595,57.2467],[-5.4739,57.2619],[-5.4847,57.2687],[-5.4919,57.2703],[-5.5027,57.2771],[-5.4883,57.2923],[-5.4631,57.3058],[-5.4415,57.3126],[-5.4415,57.3193],[-5.4667,57.3244],[-5.4811,57.3159],[-5.4955,57.3041],[-5.5063,57.2974],[-5.5243,57.2957],[-5.5603,57.2822],[-5.5783,57.2771],[-5.5999,57.2788],[-5.6359,57.2889],[-5.6575,57.2906],[-5.7007,57.2839],[-5.7223,57.2839],[-5.7295,57.2974],[-5.7259,57.3007],[-5.7007,57.3328],[-5.6935,57.3379],[-5.6719,57.3446],[-5.6647,57.3497],[-5.6539,57.3548],[-5.6467,57.3497],[-5.6431,57.343],[-5.6359,57.3396],[-5.6143,57.3413],[-5.5027,57.3717],[-5.4559,57.3936],[-5.4487,57.4223],[-5.4667,57.424],[-5.4919,57.4088],[-5.5387,57.3733],[-5.5639,57.3632],[-5.5855,57.3649],[-5.6107,57.3717],[-5.6395,57.3733],[-5.6143,57.3818],[-5.6071,57.3885],[-5.6107,57.397],[-5.6179,57.4105],[-5.6179,57.4172],[-5.6251,57.4172],[-5.6395,57.4088],[-5.7079,57.3598],[-5.7331,57.3531],[-5.7835,57.348],[-5.8087,57.3548],[-5.8267,57.3936],[-5.8231,57.3936],[-5.8159,57.3953],[-5.8123,57.3987],[-5.8123,57.4004],[-5.8123,57.4037],[-5.8231,57.4122],[-5.8267,57.4156],[-5.8267,57.4291],[-5.8231,57.4358],[-5.8123,57.4426],[-5.8231,57.446],[-5.8519,57.451],[-5.8591,57.4527],[-5.8627,57.4628],[-5.8699,57.4814],[-5.8735,57.4932],[-5.8699,57.5017],[-5.8555,57.5186],[-5.8519,57.5236],[-5.8519,57.5388],[-5.8519,57.5506],[-5.8483,57.5591],[-5.8303,57.5591],[-5.8339,57.5642],[-5.8375,57.5743],[-5.8375,57.5794],[-5.8231,57.5827],[-5.8051,57.581],[-5.7871,57.576],[-5.7331,57.5456],[-5.7151,57.5388],[-5.7079,57.5422],[-5.6899,57.5287],[-5.6827,57.5236],[-5.6503,57.5118],[-5.6395,57.5118],[-5.6467,57.5169],[-5.6467,57.5219],[-5.6503,57.527],[-5.6539,57.5321],[-5.5819,57.5388],[-5.5387,57.5338],[-5.5171,57.5355],[-5.5135,57.5422],[-5.5423,57.5557],[-5.5891,57.5608],[-5.6323,57.5574],[-5.6611,57.5439],[-5.6935,57.5658],[-5.6899,57.5692],[-5.6827,57.5794],[-5.7151,57.5827],[-5.7331,57.5979],[-5.7439,57.6182],[-5.7619,57.6334],[-5.7799,57.6368],[-5.7943,57.6385],[-5.8051,57.6418],[-5.8123,57.6553],[-5.8051,57.6672],[-5.7835,57.679],[-5.7907,57.6891],[-5.7907,57.6959],[-5.7547,57.7077],[-5.7331,57.7077],[-5.7043,57.6908],[-5.6935,57.6908],[-5.6827,57.6992],[-5.6755,57.7094],[-5.6863,57.7111],[-5.6935,57.7161],[-5.6971,57.7229],[-5.7079,57.7296],[-5.7223,57.733],[-5.8051,57.7431],[-5.8087,57.755],[-5.8015,57.7803],[-5.8051,57.7921],[-5.8015,57.8006],[-5.8087,57.8208],[-5.8123,57.8326],[-5.8087,57.8445],[-5.8015,57.8529],[-5.7907,57.8613],[-5.7763,57.8681],[-5.7511,57.8732],[-5.7259,57.8732],[-5.6971,57.8698],[-5.6755,57.8597],[-5.6791,57.8461],[-5.6755,57.8276],[-5.6683,57.8073],[-5.6611,57.7921],[-5.6503,57.782],[-5.6359,57.7735],[-5.6215,57.7702],[-5.6071,57.7702],[-5.6143,57.7752],[-5.6179,57.7803],[-5.6251,57.7921],[-5.6143,57.7921],[-5.6035,57.7904],[-5.5855,57.7854],[-5.5927,57.8039],[-5.5855,57.8191],[-5.5855,57.831],[-5.5999,57.8461],[-5.6359,57.8664],[-5.6503,57.8782],[-5.6395,57.8884],[-5.6467,57.8884],[-5.6503,57.8901],[-5.6539,57.8951],[-5.6431,57.9036],[-5.6215,57.9204],[-5.6143,57.9289],[-5.5999,57.9188],[-5.5891,57.9154],[-5.5495,57.9154],[-5.5567,57.8884],[-5.5279,57.8681],[-5.4883,57.8563],[-5.4559,57.8529],[-5.4595,57.8597],[-5.4487,57.8698],[-5.4379,57.8985],[-5.4271,57.9086],[-5.4163,57.9086],[-5.3695,57.8968],[-5.3551,57.8917],[-5.3263,57.8732],[-5.2939,57.8613],[-5.2219,57.8461],[-5.2363,57.8613],[-5.2471,57.8664],[-5.2759,57.8749],[-5.3191,57.8985],[-5.3839,57.9137],[-5.3947,57.9188],[-5.3947,57.9238],[-5.3983,57.9255],[-5.3983,57.9289],[-5.3947,57.9356],[-5.3875,57.9356],[-5.3803,57.9323],[-5.3731,57.9306],[-5.3659,57.9424],[-5.3479,57.9373],[-5.3191,57.9154],[-5.2975,57.9086],[-5.2867,57.9086],[-5.2687,57.9137],[-5.2579,57.9154],[-5.2435,57.9137],[-5.2219,57.9036],[-5.2111,57.9019],[-5.2003,57.8985],[-5.1607,57.8782],[-5.1211,57.8681],[-5.0923,57.8411],[-5.0707,57.8326],[-5.0779,57.8377],[-5.0851,57.8478],[-5.0887,57.858],[-5.0923,57.8647],[-5.0959,57.8715],[-5.1967,57.9171],[-5.2219,57.9221],[-5.2219,57.9289],[-5.2003,57.9289],[-5.1931,57.9356],[-5.1967,57.9475],[-5.2039,57.961],[-5.2183,57.966],[-5.2507,57.9694],[-5.2615,57.9762],[-5.2939,57.9812],[-5.3335,58.0083],[-5.3587,58.0116],[-5.3587,58.0133],[-5.3551,58.015],[-5.3515,58.0167],[-5.3659,58.0285],[-5.3875,58.0319],[-5.4271,58.0319],[-5.4235,58.0353],[-5.4235,58.0386],[-5.4199,58.042],[-5.4127,58.0454],[-5.4127,58.0522],[-5.4487,58.0842],[-5.4271,58.0977],[-5.3911,58.0927],[-5.3659,58.0657],[-5.3443,58.0758],[-5.3227,58.0724],[-5.3011,58.0707],[-5.2759,58.0859],[-5.2831,58.0859],[-5.2795,58.0961],[-5.2795,58.1062],[-5.2831,58.1129],[-5.2903,58.1214],[-5.2759,58.1214],[-5.2759,58.1281],[-5.2975,58.1349],[-5.2831,58.14],[-5.2543,58.1433],[-5.2435,58.1484],[-5.2435,58.1552],[-5.2759,58.1552],[-5.2903,58.1568],[-5.3047,58.1619],[-5.2975,58.1687],[-5.3047,58.1737],[-5.3119,58.1771],[-5.3227,58.1805],[-5.3299,58.1822],[-5.3299,58.1872],[-5.3263,58.1991],[-5.3227,58.2024],[-5.3371,58.2024],[-5.3479,58.2075],[-5.3947,58.2447],[-5.3911,58.2615],[-5.3767,58.2649],[-5.3515,58.2582],[-5.3119,58.243],[-5.2939,58.2413],[-5.2759,58.243],[-5.2363,58.2582],[-5.2147,58.2615],[-5.1931,58.2599],[-5.1715,58.2514],[-5.1643,58.2582],[-5.1535,58.2649],[-5.1391,58.27],[-5.1283,58.2717],[-5.1103,58.2683],[-5.0815,58.2548],[-5.0671,58.2514],[-5.0167,58.2531],[-5.0023,58.2514],[-4.9338,58.2227],[-4.9446,58.2328],[-4.9554,58.2396],[-4.9806,58.2514],[-4.9698,58.2565],[-4.941,58.2599],[-4.9266,58.2649],[-4.9914,58.2717],[-5.0095,58.2717],[-5.0167,58.2683],[-5.0311,58.2599],[-5.0383,58.2582],[-5.0491,58.2599],[-5.0707,58.27],[-5.0815,58.2717],[-5.0959,58.2767],[-5.1247,58.3004],[-5.1355,58.3054],[-5.1391,58.3088],[-5.1571,58.324],[-5.1607,58.3274],[-5.1679,58.3392],[-5.1715,58.346],[-5.1715,58.3544],[-5.1535,58.3544],[-5.1643,58.3645],[-5.1643,58.3747],[-5.1571,58.3848],[-5.1463,58.3949],[-5.1463,58.4],[-5.1463,58.4068],[-5.1463,58.4118],[-5.1427,58.4152],[-5.1355,58.4135],[-5.1211,58.4101],[-5.1175,58.4084],[-5.0563,58.3865],[-5.0167,58.3882],[-5.0455,58.4],[-5.0527,58.4068],[-5.0491,58.4152],[-5.0563,58.422],[-5.0671,58.4169],[-5.0779,58.4152],[-5.0851,58.4135],[-5.0995,58.4152],[-5.0995,58.422],[-5.0887,58.422],[-5.0851,58.422],[-5.0851,58.4287],[-5.0923,58.4304],[-5.0959,58.4321],[-5.1067,58.4372],[-5.0491,58.454],[-5.0239,58.4473],[-4.995,58.4372],[-5.1067,58.4878],[-5.1067,58.5064],[-5.1031,58.5148],[-5.0959,58.5182],[-5.0419,58.5351],[-5.0275,58.5435],[-5.0167,58.5587],[-5.0239,58.5587],[-5.0167,58.5807],[-5.0131,58.6009],[-5.0059,58.6178],[-4.9878,58.628],[-4.8582,58.6128],[-4.8366,58.6043],[-4.8186,58.5925],[-4.8186,58.5874],[-4.8114,58.5722],[-4.8078,58.5587],[-4.8042,58.5587],[-4.8042,58.5486],[-4.8078,58.5402],[-4.8114,58.5317],[-4.8186,58.525],[-4.8006,58.5317],[-4.7934,58.5418],[-4.7898,58.552],[-4.7898,58.5621],[-4.7862,58.5773],[-4.7754,58.5841],[-4.7718,58.5908],[-4.7754,58.6077],[-4.7574,58.5993],[-4.7286,58.5773],[-4.7106,58.5722],[-4.6818,58.5621],[-4.671,58.5587],[-4.6602,58.5554],[-4.6602,58.5469],[-4.6638,58.5385],[-4.6674,58.5317],[-4.6782,58.5233],[-4.7142,58.5064],[-4.7322,58.4811],[-4.7502,58.4608],[-4.761,58.4473],[-4.743,58.449],[-4.6818,58.4844],[-4.6746,58.4878],[-4.6674,58.503],[-4.6494,58.5098],[-4.6314,58.5148],[-4.6134,58.525],[-4.6026,58.5418],[-4.5954,58.5604],[-4.5846,58.5739],[-4.5594,58.5807],[-4.5162,58.5756],[-4.4766,58.5655],[-4.4262,58.5469],[-4.4262,58.5385],[-4.4262,58.5351],[-4.4298,58.5351],[-4.4262,58.525],[-4.4514,58.5098],[-4.4658,58.4912],[-4.4766,58.4709],[-4.4946,58.449],[-4.4766,58.454],[-4.4622,58.4625],[-4.4334,58.4844],[-4.4334,58.4878],[-4.4334,58.4929],[-4.4334,58.4963],[-4.4298,58.4979],[-4.4262,58.4996],[-4.3866,58.5216],[-4.383,58.525],[-4.3434,58.5385],[-4.3182,58.5452],[-4.3074,58.5469],[-4.2858,58.5435],[-4.257,58.5283],[-4.2354,58.525],[-4.2498,58.5317],[-4.239,58.5368],[-4.2318,58.5418],[-4.2282,58.5486],[-4.221,58.552],[-4.2102,58.5537],[-4.1922,58.5486],[-4.1778,58.5469],[-4.167,58.5486],[-4.1598,58.5621],[-4.149,58.5655],[-4.1094,58.5655],[-4.0914,58.5621],[-4.0806,58.5621],[-4.0698,58.5655],[-4.0626,58.5722],[-4.0482,58.5891],[-4.041,58.5925],[-4.0302,58.5942],[-4.0302,58.5959],[-4.0266,58.5925],[-4.0086,58.5739],[-4.005,58.5705],[-3.9798,58.5722],[-3.897,58.5655],[-3.8106,58.5722],[-3.7674,58.5841],[-3.699,58.6111],[-3.6594,58.6212],[-3.5982,58.628],[-3.5658,58.6263],[-3.5442,58.6212],[-3.5514,58.6161],[-3.555,58.6145],[-3.5334,58.6026],[-3.5046,58.6026],[-3.447,58.6145],[-3.393,58.6009],[-3.3642,58.6009],[-3.3498,58.6212],[-3.3678,58.6246],[-3.3858,58.6313],[-3.4038,58.6415],[-3.4146,58.655],[-3.3894,58.6719],[-3.375,58.6769],[-3.357,58.6752],[-3.3534,58.6702],[-3.3534,58.66],[-3.3462,58.6516],[-3.339,58.6482],[-3.3102,58.6482],[-3.2454,58.6584],[-3.2058,58.6617],[-3.1518,58.6415],[-3.1194,58.6415],[-3.0546,58.6482],[-3.0186,58.6398],[-3.0258,58.6229],[-3.0438,58.6009],[-3.0474,58.5874],[-3.0618,58.579],[-3.0762,58.5604],[-3.0834,58.552],[-3.1122,58.5385],[-3.1194,58.5317],[-3.1302,58.5131],[-3.1302,58.4963],[-3.1194,58.4844],[-3.0978,58.4777],[-3.0834,58.4777],[-3.0726,58.4811],[-3.0654,58.4827],[-3.0582,58.4777],[-3.0546,58.4659],[-3.0582,58.4574],[-3.0654,58.4507],[-3.0762,58.449],[-3.087,58.4135],[-3.1302,58.3696],[-3.1842,58.3291],[-3.2202,58.3054],[-3.2634,58.2919],[-3.3498,58.2767],[-3.3858,58.2649],[-3.4398,58.2362],[-3.447,58.2261],[-3.4542,58.2109],[-3.4722,58.194],[-3.5154,58.1687],[-3.735,58.0724],[-3.8106,58.0522],[-3.8286,58.042],[-3.8358,58.0319],[-3.8466,58.0116],[-3.8502,58.0032],[-3.861,57.9981],[-3.8862,57.9914],[-3.9186,57.988],[-3.9798,57.9643],[-3.9906,57.961],[-3.9978,57.9542],[-4.0014,57.9458],[-4.0014,57.9356],[-4.0194,57.9407],[-4.023,57.9424],[-4.0158,57.9492],[-4.0302,57.9525],[-4.0554,57.9542],[-4.0842,57.9643],[-4.0878,57.961],[-4.0878,57.9525],[-4.077,57.9424],[-4.0626,57.9373],[-4.0302,57.9356],[-4.0158,57.9323],[-4.0086,57.9272],[-3.987,57.9086],[-4.0086,57.8901],[-4.0122,57.8799],[-4.0086,57.8681],[-4.0266,57.8681],[-4.0554,57.8749],[-4.0698,57.8749],[-4.0806,57.8698],[-4.0986,57.858],[-4.1058,57.8529],[-4.1346,57.8546],[-4.1886,57.8698],[-4.2174,57.8749],[-4.3002,57.863],[-4.3218,57.8715],[-4.3542,57.8951],[-4.3722,57.9052],[-4.3938,57.9086],[-4.3398,57.8664],[-4.3074,57.8512],[-4.2678,57.8461],[-4.2282,57.858],[-4.2066,57.8597],[-4.1922,57.8495],[-4.1742,57.8394],[-4.149,57.8293],[-4.1346,57.831],[-4.1382,57.8461],[-4.0734,57.8225],[-4.041,57.8174],[-3.9834,57.8428],[-3.951,57.8377],[-3.933,57.8259],[-3.9474,57.8124],[-3.915,57.8073],[-3.879,57.8174],[-3.843,57.8343],[-3.8142,57.8563],[-3.7998,57.8664],[-3.7854,57.8647],[-3.7782,57.8563],[-3.7818,57.8394],[-3.789,57.831],[-3.9258,57.7347],[-3.9474,57.7246],[-3.9762,57.7026],[-3.987,57.6959],[-4.0086,57.6942],[-4.023,57.6976],[-4.0302,57.7077],[-4.0158,57.7229],[-4.0446,57.7381],[-4.077,57.7296],[-4.1562,57.6925],[-4.167,57.6891],[-4.1922,57.6891],[-4.2606,57.679],[-4.2786,57.6807],[-4.293,57.6807],[-4.3038,57.6688],[-4.3074,57.6553],[-4.3254,57.6486],[-4.3398,57.6452],[-4.4046,57.6097],[-4.4118,57.603],[-4.419,57.5929],[-4.4298,57.5777],[-4.4226,57.576],[-4.4082,57.5827],[-4.3794,57.5895],[-4.365,57.5979],[-4.3506,57.6081],[-4.3398,57.6165],[-4.329,57.6266],[-4.2822,57.6418],[-4.2462,57.6638],[-4.203,57.6756],[-4.1922,57.6756],[-4.1814,57.6722],[-4.1706,57.6638],[-4.1202,57.657],[-4.095,57.6587],[-4.0806,57.6655],[-4.0698,57.6722],[-4.023,57.6874],[-4.0086,57.6891],[-4.005,57.6756],[-4.0266,57.6553],[-4.0554,57.6351],[-4.0842,57.6233],[-4.1202,57.5929],[-4.1166,57.5878],[-4.113,57.5844],[-4.1094,57.581],[-4.1058,57.5794],[-4.1526,57.5777],[-4.1706,57.5709],[-4.1886,57.5591],[-4.1778,57.549],[-4.185,57.549],[-4.2066,57.5523],[-4.2642,57.5523],[-4.2642,57.5439],[-4.2354,57.5456],[-4.221,57.5439],[-4.2066,57.5388],[-4.2246,57.5152],[-4.239,57.5051],[-4.2498,57.4983],[-4.2138,57.4915],[-4.1958,57.4915],[-4.1742,57.4983],[-4.1562,57.5084],[-4.149,57.5152],[-4.149,57.5186],[-4.1274,57.5186],[-4.1166,57.5219],[-4.0986,57.5371],[-4.0842,57.5439],[-4.0662,57.5506],[-4.0518,57.5523],[-4.0338,57.5574],[-4.0482,57.5675],[-4.0842,57.5861],[-4.0554,57.5844],[-3.9654,57.5929],[-3.8682,57.5878],[-3.8358,57.5929],[-3.6846,57.6537],[-3.6234,57.6621],[-3.6342,57.6503],[-3.6378,57.6469],[-3.645,57.6418],[-3.6342,57.6351],[-3.6198,57.6368],[-3.6054,57.6401],[-3.591,57.6418],[-3.6126,57.6688],[-3.573,57.6604],[-3.555,57.6604],[-3.537,57.6621],[-3.5226,57.6672],[-3.5046,57.679],[-3.4974,57.6908],[-3.501,57.7026],[-3.4902,57.7128],[-3.483,57.7144],[-3.4722,57.7111],[-3.4614,57.7094],[-3.447,57.7128],[-3.4218,57.7212],[-3.4074,57.7229],[-3.285,57.7212],[-3.2094,57.6942],[-3.0798,57.6688],[-3.0366,57.6688],[-2.9934,57.6756],[-2.9322,57.6992],[-2.9178,57.7026],[-2.7594,57.7026],[-2.7522,57.7009],[-2.7414,57.6908],[-2.7306,57.6891],[-2.7198,57.6908],[-2.7126,57.6942],[-2.7018,57.6942],[-2.6946,57.6891],[-2.6586,57.6976],[-2.5722,57.6807],[-2.5434,57.6824],[-2.5254,57.6688],[-2.5182,57.6705],[-2.511,57.6773],[-2.4966,57.6824],[-2.4786,57.6807],[-2.4318,57.6688],[-2.4246,57.6756],[-2.4174,57.6739],[-2.4102,57.6688],[-2.3994,57.6688],[-2.385,57.6722],[-2.3706,57.6807],[-2.3598,57.6824],[-2.3418,57.6756],[-2.3274,57.6739],[-2.3238,57.679],[-2.3202,57.684],[-2.313,57.6891],[-2.3058,57.6942],[-2.295,57.6959],[-2.2734,57.6942],[-2.2302,57.679],[-2.2086,57.6756],[-2.1834,57.679],[-2.1258,57.7026],[-2.1078,57.7043],[-1.9962,57.7026],[-1.9962,57.6992],[-1.9926,57.6908],[-1.9818,57.6807],[-1.9746,57.6756],[-1.9602,57.6739],[-1.9458,57.6824],[-1.9314,57.6824],[-1.9242,57.679],[-1.9134,57.6655],[-1.8306,57.6131],[-1.8198,57.5962],[-1.8162,57.5777],[-1.8126,57.5608],[-1.7946,57.5439],[-1.7946,57.5388],[-1.8018,57.5253],[-1.791,57.5152],[-1.7622,57.4983],[-1.7766,57.4966],[-1.7838,57.4882],[-1.7802,57.4797],[-1.773,57.4764],[-1.7586,57.473],[-1.7658,57.4679],[-1.7874,57.4561],[-1.8306,57.4257],[-1.8486,57.4088],[-1.8486,57.3936],[-1.953,57.3413],[-1.9818,57.3193],[-2.043,57.2264],[-2.0682,57.1741],[-2.0754,57.1538],[-2.0718,57.1353],[-2.0538,57.1268],[-2.0502,57.1184],[-2.0646,57.0998],[-2.1546,57.0204],[-2.187,56.985],[-2.2014,56.9495],[-2.1978,56.9411],[-2.1906,56.9343],[-2.187,56.9276],[-2.187,56.9141],[-2.1906,56.909],[-2.2086,56.8955],[-2.2122,56.8904],[-2.2194,56.8718],[-2.2338,56.8617],[-2.2698,56.8465],[-2.295,56.8246],[-2.3202,56.8009],[-2.3346,56.7908],[-2.3922,56.7705],[-2.4102,56.7621],[-2.4246,56.752],[-2.4354,56.7401],[-2.439,56.7351],[-2.4534,56.6912],[-2.4642,56.6793],[-2.4786,56.6692],[-2.4858,56.654],[-2.4858,56.6456],[-2.4822,56.6321],[-2.4822,56.627],[-2.4858,56.6202],[-2.5038,56.6084],[-2.5146,56.5915],[-2.529,56.5814],[-2.6226,56.5426],[-2.6406,56.5223],[-2.6622,56.5139],[-2.6982,56.5037],[-2.709,56.4953],[-2.727,56.47],[-2.7378,56.4666],[-2.745,56.47],[-2.7522,56.4733],[-2.763,56.475],[-2.8206,56.4716],[-3.0546,56.4514],[-3.0618,56.4514],[-3.0978,56.4413],[-3.1338,56.4277],[-3.2382,56.367],[-3.2814,56.3585],[-3.3246,56.3653]]]}},{"type":"Feature","properties":{},"geometry":{"type":"Polygon","coordinates":[[[50.2619,45.0096],[50.2691,45.0332],[50.2727,45.0569],[50.2763,45.0721],[50.2907,45.0788],[50.3015,45.0805],[50.3051,45.0805],[50.3123,45.0805],[50.3303,45.0805],[50.3375,45.0822],[50.3447,45.0856],[50.3483,45.0856],[50.3519,45.0738],[50.3447,45.0518],[50.3375,45.0434],[50.3303,45.0383],[50.3267,45.0332],[50.3339,44.9944],[50.3231,44.9724],[50.3051,44.9589],[50.2799,44.9555],[50.2655,44.964],[50.2583,44.9859],[50.2619,45.0096]]]}},{"type":"Feature","properties":{},"geometry":{"type":"Polygon","coordinates":[[[24.5864,38.159],[24.5792,38.1101],[24.5792,38.0847],[24.5936,38.0628],[24.5864,38.0476],[24.5756,38.0037],[24.5684,37.9885],[24.5504,37.9783],[24.5324,37.9699],[24.5108,37.9632],[24.4892,37.9598],[24.4784,37.9632],[24.4712,37.9682],[24.4712,37.98],[24.446,38.0104],[24.4424,38.0121],[24.428,38.0206],[24.4028,38.0121],[24.3848,37.9969],[24.4028,37.9885],[24.4028,37.98],[24.3884,37.9699],[24.3704,37.9716],[24.356,37.98],[24.338,37.9969],[24.3344,38.0037],[24.3272,38.0155],[24.32,38.0239],[24.3128,38.029],[24.3128,38.0358],[24.3272,38.0425],[24.3164,38.0645],[24.3056,38.0712],[24.2912,38.0695],[24.2876,38.0864],[24.2696,38.0949],[24.248,38.0965],[24.23,38.0898],[24.2192,38.0965],[24.212,38.0965],[24.2048,38.0898],[24.2048,38.0949],[24.2048,38.0965],[24.2084,38.0965],[24.212,38.0982],[24.212,38.1253],[24.2012,38.1303],[24.1868,38.1269],[24.1832,38.1354],[24.1868,38.1421],[24.2048,38.1573],[24.212,38.1658],[24.2084,38.1793],[24.194,38.1928],[24.1868,38.2181],[24.1724,38.2266],[24.158,38.2299],[24.1436,38.2266],[24.1472,38.2131],[24.1256,38.2181],[24.1328,38.235],[24.1472,38.257],[24.1616,38.2671],[24.1544,38.2806],[24.1472,38.2806],[24.1364,38.2738],[24.1292,38.2671],[24.1256,38.2654],[24.1256,38.2603],[24.1256,38.2553],[24.1184,38.2536],[24.1076,38.257],[24.1076,38.2603],[24.1112,38.2654],[24.1148,38.2671],[24.1148,38.2755],[24.1004,38.2755],[24.122,38.3093],[24.1004,38.3194],[24.0788,38.3262],[24.0536,38.3296],[24.0248,38.3313],[24.05,38.3363],[24.0608,38.3414],[24.068,38.3515],[24.0608,38.36],[24.0572,38.3684],[24.0572,38.3752],[24.0608,38.3769],[24.05,38.3937],[24.0428,38.4022],[24.0392,38.3954],[23.9816,38.3988],[23.9132,38.392],[23.8916,38.3937],[23.8592,38.4039],[23.8448,38.4056],[23.8232,38.4039],[23.7944,38.3988],[23.78,38.3988],[23.7116,38.4123],[23.6936,38.4106],[23.6648,38.4039],[23.6504,38.4056],[23.6396,38.4157],[23.6144,38.4613],[23.6108,38.4562],[23.6072,38.4545],[23.6036,38.4528],[23.5928,38.4528],[23.6036,38.468],[23.6216,38.4849],[23.636,38.5001],[23.6288,38.5153],[23.6288,38.5221],[23.636,38.5221],[23.636,38.5288],[23.6144,38.5575],[23.6,38.571],[23.582,38.5778],[23.5388,38.5829],[23.5172,38.5879],[23.5064,38.5981],[23.5028,38.6048],[23.4992,38.6234],[23.4992,38.6318],[23.474,38.6453],[23.4704,38.6487],[23.4668,38.6521],[23.4596,38.6538],[23.4524,38.6588],[23.4488,38.669],[23.4452,38.6774],[23.438,38.6825],[23.4056,38.6977],[23.3804,38.7078],[23.3516,38.7315],[23.3444,38.7348],[23.3372,38.7382],[23.3264,38.7585],[23.3228,38.7618],[23.3012,38.772],[23.204,38.8294],[23.168,38.8446],[23.1428,38.8513],[23.132,38.8513],[23.114,38.8513],[23.0852,38.8463],[23.0708,38.8463],[23.0564,38.8547],[23.0348,38.875],[23.0276,38.8767],[23.0168,38.8784],[22.9988,38.88],[22.9844,38.8868],[22.97,38.8885],[22.9556,38.8851],[22.9556,38.8784],[22.97,38.8784],[22.9844,38.8733],[22.9916,38.8649],[22.9916,38.8513],[22.9808,38.8446],[22.9664,38.8412],[22.8548,38.8328],[22.8332,38.8226],[22.8332,38.8345],[22.8332,38.8446],[22.8368,38.8547],[22.844,38.8581],[22.8512,38.8615],[22.8764,38.875],[22.8836,38.8784],[22.9088,38.8817],[22.952,38.902],[22.9844,38.9071],[23.0132,38.9189],[23.0348,38.9256],[23.0384,38.929],[23.042,38.9425],[23.0456,38.9476],[23.0564,38.9493],[23.078,38.951],[23.0852,38.9543],[23.0924,38.9628],[23.096,38.9712],[23.096,38.9814],[23.096,38.9881],[23.1104,38.9915],[23.1284,39.005],[23.1392,39.0084],[23.2004,39.0084],[23.222,39.0151],[23.2724,39.0388],[23.2976,39.0422],[23.3084,39.0388],[23.3228,39.0253],[23.33,39.0219],[23.3444,39.0202],[23.3588,39.0168],[23.3732,39.0101],[23.3804,39.0016],[23.3732,38.9831],[23.384,38.9679],[23.4056,38.9577],[23.4272,38.9543],[23.4272,38.9442],[23.4416,38.8986],[23.4488,38.8851],[23.4524,38.875],[23.4632,38.8564],[23.4812,38.8378],[23.5244,38.8226],[23.5676,38.7939],[23.5928,38.7889],[23.5928,38.7821],[23.5928,38.7737],[23.5928,38.7703],[23.6,38.7703],[23.6072,38.7754],[23.6216,38.7652],[23.6468,38.7618],[23.6612,38.7551],[23.672,38.7602],[23.6828,38.7551],[23.7044,38.7652],[23.7224,38.7618],[23.7368,38.75],[23.744,38.7315],[23.7548,38.7196],[23.7728,38.7078],[23.8124,38.6943],[23.8592,38.6825],[23.906,38.6791],[23.9276,38.6757],[23.9492,38.669],[23.9672,38.6707],[23.9852,38.6859],[24.0068,38.6774],[24.0284,38.6774],[24.05,38.6808],[24.0716,38.6791],[24.1364,38.6622],[24.1544,38.6521],[24.1436,38.6504],[24.1364,38.6436],[24.1256,38.6352],[24.122,38.6251],[24.122,38.6082],[24.1256,38.5981],[24.2156,38.539],[24.23,38.5221],[24.2048,38.5069],[24.1868,38.4748],[24.1832,38.4393],[24.2048,38.4191],[24.2048,38.4123],[24.1868,38.4072],[24.1868,38.3988],[24.212,38.3769],[24.212,38.365],[24.212,38.3498],[24.2156,38.3363],[24.2372,38.3127],[24.2408,38.3026],[24.2444,38.2975],[24.2516,38.2958],[24.2516,38.2924],[24.2516,38.2738],[24.2516,38.2654],[24.2588,38.2587],[24.248,38.2451],[24.2444,38.2418],[24.2516,38.2283],[24.266,38.2164],[24.2912,38.1996],[24.3272,38.186],[24.3308,38.1793],[24.3344,38.1708],[24.338,38.1624],[24.3452,38.159],[24.3776,38.1641],[24.392,38.1641],[24.4208,38.1472],[24.4604,38.1438],[24.4784,38.1388],[24.4964,38.1455],[24.5864,38.159]]]}},{"type":"Feature","properties":{},"geometry":{"type":"Polygon","coordinates":[[[26.6133,39.0489],[26.6133,39.0405],[26.6097,39.0236],[26.5989,39.0118],[26.5665,39.0219],[26.5521,39.0151],[26.5377,39.0185],[26.5305,39.0286],[26.5197,39.0371],[26.5269,39.0422],[26.5161,39.0472],[26.5161,39.0523],[26.5197,39.0573],[26.5197,39.0624],[26.5197,39.0658],[26.5269,39.0776],[26.5269,39.0827],[26.5161,39.0911],[26.5125,39.0945],[26.5053,39.1097],[26.4909,39.1131],[26.4549,39.1114],[26.4369,39.1029],[26.4513,39.0861],[26.4909,39.0624],[26.5305,39.0219],[26.5485,39.0084],[26.5485,39.0016],[26.5449,38.9966],[26.5485,38.9881],[26.5197,38.9797],[26.4909,38.9729],[26.4225,38.9679],[26.4081,38.9695],[26.3757,38.9797],[26.3397,38.9831],[26.3253,38.9881],[26.3001,39.0016],[26.2749,39.0101],[26.2173,39.0202],[26.1669,39.0219],[26.1561,39.0253],[26.1453,39.032],[26.1165,39.0675],[26.1057,39.0742],[26.0877,39.0776],[26.0877,39.0827],[26.0949,39.0861],[26.1021,39.0911],[26.1093,39.0928],[26.1129,39.0928],[26.1165,39.0911],[26.1237,39.0911],[26.1597,39.0979],[26.1633,39.1013],[26.1813,39.1215],[26.1921,39.1283],[26.2029,39.1283],[26.2137,39.13],[26.2245,39.1316],[26.2533,39.1519],[26.2821,39.1705],[26.2821,39.1722],[26.2929,39.1772],[26.2893,39.1874],[26.2785,39.1958],[26.2713,39.2009],[26.2389,39.2076],[26.2245,39.2076],[26.2029,39.2059],[26.1885,39.2026],[26.1741,39.1958],[26.1597,39.184],[26.1453,39.1553],[26.1417,39.1553],[26.0985,39.1063],[26.0841,39.0945],[26.0625,39.0911],[26.0445,39.0928],[25.9581,39.1181],[25.9437,39.1249],[25.9293,39.1333],[25.9185,39.1367],[25.9077,39.1384],[25.8897,39.1452],[25.8537,39.1722],[25.8357,39.1789],[25.8357,39.1874],[25.8465,39.1907],[25.8501,39.1992],[25.8501,39.211],[25.8537,39.2211],[25.8501,39.2228],[25.8501,39.2245],[25.8465,39.2262],[25.8429,39.2279],[25.8501,39.233],[25.8537,39.2363],[25.8537,39.2431],[25.8537,39.2515],[25.8573,39.26],[25.8681,39.2634],[25.8753,39.2667],[25.8825,39.2684],[25.9113,39.2904],[25.9185,39.2971],[25.9257,39.2971],[25.9365,39.2769],[25.9689,39.2786],[26.0049,39.287],[26.0337,39.2819],[26.0373,39.2887],[26.0409,39.2921],[26.0445,39.2971],[26.0481,39.3039],[26.0517,39.2938],[26.0553,39.2887],[26.0589,39.2887],[26.0733,39.3039],[26.0949,39.3106],[26.1381,39.3157],[26.1633,39.3241],[26.1741,39.336],[26.1705,39.3529],[26.1633,39.3782],[26.3433,39.3832],[26.3613,39.3782],[26.3541,39.3562],[26.3721,39.3461],[26.4009,39.341],[26.4189,39.3309],[26.4117,39.3208],[26.3793,39.2819],[26.3829,39.2769],[26.4225,39.2448],[26.4585,39.2346],[26.4657,39.2296],[26.4693,39.2245],[26.5053,39.1857],[26.5197,39.1755],[26.5413,39.1654],[26.5269,39.1587],[26.5305,39.1502],[26.5377,39.1435],[26.5485,39.135],[26.5485,39.1249],[26.5521,39.1198],[26.5557,39.1164],[26.5665,39.1181],[26.5665,39.0979],[26.5809,39.0759],[26.5989,39.0573],[26.6133,39.0489]]]}},{"type":"Feature","properties":{},"geometry":{"type":"Polygon","coordinates":[[[22.844,60.2422],[22.8656,60.2659],[22.8908,60.2861],[22.9196,60.2963],[22.9556,60.2929],[22.9484,60.2709],[22.9304,60.2574],[22.9052,60.2473],[22.8836,60.2355],[22.8764,60.2254],[22.8728,60.2152],[22.8656,60.2068],[22.8404,60.2017],[22.8332,60.1933],[22.8332,60.1815],[22.8404,60.1696],[22.8332,60.1696],[22.8296,60.1679],[22.826,60.1646],[22.8188,60.1629],[22.826,60.1612],[22.8404,60.1561],[22.8368,60.146],[22.8332,60.1426],[22.8476,60.1105],[22.8116,60.0818],[22.7288,60.0464],[22.7288,60.0396],[22.7396,60.0396],[22.7468,60.0379],[22.7576,60.0329],[22.7468,60.0261],[22.736,60.0092],[22.7288,60.0042],[22.7036,60.0075],[22.6964,60.0058],[22.682,59.9974],[22.6676,60.016],[22.6532,60.0329],[22.646,60.0227],[22.6136,60.0025],[22.61,60.0008],[22.6064,59.9957],[22.6064,59.9839],[22.5992,59.9839],[22.6028,59.9991],[22.5992,60.0075],[22.592,60.0109],[22.5776,60.0042],[22.574,60.0177],[22.5812,60.0244],[22.5884,60.0329],[22.592,60.0464],[22.5812,60.0379],[22.5452,60.021],[22.5308,60.0075],[22.4876,60.0025],[22.4696,59.9974],[22.4696,60.0244],[22.4732,60.0362],[22.4768,60.0464],[22.4732,60.0582],[22.4732,60.0717],[22.4768,60.0818],[22.4732,60.0903],[22.4624,60.097],[22.4336,60.1055],[22.4228,60.1156],[22.4444,60.119],[22.4804,60.1325],[22.502,60.1359],[22.5992,60.1359],[22.5992,60.1426],[22.4156,60.1494],[22.4264,60.1713],[22.4336,60.2],[22.448,60.222],[22.4768,60.2254],[22.4552,60.2],[22.4516,60.1882],[22.466,60.1831],[22.5668,60.1933],[22.6028,60.2068],[22.6208,60.2118],[22.8152,60.227],[22.844,60.2422]]]}},{"type":"Feature","properties":{},"geometry":{"type":"Polygon","coordinates":[[[29.9181,45.6901],[30.0765,45.7931],[30.1269,45.8117],[29.9073,45.6664],[29.8065,45.6141],[29.7309,45.5921],[29.7813,45.6107],[29.8029,45.6225],[29.8101,45.631],[29.8137,45.6411],[29.8281,45.6445],[29.8425,45.6462],[29.8569,45.6496],[29.8713,45.658],[29.9001,45.6799],[29.9181,45.6901]]]}},{"type":"Feature","properties":{},"geometry":{"type":"Polygon","coordinates":[[[53.4695,39.5842],[53.4803,39.5926],[53.4911,39.5977],[53.4983,39.5909],[53.5055,39.5859],[53.5091,39.5859],[53.5127,39.5909],[53.5163,39.569],[53.5199,39.5639],[53.5379,39.5403],[53.5343,39.5285],[53.5235,39.5166],[53.5055,39.5082],[53.4911,39.5082],[53.4875,39.5166],[53.4767,39.5487],[53.4695,39.5605],[53.4623,39.5741],[53.4695,39.5842]]]}},{"type":"Feature","properties":{},"geometry":{"type":"Polygon","coordinates":[[[50.6183,40.3001],[50.6003,40.3035],[50.5859,40.3001],[50.5715,40.3103],[50.5643,40.3255],[50.5643,40.3373],[50.5787,40.3305],[50.5895,40.3322],[50.5967,40.3373],[50.6075,40.3373],[50.6219,40.3255],[50.6255,40.3103],[50.6183,40.3001]]]}},{"type":"Feature","properties":{},"geometry":{"type":"Polygon","coordinates":[[[50.3879,40.4015],[50.3735,40.3998],[50.3519,40.3998],[50.3591,40.4234],[50.3267,40.4589],[50.3267,40.4825],[50.3375,40.4774],[50.3519,40.4808],[50.3591,40.4741],[50.3627,40.4538],[50.3735,40.442],[50.3843,40.4335],[50.3951,40.42],[50.3951,40.4082],[50.3879,40.4015]]]}},{"type":"Feature","properties":{},"geometry":{"type":"Polygon","coordinates":[[[34.0077,27.5092],[34.0293,27.5024],[34.0365,27.4855],[34.0401,27.467],[34.0509,27.4551],[34.0509,27.4484],[34.0437,27.4501],[34.0293,27.4518],[34.0113,27.4703],[34.0077,27.4754],[33.9861,27.4822],[33.9753,27.4872],[33.9681,27.4973],[33.9573,27.5041],[33.9321,27.494],[33.9249,27.5007],[33.9177,27.5125],[33.9141,27.5244],[33.9177,27.5294],[33.9249,27.5345],[33.9321,27.5362],[33.9429,27.5362],[33.9645,27.5345],[33.9717,27.5294],[33.9789,27.5244],[33.9897,27.5176],[33.9933,27.5142],[34.0077,27.5092]]]}},{"type":"Feature","properties":{},"geometry":{"type":"Polygon","coordinates":[[[26.9769,35.432],[27.0021,35.437],[27.0129,35.437],[27.0129,35.432],[27.0057,35.4269],[26.9985,35.4252],[27.0057,35.4033],[27.0057,35.3982],[26.9913,35.3965],[26.9697,35.3931],[26.9589,35.3898],[26.9445,35.383],[26.9373,35.3763],[26.9265,35.3712],[26.9157,35.3695],[26.9049,35.3661],[26.8869,35.3526],[26.8761,35.3492],[26.8653,35.3543],[26.8545,35.3627],[26.8473,35.3729],[26.8509,35.3763],[26.8617,35.3813],[26.8797,35.3999],[26.8869,35.4033],[26.8905,35.4066],[26.8977,35.4218],[26.9013,35.4252],[26.9085,35.4235],[26.9193,35.4185],[26.9229,35.4185],[26.9625,35.4303],[26.9769,35.432]]]}},{"type":"Feature","properties":{},"geometry":{"type":"Polygon","coordinates":[[[27.3981,36.4384],[27.3873,36.4215],[27.3981,36.4097],[27.4197,36.408],[27.4377,36.4181],[27.4413,36.4147],[27.4449,36.4113],[27.4449,36.4046],[27.4377,36.3945],[27.4269,36.386],[27.4161,36.381],[27.4053,36.3826],[27.3981,36.3793],[27.3909,36.3826],[27.3765,36.3826],[27.3657,36.3928],[27.3585,36.4097],[27.3621,36.4249],[27.3513,36.4316],[27.3369,36.4282],[27.3297,36.4198],[27.3225,36.4113],[27.3153,36.4113],[27.3081,36.4198],[27.2973,36.4282],[27.2937,36.435],[27.2937,36.4553],[27.2973,36.4654],[27.3009,36.4738],[27.3117,36.4569],[27.3261,36.462],[27.3405,36.4738],[27.3549,36.4789],[27.3693,36.4721],[27.3801,36.4434],[27.3981,36.4384]]]}},{"type":"Feature","properties":{},"geometry":{"type":"Polygon","coordinates":[[[23.5856,37.3705],[23.5712,37.3586],[23.546,37.3502],[23.5244,37.3468],[23.5064,37.3502],[23.51,37.3299],[23.4956,37.3198],[23.4776,37.3164],[23.4524,37.3164],[23.3948,37.3029],[23.3732,37.3029],[23.3732,37.3097],[23.4632,37.357],[23.4884,37.3637],[23.5316,37.3637],[23.5532,37.3705],[23.5856,37.3705]]]}},{"type":"Feature","properties":{},"geometry":{"type":"Polygon","coordinates":[[[23.546,37.774],[23.564,37.769],[23.5568,37.7571],[23.546,37.7453],[23.546,37.7335],[23.5316,37.7251],[23.528,37.7149],[23.5316,37.7031],[23.5244,37.693],[23.5172,37.6879],[23.4956,37.6828],[23.4848,37.6795],[23.4776,37.6845],[23.4704,37.6879],[23.456,37.693],[23.456,37.6997],[23.4704,37.7048],[23.4668,37.7149],[23.4596,37.7234],[23.4452,37.7268],[23.4344,37.7335],[23.4272,37.747],[23.4236,37.7622],[23.4272,37.769],[23.546,37.774]]]}},{"type":"Feature","properties":{},"geometry":{"type":"Polygon","coordinates":[[[-27.9849,39.0151],[-28.0029,39.0151],[-28.0245,39.0185],[-28.0461,39.0253],[-28.0605,39.0371],[-28.0713,39.0523],[-28.0713,39.0675],[-28.0533,39.0979],[-28.0461,39.1029],[-28.0353,39.1046],[-28.0245,39.1029],[-28.0137,39.0979],[-28.0065,39.1046],[-27.9921,39.0877],[-27.9597,39.0658],[-27.9417,39.0523],[-27.9345,39.0354],[-27.9489,39.0236],[-27.9669,39.0168],[-27.9849,39.0151]]]}},{"type":"Feature","properties":{},"geometry":{"type":"Polygon","coordinates":[[[8.3071,39.1941],[8.3071,39.1604],[8.3107,39.1198],[8.3071,39.1046],[8.2891,39.0996],[8.2711,39.0996],[8.2531,39.1063],[8.2567,39.1181],[8.2567,39.1249],[8.2315,39.1435],[8.2243,39.157],[8.2315,39.1722],[8.2459,39.1806],[8.2891,39.1891],[8.3071,39.1941]]]}},{"type":"Feature","properties":{},"geometry":{"type":"Polygon","coordinates":[[[27.6573,40.6531],[27.6717,40.6564],[27.7041,40.6531],[27.7293,40.6429],[27.7329,40.6243],[27.7149,40.6142],[27.6753,40.6108],[27.6573,40.6058],[27.6249,40.5838],[27.6033,40.5771],[27.5817,40.5838],[27.5709,40.5838],[27.5529,40.5906],[27.5349,40.6024],[27.5385,40.6227],[27.5313,40.6311],[27.5277,40.6395],[27.5313,40.6497],[27.5385,40.6564],[27.5457,40.6598],[27.5529,40.6581],[27.5529,40.6463],[27.5781,40.6564],[27.6069,40.6632],[27.6321,40.6632],[27.6573,40.6531]]]}},{"type":"Feature","properties":{},"geometry":{"type":"Polygon","coordinates":[[[16.2416,43.0728],[16.2452,43.0762],[16.2488,43.0795],[16.2524,43.0779],[16.256,43.0677],[16.2524,43.0627],[16.2452,43.0576],[16.2344,43.0508],[16.2236,43.0407],[16.2092,43.0339],[16.1228,43.0137],[16.0868,43.012],[16.0616,43.0171],[16.0832,43.0255],[16.0868,43.0407],[16.0796,43.0525],[16.0688,43.0508],[16.0616,43.0508],[16.0472,43.0643],[16.0544,43.0677],[16.058,43.0694],[16.0616,43.0711],[16.0688,43.0728],[16.094,43.0829],[16.13,43.088],[16.1696,43.088],[16.1984,43.0795],[16.1948,43.0745],[16.1912,43.0728],[16.2164,43.0795],[16.2272,43.0779],[16.2416,43.0728]]]}},{"type":"Feature","properties":{},"geometry":{"type":"Polygon","coordinates":[[[16.3928,43.3463],[16.3748,43.3328],[16.3496,43.3379],[16.2812,43.37],[16.2308,43.3852],[16.2056,43.3869],[16.2056,43.3919],[16.2092,43.3936],[16.2128,43.3936],[16.202,43.4004],[16.202,43.4071],[16.2056,43.4122],[16.22,43.4156],[16.2776,43.4122],[16.2992,43.4037],[16.3028,43.3869],[16.3316,43.3902],[16.3496,43.3784],[16.3676,43.3615],[16.3928,43.3463]]]}},{"type":"Feature","properties":{},"geometry":{"type":"Polygon","coordinates":[[[14.4451,44.5655],[14.5279,44.503],[14.5351,44.4844],[14.5135,44.4827],[14.4847,44.5013],[14.4523,44.5317],[14.4379,44.5385],[14.4379,44.5452],[14.4595,44.5418],[14.4667,44.5385],[14.4379,44.5638],[14.4235,44.5739],[14.4055,44.579],[14.3983,44.5689],[14.3875,44.5655],[14.3731,44.5672],[14.3623,44.5739],[14.3623,44.579],[14.3695,44.579],[14.3695,44.5824],[14.3659,44.5874],[14.3839,44.6026],[14.3767,44.6229],[14.3479,44.655],[14.3443,44.6685],[14.3371,44.6989],[14.3371,44.7175],[14.3551,44.7073],[14.3803,44.6989],[14.3983,44.6854],[14.3911,44.6617],[14.3947,44.6533],[14.3983,44.6381],[14.4055,44.6111],[14.4091,44.6009],[14.4451,44.5655]]]}},{"type":"Feature","properties":{},"geometry":{"type":"Polygon","coordinates":[[[-1.2798,46.1561],[-1.287,46.1595],[-1.2906,46.1612],[-1.3374,46.1679],[-1.4346,46.2102],[-1.4886,46.2034],[-1.503,46.2085],[-1.5462,46.2406],[-1.557,46.2456],[-1.557,46.2524],[-1.4994,46.2625],[-1.4814,46.2591],[-1.4742,46.2558],[-1.467,46.2507],[-1.467,46.2439],[-1.4742,46.2389],[-1.4994,46.2456],[-1.5066,46.2456],[-1.4922,46.2237],[-1.4634,46.2254],[-1.4346,46.2338],[-1.4094,46.2389],[-1.4094,46.2304],[-1.4238,46.2304],[-1.4238,46.2237],[-1.4094,46.2186],[-1.3086,46.2068],[-1.2834,46.1967],[-1.2654,46.1815],[-1.2546,46.1629],[-1.2618,46.1612],[-1.2726,46.1595],[-1.2798,46.1561]]]}},{"type":"Feature","properties":{},"geometry":{"type":"Polygon","coordinates":[[[-2.2014,46.9852],[-2.1906,46.9768],[-2.1546,46.965],[-2.1438,46.9582],[-2.1402,46.943],[-2.1366,46.9227],[-2.1438,46.9092],[-2.1582,46.916],[-2.1726,46.9396],[-2.1942,46.9616],[-2.2194,46.9734],[-2.2482,46.965],[-2.2626,46.9802],[-2.277,47.0173],[-2.295,47.0325],[-2.2374,47.0359],[-2.2194,47.0325],[-2.2014,47.0241],[-2.1978,47.0122],[-2.2014,47.0004],[-2.2014,46.9852]]]}},{"type":"Feature","properties":{},"geometry":{"type":"Polygon","coordinates":[[[-3.1158,47.3314],[-3.1014,47.328],[-3.0726,47.328],[-3.0618,47.3212],[-3.0654,47.3027],[-3.0942,47.2959],[-3.1734,47.301],[-3.2238,47.3128],[-3.2418,47.3212],[-3.2382,47.3364],[-3.2454,47.3533],[-3.2562,47.3685],[-3.2634,47.3837],[-3.2526,47.3888],[-3.249,47.3955],[-3.2418,47.3955],[-3.2346,47.3888],[-3.2202,47.3871],[-3.177,47.3719],[-3.1518,47.3584],[-3.1482,47.355],[-3.1158,47.3314]]]}},{"type":"Feature","properties":{},"geometry":{"type":"Polygon","coordinates":[[[0.9126,51.4127],[0.9342,51.3975],[0.9414,51.3823],[0.9378,51.3705],[0.9126,51.3637],[0.7938,51.3705],[0.7758,51.3755],[0.7578,51.3857],[0.7434,51.4008],[0.7326,51.4127],[0.747,51.4397],[0.7542,51.4464],[0.7686,51.4481],[0.891,51.4211],[0.9018,51.4177],[0.9126,51.4127]]]}},{"type":"Feature","properties":{},"geometry":{"type":"Polygon","coordinates":[[[-5.0311,55.7489],[-5.0203,55.7456],[-5.0131,55.7371],[-5.0095,55.7287],[-5.0167,55.7236],[-5.0275,55.7236],[-5.0383,55.732],[-5.0491,55.7489],[-5.1139,55.7844],[-5.1247,55.8013],[-5.1391,55.8283],[-5.1391,55.8418],[-5.1751,55.8553],[-5.1823,55.8621],[-5.1895,55.879],[-5.2003,55.8958],[-5.2003,55.911],[-5.1679,55.9212],[-5.1355,55.906],[-5.1067,55.8874],[-5.0959,55.884],[-5.0887,55.8823],[-5.0815,55.879],[-5.0743,55.857],[-5.0671,55.8519],[-5.0599,55.8503],[-5.0491,55.8452],[-5.0383,55.8317],[-5.0275,55.8199],[-5.0203,55.8063],[-5.0131,55.7743],[-5.0131,55.7692],[-5.0203,55.7624],[-5.0311,55.7489]]]}},{"type":"Feature","properties":{},"geometry":{"type":"Polygon","coordinates":[[[-7.2631,57.4831],[-7.2667,57.478],[-7.2703,57.4764],[-7.2631,57.4713],[-7.2559,57.473],[-7.2451,57.4747],[-7.2379,57.4764],[-7.2307,57.4747],[-7.2019,57.4628],[-7.2091,57.4561],[-7.2235,57.4612],[-7.2451,57.4493],[-7.2631,57.4493],[-7.2595,57.4392],[-7.2487,57.4358],[-7.2271,57.4358],[-7.2127,57.4324],[-7.2055,57.4257],[-7.2055,57.4189],[-7.2919,57.4054],[-7.3171,57.4088],[-7.3963,57.4341],[-7.4071,57.446],[-7.4035,57.4645],[-7.3891,57.4797],[-7.3711,57.4899],[-7.3459,57.4899],[-7.3351,57.4848],[-7.3207,57.4831],[-7.3099,57.4848],[-7.2991,57.4899],[-7.2919,57.4848],[-7.2847,57.4831],[-7.2739,57.4814],[-7.2631,57.4831]]]}},{"type":"Feature","properties":{},"geometry":{"type":"Polygon","coordinates":[[[-6.0643,57.3463],[-6.0751,57.3548],[-6.0787,57.3717],[-6.0679,57.4358],[-6.0607,57.4527],[-6.0463,57.4612],[-6.0175,57.4628],[-6.0175,57.4696],[-6.0247,57.4747],[-6.0283,57.4797],[-6.0355,57.4899],[-6.0247,57.4966],[-6.0175,57.4966],[-5.9959,57.4899],[-5.9959,57.4983],[-6.0103,57.5118],[-5.9995,57.5101],[-5.9923,57.5067],[-5.9887,57.5034],[-5.9815,57.4983],[-5.9851,57.4814],[-6.0031,57.4527],[-6.0175,57.4189],[-6.0175,57.3869],[-6.0103,57.3801],[-5.9959,57.3632],[-5.9887,57.348],[-6.0067,57.3396],[-6.0211,57.3362],[-6.0391,57.3294],[-6.0535,57.3261],[-6.0715,57.3328],[-6.0679,57.3396],[-6.0679,57.343],[-6.0643,57.3463]]]}},{"type":"Feature","properties":{},"geometry":{"type":"Polygon","coordinates":[[[-3.0042,59.1278],[-3.0366,59.1295],[-3.0654,59.1328],[-3.0906,59.143],[-3.1158,59.1582],[-3.1194,59.1767],[-3.1014,59.1903],[-3.0726,59.197],[-3.0474,59.197],[-3.0474,59.1953],[-3.0474,59.1903],[-3.0438,59.1869],[-3.0366,59.1835],[-3.0294,59.1818],[-3.0222,59.1818],[-2.979,59.1869],[-2.9682,59.1869],[-2.9538,59.1835],[-2.9538,59.1784],[-2.9538,59.1767],[-2.9574,59.1767],[-2.961,59.1751],[-2.9754,59.1632],[-2.9754,59.148],[-2.9754,59.1345],[-3.0042,59.1278]]]}},{"type":"Feature","properties":{},"geometry":{"type":"Polygon","coordinates":[[[18.5492,60.3267],[18.5564,60.325],[18.56,60.3233],[18.5672,60.3216],[18.5708,60.3165],[18.5672,60.3081],[18.5564,60.3064],[18.5132,60.3216],[18.4592,60.3537],[18.4016,60.3706],[18.3908,60.3908],[18.3836,60.4179],[18.3872,60.4668],[18.3872,60.4786],[18.3764,60.5006],[18.38,60.5073],[18.3908,60.5107],[18.4052,60.5057],[18.4124,60.5006],[18.4232,60.4905],[18.4268,60.4854],[18.4268,60.482],[18.4232,60.477],[18.4232,60.4719],[18.4268,60.4651],[18.4376,60.455],[18.4664,60.4432],[18.4736,60.4314],[18.4592,60.4314],[18.434,60.4415],[18.4196,60.4432],[18.4304,60.4297],[18.4736,60.3824],[18.4844,60.3672],[18.4952,60.3571],[18.5096,60.3554],[18.5312,60.3689],[18.5312,60.3537],[18.5384,60.3452],[18.5492,60.3267]]]}},{"type":"Feature","properties":{},"geometry":{"type":"Polygon","coordinates":[[[4.977,60.5242],[4.959,60.5597],[4.9698,60.5546],[4.977,60.5546],[4.9806,60.5529],[5.0275,60.5225],[5.1499,60.5006],[5.1931,60.4719],[5.2039,60.4499],[5.2039,60.4314],[5.1931,60.4195],[5.1391,60.4027],[5.1247,60.4027],[5.1175,60.4128],[5.1175,60.428],[5.1211,60.4347],[5.1319,60.4432],[5.0779,60.455],[5.0635,60.4651],[5.0707,60.4685],[5.0743,60.4702],[5.0779,60.4719],[5.0779,60.4786],[5.0635,60.477],[5.0599,60.482],[5.0599,60.4921],[5.0527,60.5023],[5.0455,60.5057],[5.0311,60.504],[5.0167,60.5006],[5.0059,60.4989],[4.9914,60.5057],[4.977,60.5242]]]}},{"type":"Feature","properties":{},"geometry":{"type":"Polygon","coordinates":[[[32.9889,46.043],[32.9997,46.0346],[33.0465,46.0379],[33.0573,46.0244],[33.0393,46.0126],[32.6181,46.0599],[32.6253,46.0666],[32.6325,46.0666],[32.6397,46.0599],[32.7837,46.0464],[32.8521,46.0565],[32.8809,46.0548],[32.9133,46.0396],[32.9565,46.0514],[32.9781,46.0531],[32.9889,46.043]]]}},{"type":"Feature","properties":{},"geometry":{"type":"Polygon","coordinates":[[[23.3624,59.0282],[23.3912,59.0079],[23.3948,58.9961],[23.384,58.9809],[23.3732,58.9758],[23.3624,58.9775],[23.3516,58.9826],[23.3408,58.9842],[23.33,58.9826],[23.2976,58.9707],[23.2796,58.9707],[23.2436,58.9809],[23.222,58.9842],[23.2184,58.9826],[23.2148,58.9775],[23.2112,58.9724],[23.1752,58.9691],[23.1644,58.9691],[23.15,58.9741],[23.1176,59.0163],[23.114,59.0214],[23.1176,59.0332],[23.132,59.04],[23.1464,59.045],[23.1716,59.0467],[23.2076,59.0433],[23.2796,59.0332],[23.3228,59.0383],[23.3444,59.04],[23.3624,59.0282]]]}},{"type":"Feature","properties":{},"geometry":{"type":"Polygon","coordinates":[[[56.0544,17.5601],[56.058,17.5466],[56.058,17.5449],[56.0688,17.5331],[56.0796,17.5229],[56.094,17.5195],[56.0652,17.4993],[56.0472,17.4925],[56.0328,17.4908],[55.986,17.4925],[55.9716,17.4976],[55.9644,17.5195],[55.9896,17.5347],[56.0292,17.5483],[56.0544,17.5601]]]}},{"type":"Feature","properties":{},"geometry":{"type":"Polygon","coordinates":[[[54.1895,24.2266],[54.1823,24.2451],[54.1607,24.2536],[54.1355,24.2603],[54.1139,24.2722],[54.1031,24.2975],[54.1139,24.3178],[54.1355,24.3262],[54.1427,24.3228],[54.1499,24.3161],[54.1751,24.2907],[54.1895,24.2772],[54.2003,24.2536],[54.1895,24.2266]]]}},{"type":"Feature","properties":{},"geometry":{"type":"Polygon","coordinates":[[[54.0383,26.4893],[53.9627,26.4926],[53.9555,26.4926],[53.9231,26.5062],[53.9015,26.5365],[53.9123,26.5501],[53.9267,26.5602],[53.9447,26.5653],[53.9663,26.5636],[53.9807,26.5585],[54.0203,26.5551],[54.0347,26.5501],[54.0347,26.5467],[54.0347,26.5433],[54.0347,26.5349],[54.0347,26.5332],[54.0347,26.5264],[54.0383,26.5264],[54.0419,26.523],[54.0491,26.5197],[54.0491,26.518],[54.0527,26.5112],[54.0527,26.5062],[54.0491,26.4994],[54.0491,26.4943],[54.0383,26.4893]]]}},{"type":"Feature","properties":{},"geometry":{"type":"Polygon","coordinates":[[[53.3183,26.8],[53.3003,26.7915],[53.2787,26.7898],[53.2211,26.8],[53.2067,26.8067],[53.2031,26.8067],[53.1887,26.8152],[53.1599,26.8388],[53.1491,26.8472],[53.1527,26.8523],[53.1599,26.854],[53.1671,26.8557],[53.1779,26.8574],[53.2607,26.8337],[53.3363,26.8287],[53.3615,26.8202],[53.3723,26.8101],[53.3831,26.8033],[53.3687,26.8],[53.3291,26.8033],[53.3183,26.8]]]}},{"type":"Feature","properties":{},"geometry":{"type":"Polygon","coordinates":[[[49.5671,27.3521],[49.5851,27.3437],[49.6391,27.3302],[49.6895,27.3184],[49.6715,27.3116],[49.6535,27.315],[49.6391,27.3217],[49.6247,27.3251],[49.6067,27.3217],[49.5923,27.3167],[49.5779,27.3082],[49.5671,27.2981],[49.5563,27.3049],[49.5527,27.3049],[49.5419,27.3099],[49.5383,27.3116],[49.5383,27.3184],[49.5527,27.3234],[49.5527,27.3285],[49.5491,27.3352],[49.5455,27.3386],[49.5419,27.342],[49.5311,27.3454],[49.5203,27.3454],[49.5095,27.3403],[49.4987,27.3386],[49.4879,27.3336],[49.4735,27.3217],[49.4627,27.3065],[49.4555,27.2897],[49.4519,27.3167],[49.4735,27.342],[49.5023,27.3606],[49.5311,27.3656],[49.5419,27.364],[49.5527,27.3606],[49.5671,27.3521]]]}},{"type":"Feature","properties":{},"geometry":{"type":"Polygon","coordinates":[[[48.3395,29.4629],[48.3539,29.4578],[48.3611,29.451],[48.3719,29.4426],[48.3827,29.4341],[48.3899,29.4257],[48.4007,29.397],[48.3971,29.3869],[48.3827,29.3919],[48.3719,29.3936],[48.3647,29.3987],[48.3359,29.4206],[48.3179,29.4274],[48.2891,29.4308],[48.2675,29.4291],[48.2711,29.4561],[48.2819,29.4713],[48.2999,29.473],[48.3395,29.4629]]]}},{"type":"Feature","properties":{},"geometry":{"type":"Polygon","coordinates":[[[17.7068,58.9927],[17.7032,58.9842],[17.6996,58.9775],[17.7032,58.9657],[17.7032,58.9555],[17.6996,58.9454],[17.696,58.9353],[17.696,58.9285],[17.6888,58.9251],[17.6816,58.9218],[17.6816,58.915],[17.6924,58.9015],[17.6852,58.9015],[17.6564,58.9235],[17.6564,58.9184],[17.6492,58.9184],[17.6384,58.9302],[17.642,58.9471],[17.6348,58.9555],[17.6276,58.9572],[17.624,58.964],[17.6276,58.9809],[17.6348,58.9978],[17.6456,59.0096],[17.6492,59.018],[17.6456,59.0231],[17.6456,59.0332],[17.6456,59.0619],[17.6528,59.0721],[17.6636,59.0721],[17.6672,59.0653],[17.6672,59.0585],[17.6744,59.0569],[17.678,59.0569],[17.6852,59.0501],[17.6924,59.0383],[17.6996,59.0248],[17.7068,59.0079],[17.7068,58.9927]]]}},{"type":"Feature","properties":{},"geometry":{"type":"Polygon","coordinates":[[[5.2903,60.0751],[5.2975,60.0599],[5.3011,60.0514],[5.2975,60.0464],[5.2975,60.0379],[5.2975,60.0278],[5.2795,60.0126],[5.2759,60.0042],[5.2687,59.994],[5.2543,59.9923],[5.2471,59.9991],[5.2471,60.0042],[5.2399,60.0058],[5.2327,60.0058],[5.2183,60.0092],[5.2039,60.016],[5.2003,60.0244],[5.2003,60.0295],[5.1967,60.0345],[5.1751,60.0464],[5.1715,60.0497],[5.1715,60.0548],[5.1787,60.0683],[5.1967,60.0818],[5.2039,60.0886],[5.2075,60.0869],[5.2075,60.0801],[5.2111,60.0717],[5.2183,60.0616],[5.2183,60.0514],[5.2255,60.043],[5.2327,60.0413],[5.2399,60.0447],[5.2435,60.0464],[5.2399,60.0497],[5.2435,60.0514],[5.2471,60.0514],[5.2399,60.0548],[5.2291,60.0666],[5.2219,60.0784],[5.2219,60.0852],[5.2183,60.0886],[5.2147,60.0886],[5.2039,60.1072],[5.2039,60.1173],[5.2183,60.119],[5.2219,60.1173],[5.2291,60.1122],[5.2471,60.0987],[5.2543,60.0903],[5.2507,60.0886],[5.2507,60.0852],[5.2579,60.0751],[5.2615,60.0751],[5.2651,60.0818],[5.2723,60.0835],[5.2795,60.0818],[5.2903,60.0751]]]}},{"type":"Feature","properties":{},"geometry":{"type":"Polygon","coordinates":[[[26.8725,37.1341],[26.8797,37.129],[26.8869,37.1172],[26.8869,37.1054],[26.8797,37.1037],[26.8761,37.1037],[26.8761,37.1003],[26.8689,37.0986],[26.8617,37.0969],[26.8509,37.0986],[26.8365,37.1054],[26.8365,37.1121],[26.8473,37.1172],[26.8509,37.1239],[26.8437,37.1256],[26.8293,37.1189],[26.8185,37.1206],[26.8113,37.129],[26.8149,37.1374],[26.8185,37.1459],[26.8077,37.1509],[26.7969,37.156],[26.7897,37.1628],[26.7753,37.1695],[26.7717,37.183],[26.7825,37.1915],[26.7969,37.1898],[26.8005,37.1932],[26.8005,37.1999],[26.8077,37.1999],[26.8185,37.1948],[26.8221,37.1932],[26.8257,37.1948],[26.8293,37.1932],[26.8365,37.1915],[26.8401,37.1898],[26.8509,37.1881],[26.8545,37.1813],[26.8473,37.1712],[26.8437,37.1628],[26.8545,37.1577],[26.8653,37.1526],[26.8689,37.1408],[26.8725,37.1341]]]}},{"type":"Feature","properties":{},"geometry":{"type":"Polygon","coordinates":[[[47.8499,43.9998],[47.8607,43.9947],[47.8679,43.9914],[47.8679,43.9846],[47.7635,43.9289],[47.7455,43.9272],[47.7095,43.9356],[47.6951,43.9373],[47.6843,43.939],[47.6807,43.9508],[47.6735,43.9508],[47.6555,43.9424],[47.6411,43.9441],[47.6339,43.9525],[47.6267,43.9627],[47.6375,43.9812],[47.6663,43.9964],[47.7815,43.9947],[47.8139,43.9998],[47.8391,43.9998],[47.8499,43.9998]]]}},{"type":"Feature","properties":{},"geometry":{"type":"Polygon","coordinates":[[[49.8227,46.3132],[49.8371,46.2861],[49.8407,46.2625],[49.8227,46.2169],[49.8047,46.2102],[49.7831,46.2237],[49.7687,46.2473],[49.7219,46.3385],[49.7183,46.3571],[49.7507,46.3571],[49.7939,46.3385],[49.8119,46.3267],[49.8227,46.3132]]]}},{"type":"Feature","properties":{},"geometry":{"type":"Polygon","coordinates":[[[6.0175,59.2916],[6.0715,59.2848],[6.1003,59.2764],[6.0931,59.2612],[6.0571,59.2409],[6.0031,59.2308],[5.9599,59.2274],[5.9311,59.2443],[5.9311,59.2696],[5.9527,59.2831],[5.9887,59.2916],[6.0175,59.2916]]]}},{"type":"Feature","properties":{},"geometry":{"type":"Polygon","coordinates":[[[-16.3784,19.8143],[-16.3568,19.8532],[-16.346,19.8684],[-16.3352,19.8565],[-16.3676,19.7215],[-16.3928,19.659],[-16.4324,19.6016],[-16.4504,19.6235],[-16.454,19.6286],[-16.454,19.637],[-16.4504,19.6472],[-16.4504,19.6573],[-16.4576,19.6674],[-16.4648,19.6843],[-16.4576,19.7029],[-16.4288,19.7451],[-16.4252,19.7485],[-16.4288,19.7772],[-16.4252,19.7873],[-16.418,19.8059],[-16.4072,19.8211],[-16.3892,19.8261],[-16.3784,19.8143]]]}},{"type":"Feature","properties":{},"geometry":{"type":"Polygon","coordinates":[[[-17.9336,27.852],[-17.9156,27.8503],[-17.8976,27.8401],[-17.8832,27.8283],[-17.8796,27.8148],[-17.8868,27.7979],[-17.9264,27.7422],[-17.9264,27.7371],[-17.9264,27.7304],[-17.9264,27.7236],[-17.93,27.7186],[-17.9336,27.7152],[-17.9408,27.7135],[-17.9444,27.7101],[-17.948,27.705],[-17.9516,27.7],[-17.9588,27.6932],[-17.966,27.6865],[-17.9696,27.678],[-17.9696,27.6544],[-17.9804,27.6426],[-17.9948,27.6426],[-18.0164,27.6527],[-18.0308,27.6679],[-18.0416,27.6814],[-18.0524,27.6915],[-18.128,27.7],[-18.146,27.7084],[-18.1604,27.7219],[-18.1676,27.7574],[-18.1388,27.7692],[-18.0992,27.7658],[-18.056,27.7557],[-18.0416,27.7658],[-18.002,27.7996],[-17.9948,27.808],[-17.9948,27.8182],[-17.9912,27.8232],[-17.9696,27.8317],[-17.9336,27.852]]]}},{"type":"Feature","properties":{},"geometry":{"type":"Polygon","coordinates":[[[-17.3108,28.2066],[-17.2604,28.2184],[-17.2136,28.2049],[-17.1704,28.1812],[-17.1164,28.1458],[-17.1056,28.1238],[-17.0984,28.1002],[-17.1128,28.0816],[-17.1344,28.0698],[-17.1632,28.0444],[-17.1848,28.0309],[-17.2064,28.0259],[-17.2316,28.0191],[-17.2568,28.0242],[-17.3108,28.0529],[-17.3432,28.0985],[-17.3432,28.1339],[-17.3396,28.1711],[-17.3108,28.2066]]]}},{"type":"Feature","properties":{},"geometry":{"type":"Polygon","coordinates":[[[-13.4875,29.2839],[-13.4767,29.267],[-13.4911,29.2433],[-13.5163,29.2265],[-13.5415,29.2298],[-13.5415,29.2366],[-13.5271,29.2518],[-13.5163,29.2737],[-13.5091,29.2889],[-13.4875,29.2839]]]}},{"type":"Feature","properties":{},"geometry":{"type":"Polygon","coordinates":[[[10.9927,33.8413],[11.0107,33.8312],[11.0323,33.8244],[11.0503,33.8143],[11.0611,33.8008],[10.9927,33.7502],[10.9783,33.7434],[10.9711,33.7383],[10.9675,33.7299],[10.9567,33.6978],[10.9495,33.6978],[10.9531,33.7248],[10.9567,33.7333],[10.9423,33.7282],[10.9279,33.6961],[10.9099,33.6742],[10.8955,33.659],[10.8883,33.6404],[10.8703,33.6539],[10.8703,33.6725],[10.8775,33.6877],[10.8595,33.7113],[10.8415,33.7181],[10.8271,33.7299],[10.8091,33.735],[10.7911,33.7181],[10.7803,33.7029],[10.7623,33.6995],[10.7407,33.7147],[10.7335,33.7299],[10.7263,33.7586],[10.7299,33.7839],[10.7479,33.8126],[10.7371,33.8532],[10.7371,33.8852],[10.7731,33.8971],[10.8559,33.8819],[10.8991,33.8802],[10.9315,33.8971],[10.9603,33.8667],[10.9927,33.8413]]]}},{"type":"Feature","properties":{},"geometry":{"type":"Polygon","coordinates":[[[27.2109,35.5215],[27.2325,35.5046],[27.2361,35.4928],[27.2325,35.4725],[27.2073,35.4776],[27.1821,35.4691],[27.1605,35.4505],[27.1569,35.4252],[27.1605,35.4269],[27.1605,35.4303],[27.1641,35.432],[27.1713,35.432],[27.1641,35.4235],[27.1569,35.4151],[27.1497,35.4083],[27.1353,35.4033],[27.1425,35.4202],[27.1353,35.4269],[27.1209,35.4269],[27.1101,35.432],[27.0993,35.4404],[27.0921,35.4522],[27.0957,35.4624],[27.1101,35.4657],[27.1101,35.4725],[27.1029,35.4725],[27.1029,35.4793],[27.1173,35.4826],[27.1209,35.4928],[27.1101,35.5215],[27.1101,35.535],[27.1137,35.5434],[27.1137,35.5502],[27.1101,35.562],[27.0993,35.5671],[27.0741,35.5806],[27.0669,35.589],[27.0705,35.6025],[27.0777,35.616],[27.0849,35.6262],[27.0921,35.6312],[27.1137,35.643],[27.1245,35.6684],[27.1281,35.6937],[27.1533,35.7173],[27.1605,35.7477],[27.1641,35.7781],[27.1569,35.795],[27.1569,35.8018],[27.1713,35.8085],[27.1785,35.8085],[27.1785,35.8018],[27.1857,35.8018],[27.1893,35.8068],[27.2037,35.822],[27.2145,35.8288],[27.2217,35.8288],[27.2253,35.8271],[27.2325,35.822],[27.2289,35.8085],[27.2145,35.79],[27.2109,35.7781],[27.2109,35.7528],[27.2145,35.7444],[27.2181,35.7342],[27.2181,35.7258],[27.2145,35.719],[27.2001,35.7089],[27.1893,35.6971],[27.1857,35.6819],[27.1821,35.6734],[27.1713,35.6633],[27.1605,35.6515],[27.1569,35.6346],[27.1569,35.6194],[27.1569,35.6127],[27.1857,35.5958],[27.2073,35.5603],[27.2145,35.5536],[27.2217,35.5502],[27.2181,35.5434],[27.2073,35.5367],[27.2037,35.535],[27.2037,35.5282],[27.2037,35.5265],[27.2109,35.5215]]]}},{"type":"Feature","properties":{},"geometry":{"type":"Polygon","coordinates":[[[14.5495,35.8896],[14.5639,35.8693],[14.5675,35.8457],[14.5603,35.8305],[14.5495,35.8355],[14.5315,35.822],[14.5279,35.8136],[14.5279,35.8018],[14.5099,35.8068],[14.5063,35.8085],[14.4739,35.8119],[14.4235,35.8237],[14.3803,35.8423],[14.3623,35.8659],[14.3587,35.8693],[14.3443,35.8761],[14.3443,35.8811],[14.3443,35.9115],[14.3371,35.947],[14.3335,35.9622],[14.3227,35.9723],[14.3335,35.9825],[14.3479,35.9892],[14.3623,35.9926],[14.3767,35.9943],[14.3767,35.9858],[14.3695,35.9841],[14.3623,35.9825],[14.3479,35.9723],[14.4271,35.9656],[14.4451,35.9605],[14.4775,35.9369],[14.5063,35.9284],[14.5135,35.92],[14.5135,35.9115],[14.5135,35.9014],[14.5207,35.8997],[14.5495,35.8896]]]}},{"type":"Feature","properties":{},"geometry":{"type":"Polygon","coordinates":[[[23.0132,36.3083],[23.078,36.2712],[23.096,36.2543],[23.1032,36.2374],[23.096,36.2324],[23.0816,36.2324],[23.0672,36.2256],[23.06,36.2172],[23.0528,36.2037],[23.0528,36.1446],[23.0456,36.1429],[23.0312,36.1446],[23.0132,36.1479],[23.0024,36.1462],[22.9916,36.1378],[22.988,36.1513],[22.9772,36.1581],[22.9484,36.1648],[22.9484,36.1682],[22.9484,36.1716],[22.9484,36.1766],[22.9448,36.1783],[22.934,36.1766],[22.9304,36.1783],[22.9232,36.1851],[22.916,36.2003],[22.9088,36.2053],[22.916,36.2628],[22.916,36.2847],[22.9088,36.3083],[22.9016,36.3202],[22.898,36.3286],[22.9016,36.3387],[22.934,36.381],[22.9448,36.3894],[22.9556,36.3826],[22.9952,36.3235],[23.0132,36.3083]]]}},{"type":"Feature","properties":{},"geometry":{"type":"Polygon","coordinates":[[[26.3613,36.6376],[26.3937,36.6359],[26.4297,36.619],[26.4585,36.5971],[26.4657,36.5819],[26.4585,36.5785],[26.4549,36.5768],[26.4513,36.5802],[26.4441,36.5903],[26.4297,36.5785],[26.4153,36.5751],[26.3865,36.5751],[26.3721,36.5718],[26.3613,36.5633],[26.3469,36.5414],[26.3469,36.5279],[26.3505,36.516],[26.3433,36.5093],[26.3181,36.5076],[26.3001,36.5127],[26.2821,36.5397],[26.2677,36.5481],[26.2677,36.5549],[26.2713,36.5583],[26.2749,36.5616],[26.2641,36.5735],[26.2605,36.587],[26.2677,36.5954],[26.2821,36.5903],[26.2965,36.5971],[26.3109,36.5886],[26.3289,36.5751],[26.3433,36.5684],[26.3505,36.5735],[26.3613,36.587],[26.3649,36.5903],[26.3757,36.5886],[26.3865,36.5853],[26.3937,36.5853],[26.4045,36.5903],[26.3901,36.5954],[26.3865,36.6055],[26.3901,36.614],[26.3901,36.6157],[26.3793,36.619],[26.3685,36.6241],[26.3613,36.6309],[26.3613,36.6376]]]}},{"type":"Feature","properties":{},"geometry":{"type":"Polygon","coordinates":[[[24.4748,36.7474],[24.5144,36.7643],[24.5324,36.7676],[24.5468,36.7541],[24.5432,36.7423],[24.5468,36.6883],[24.536,36.6815],[24.518,36.6731],[24.4856,36.6646],[24.3632,36.6629],[24.3272,36.6511],[24.3236,36.6646],[24.3308,36.6866],[24.3272,36.7001],[24.3308,36.7018],[24.3344,36.7085],[24.3416,36.7119],[24.3308,36.7187],[24.3272,36.7204],[24.338,36.7271],[24.3452,36.7457],[24.356,36.7541],[24.3596,36.7491],[24.3668,36.7423],[24.374,36.7372],[24.3812,36.7339],[24.3956,36.7356],[24.4064,36.7068],[24.428,36.7001],[24.4604,36.7001],[24.4712,36.7035],[24.4676,36.7153],[24.4604,36.7271],[24.4496,36.7339],[24.4352,36.7271],[24.428,36.7339],[24.4172,36.7457],[24.41,36.7541],[24.41,36.7609],[24.4208,36.771],[24.4316,36.7643],[24.4496,36.7541],[24.4748,36.7474]]]}},{"type":"Feature","properties":{},"geometry":{"type":"Polygon","coordinates":[[[27.2793,36.9078],[27.2901,36.8926],[27.3405,36.8825],[27.3549,36.8639],[27.3225,36.8487],[27.2145,36.8234],[27.1893,36.8115],[27.1317,36.7609],[27.1101,36.7575],[27.0849,36.7609],[27.0597,36.7676],[27.0489,36.7744],[26.9913,36.7541],[26.9769,36.7406],[26.9877,36.7204],[26.9733,36.717],[26.9661,36.7052],[26.9661,36.6917],[26.9733,36.6781],[26.9553,36.6815],[26.9373,36.6933],[26.9229,36.7068],[26.9193,36.7153],[26.9193,36.7508],[26.9265,36.7659],[26.9373,36.7609],[26.9409,36.7659],[26.9553,36.7761],[26.9589,36.7811],[26.9625,36.7778],[26.9877,36.7676],[26.9985,36.7778],[27.0093,36.7879],[27.0201,36.8082],[27.0561,36.8335],[27.0597,36.8386],[27.1641,36.8909],[27.2649,36.9044],[27.2793,36.9078]]]}},{"type":"Feature","properties":{},"geometry":{"type":"Polygon","coordinates":[[[26.0049,36.9382],[26.0193,36.9247],[26.0337,36.9129],[26.0553,36.9027],[26.0733,36.8977],[26.0733,36.8926],[26.0697,36.8926],[26.0661,36.8909],[26.0517,36.8977],[26.0337,36.8943],[26.0157,36.8892],[26.0049,36.8909],[25.9905,36.8791],[25.9473,36.8538],[25.9329,36.8504],[25.9221,36.8402],[25.8933,36.8031],[25.8789,36.7947],[25.7997,36.7727],[25.7565,36.7693],[25.7385,36.7947],[25.7529,36.7896],[25.7601,36.7997],[25.7745,36.8065],[25.7889,36.8099],[25.7997,36.8014],[25.8069,36.8014],[25.8141,36.8065],[25.8213,36.8082],[25.8465,36.8082],[25.8501,36.8115],[25.8645,36.8352],[25.8501,36.8318],[25.8465,36.8369],[25.8429,36.8453],[25.8465,36.8504],[25.8573,36.8504],[25.9725,36.8977],[25.9725,36.9044],[25.9653,36.9061],[25.9617,36.9095],[25.9581,36.9112],[25.9509,36.9112],[25.9509,36.9179],[25.9797,36.9247],[25.9905,36.9314],[25.9977,36.9382],[26.0049,36.9382]]]}},{"type":"Feature","properties":{},"geometry":{"type":"Polygon","coordinates":[[[-25.0653,37.0209],[-25.0473,37.0108],[-25.0293,36.9922],[-25.0185,36.9703],[-25.0113,36.95],[-25.0257,36.9348],[-25.0617,36.9365],[-25.1193,36.9534],[-25.1517,36.9466],[-25.1697,36.9466],[-25.1769,36.9568],[-25.1841,36.9686],[-25.1949,36.9804],[-25.2021,36.9905],[-25.1913,37.0007],[-25.1697,37.0159],[-25.1337,37.0226],[-25.0941,37.0243],[-25.0653,37.0209]]]}},{"type":"Feature","properties":{},"geometry":{"type":"Polygon","coordinates":[[[25.2813,37.0496],[25.2705,37.0463],[25.2633,37.0395],[25.2597,37.0311],[25.2525,37.0209],[25.2453,37.0142],[25.2309,37.0057],[25.2057,36.9888],[25.1877,36.9855],[25.1517,36.9872],[25.1445,36.9905],[25.1229,37.004],[25.1121,37.0074],[25.1049,37.0125],[25.1013,37.0243],[25.1121,37.0631],[25.1265,37.075],[25.1553,37.0902],[25.1481,37.0935],[25.1409,37.0952],[25.1373,37.0935],[25.1517,37.1104],[25.1769,37.129],[25.2093,37.1442],[25.2381,37.1526],[25.2237,37.1341],[25.2309,37.1273],[25.2597,37.1239],[25.2741,37.1374],[25.2705,37.1408],[25.2669,37.1526],[25.2813,37.1526],[25.2921,37.1526],[25.2921,37.1442],[25.2885,37.1357],[25.2849,37.129],[25.2813,37.1239],[25.2633,37.0902],[25.2633,37.075],[25.2813,37.0699],[25.2813,37.0631],[25.2669,37.0631],[25.2669,37.0547],[25.2813,37.0547],[25.2813,37.0496]]]}},{"type":"Feature","properties":{},"geometry":{"type":"Polygon","coordinates":[[[25.5261,37.1965],[25.5333,37.1999],[25.5513,37.1932],[25.5729,37.178],[25.5873,37.1611],[25.5909,37.1425],[25.5945,37.1003],[25.5945,37.0817],[25.5837,37.0395],[25.5801,37.0175],[25.5513,36.9686],[25.5477,36.9652],[25.5405,36.9635],[25.5261,36.9601],[25.4901,36.9314],[25.4793,36.9281],[25.4613,36.9247],[25.4505,36.9179],[25.4469,36.9247],[25.4433,36.9264],[25.4361,36.9314],[25.4325,36.9399],[25.4253,36.9601],[25.4217,36.9669],[25.4181,36.9736],[25.3893,36.9872],[25.3929,36.9922],[25.3929,36.9973],[25.3929,37.004],[25.3857,37.0108],[25.3821,37.0192],[25.3785,37.0277],[25.3821,37.0327],[25.3821,37.0344],[25.3677,37.0598],[25.3569,37.0716],[25.3425,37.0766],[25.3425,37.0834],[25.3461,37.0868],[25.3533,37.0885],[25.3569,37.0885],[25.3605,37.0834],[25.3713,37.0885],[25.4109,37.1239],[25.4757,37.1611],[25.4793,37.1678],[25.4937,37.1898],[25.5009,37.1915],[25.5225,37.1932],[25.5261,37.1965]]]}},{"type":"Feature","properties":{},"geometry":{"type":"Polygon","coordinates":[[[25.3965,37.4177],[25.3821,37.4194],[25.3065,37.4127],[25.3101,37.4194],[25.3101,37.4228],[25.3065,37.4245],[25.3065,37.4279],[25.3101,37.4363],[25.3137,37.438],[25.3173,37.438],[25.3209,37.4397],[25.3281,37.4633],[25.3209,37.4718],[25.3065,37.4735],[25.3137,37.4887],[25.3245,37.4954],[25.3389,37.4988],[25.3497,37.5089],[25.3785,37.4667],[25.3821,37.4701],[25.3857,37.4903],[25.3965,37.4937],[25.4253,37.487],[25.4325,37.4853],[25.4361,37.4802],[25.4433,37.4752],[25.4613,37.4701],[25.4649,37.4633],[25.4649,37.4549],[25.4577,37.4464],[25.4433,37.4414],[25.4253,37.4414],[25.4073,37.4363],[25.4037,37.4177],[25.3965,37.4177]]]}},{"type":"Feature","properties":{},"geometry":{"type":"Polygon","coordinates":[[[25.0905,37.5832],[25.0797,37.5866],[25.0473,37.617],[25.0077,37.6322],[24.9968,37.6373],[24.9896,37.6457],[24.986,37.6575],[24.9824,37.671],[24.986,37.6795],[24.9968,37.6812],[25.0545,37.6795],[25.0581,37.6778],[25.0689,37.6727],[25.0689,37.666],[25.0617,37.666],[25.0617,37.6575],[25.0689,37.6575],[25.0761,37.6541],[25.0833,37.6508],[25.0869,37.644],[25.1049,37.6541],[25.1229,37.6525],[25.1409,37.6423],[25.1481,37.6305],[25.1661,37.6457],[25.1913,37.6406],[25.2237,37.6305],[25.2453,37.6237],[25.2381,37.617],[25.2489,37.6153],[25.2525,37.6086],[25.2561,37.6001],[25.2597,37.59],[25.2345,37.563],[25.2273,37.5376],[25.2165,37.5326],[25.1697,37.5393],[25.1409,37.5528],[25.1265,37.5562],[25.1157,37.5596],[25.1049,37.5782],[25.0905,37.5832]]]}},{"type":"Feature","properties":{},"geometry":{"type":"Polygon","coordinates":[[[24.374,37.6862],[24.4028,37.6558],[24.3956,37.6254],[24.3704,37.595],[24.3416,37.5697],[24.3128,37.5376],[24.2948,37.5258],[24.2768,37.5309],[24.2768,37.5461],[24.2804,37.595],[24.2768,37.6035],[24.2768,37.6221],[24.2876,37.6457],[24.3056,37.6609],[24.32,37.6575],[24.3272,37.6643],[24.3344,37.6727],[24.3236,37.6727],[24.32,37.6727],[24.32,37.6795],[24.3308,37.6845],[24.338,37.6862],[24.3488,37.6845],[24.356,37.6795],[24.3596,37.6795],[24.3632,37.6845],[24.3632,37.6862],[24.3704,37.6845],[24.374,37.6862]]]}},{"type":"Feature","properties":{},"geometry":{"type":"Polygon","coordinates":[[[26.3613,37.6862],[26.3433,37.6592],[26.3181,37.6339],[26.2317,37.5714],[26.2137,37.5646],[26.1273,37.5562],[26.1093,37.5494],[26.0985,37.5427],[26.0769,37.5275],[26.0661,37.5224],[26.0589,37.5191],[26.0517,37.5191],[26.0445,37.5207],[26.0301,37.5224],[25.9905,37.514],[25.9761,37.5157],[25.9725,37.5359],[25.9797,37.5494],[26.0121,37.5748],[26.0193,37.5866],[26.0265,37.6001],[26.0409,37.617],[26.0589,37.6305],[26.0733,37.6373],[26.0985,37.6389],[26.1561,37.6322],[26.1777,37.6373],[26.1957,37.6322],[26.2281,37.6389],[26.2533,37.6525],[26.2821,37.6761],[26.3145,37.6828],[26.3613,37.6862]]]}},{"type":"Feature","properties":{},"geometry":{"type":"Polygon","coordinates":[[[27.0489,37.7268],[27.0597,37.7335],[27.0669,37.7284],[27.0669,37.7183],[27.0597,37.7065],[27.0381,37.7132],[27.0021,37.7065],[26.9085,37.6778],[26.9013,37.6727],[26.8905,37.666],[26.8833,37.6575],[26.8833,37.6525],[26.8797,37.6491],[26.8689,37.644],[26.8617,37.644],[26.7969,37.644],[26.7861,37.6474],[26.7825,37.6541],[26.7825,37.6609],[26.7789,37.6693],[26.7609,37.6896],[26.7501,37.6964],[26.7285,37.7014],[26.7177,37.7116],[26.7069,37.7132],[26.6997,37.7132],[26.6853,37.7082],[26.6565,37.7048],[26.6421,37.6997],[26.6277,37.6913],[26.6241,37.6795],[26.6169,37.6795],[26.6169,37.6862],[26.6097,37.6862],[26.5989,37.6778],[26.5881,37.6879],[26.5845,37.7048],[26.5809,37.7166],[26.5809,37.7403],[26.5845,37.7521],[26.5953,37.7622],[26.6133,37.7656],[26.6313,37.7673],[26.6457,37.7723],[26.6493,37.7859],[26.6565,37.7926],[26.7717,37.8146],[26.8077,37.8146],[26.8437,37.8095],[26.8545,37.8027],[26.8833,37.7859],[26.9157,37.7774],[26.9553,37.7571],[26.9661,37.747],[26.9697,37.7588],[26.9625,37.7673],[26.9553,37.7757],[26.9445,37.7892],[26.9625,37.7842],[26.9733,37.7842],[26.9841,37.7892],[26.9949,37.796],[26.9949,37.7842],[27.0201,37.7774],[27.0669,37.774],[27.0381,37.7639],[27.0345,37.7622],[27.0309,37.7538],[27.0345,37.7453],[27.0417,37.7386],[27.0489,37.7268]]]}},{"type":"Feature","properties":{},"geometry":{"type":"Polygon","coordinates":[[[20.9,37.7926],[20.918,37.7656],[20.9864,37.7301],[20.9972,37.6997],[20.9828,37.7116],[20.954,37.7234],[20.9216,37.7318],[20.8928,37.7335],[20.8784,37.7284],[20.8712,37.7183],[20.864,37.7099],[20.8568,37.7065],[20.8424,37.7014],[20.8424,37.6896],[20.8496,37.6778],[20.8532,37.6727],[20.8496,37.6592],[20.846,37.6541],[20.8352,37.6508],[20.8136,37.6508],[20.8064,37.6558],[20.7776,37.6862],[20.7272,37.7183],[20.7056,37.7386],[20.702,37.7538],[20.6804,37.7707],[20.6408,37.8112],[20.6192,37.823],[20.6264,37.8348],[20.6228,37.8517],[20.6264,37.8568],[20.6192,37.8652],[20.6588,37.9108],[20.684,37.9294],[20.7092,37.926],[20.7092,37.9226],[20.7092,37.9192],[20.7128,37.9159],[20.7128,37.9125],[20.7344,37.8821],[20.7416,37.8618],[20.7524,37.8551],[20.7776,37.8433],[20.81,37.85],[20.8496,37.8365],[20.8856,37.8146],[20.9,37.7926]]]}},{"type":"Feature","properties":{},"geometry":{"type":"Polygon","coordinates":[[[24.9932,37.769],[24.9932,37.7538],[24.986,37.7352],[24.9716,37.7183],[24.9572,37.7065],[24.9608,37.7031],[24.9644,37.6862],[24.9572,37.6862],[24.95,37.6964],[24.9284,37.7099],[24.9176,37.72],[24.896,37.7622],[24.8924,37.769],[24.878,37.769],[24.8636,37.774],[24.8564,37.7808],[24.8456,37.7926],[24.8276,37.8179],[24.8168,37.8247],[24.7988,37.8162],[24.7952,37.8433],[24.7772,37.8618],[24.7556,37.877],[24.7376,37.8922],[24.7304,37.8922],[24.7232,37.8821],[24.716,37.8787],[24.7124,37.8838],[24.7196,37.899],[24.7088,37.9057],[24.6944,37.9243],[24.6836,37.9328],[24.6944,37.9361],[24.698,37.9395],[24.6908,37.9463],[24.6908,37.9564],[24.6944,37.9665],[24.7016,37.9733],[24.7556,37.9969],[24.7808,38.0003],[24.7952,37.9935],[24.7916,37.9834],[24.7952,37.9767],[24.7988,37.975],[24.8096,37.9733],[24.8204,37.9699],[24.8312,37.9632],[24.8348,37.9564],[24.8312,37.953],[24.8312,37.948],[24.8384,37.926],[24.842,37.9192],[24.8492,37.9142],[24.8744,37.9057],[24.9536,37.9057],[24.9644,37.8973],[24.9608,37.877],[24.9428,37.8433],[24.986,37.8162],[24.9788,37.8112],[24.9752,37.8095],[24.9716,37.8095],[24.9716,37.796],[24.9644,37.7875],[24.9572,37.7808],[24.9572,37.774],[24.9644,37.769],[24.9788,37.774],[24.9932,37.769]]]}},{"type":"Feature","properties":{},"geometry":{"type":"Polygon","coordinates":[[[-28.1109,38.4461],[-28.0641,38.4427],[-28.0461,38.4326],[-28.0389,38.4089],[-28.0533,38.3988],[-28.0857,38.3988],[-28.1613,38.4072],[-28.1865,38.4056],[-28.2045,38.4005],[-28.2405,38.3769],[-28.2549,38.3819],[-28.2621,38.3954],[-28.2729,38.4056],[-28.2981,38.4106],[-28.4385,38.414],[-28.4601,38.4056],[-28.5249,38.4545],[-28.5501,38.4849],[-28.5501,38.5288],[-28.5177,38.5508],[-28.4853,38.5575],[-28.4133,38.5558],[-28.3737,38.5508],[-28.2729,38.5018],[-28.2405,38.49],[-28.2369,38.4883],[-28.2261,38.4849],[-28.2081,38.4714],[-28.1973,38.468],[-28.1757,38.4647],[-28.1109,38.4461]]]}},{"type":"Feature","properties":{},"geometry":{"type":"Polygon","coordinates":[[[-28.6113,38.5981],[-28.5969,38.5525],[-28.6041,38.5508],[-28.6365,38.5406],[-28.6437,38.5356],[-28.6365,38.5288],[-28.6365,38.5254],[-28.6329,38.5238],[-28.6221,38.5221],[-28.6365,38.5153],[-28.6473,38.5153],[-28.6725,38.5221],[-28.6833,38.5221],[-28.7157,38.5153],[-28.7265,38.5153],[-28.7481,38.5238],[-28.7769,38.5542],[-28.7949,38.5694],[-28.8417,38.5913],[-28.8417,38.5997],[-28.8093,38.6048],[-28.7805,38.6048],[-28.7661,38.6065],[-28.7553,38.6116],[-28.7445,38.62],[-28.7301,38.6386],[-28.7193,38.6453],[-28.6329,38.6133],[-28.6113,38.5981]]]}},{"type":"Feature","properties":{},"geometry":{"type":"Polygon","coordinates":[[[-27.8913,38.6048],[-27.8157,38.5829],[-27.7797,38.5677],[-27.7617,38.5491],[-27.7761,38.544],[-27.7977,38.5423],[-27.8373,38.5423],[-27.8517,38.5474],[-27.8841,38.5609],[-27.9165,38.566],[-27.9309,38.571],[-27.9489,38.5778],[-27.9633,38.5862],[-27.9777,38.593],[-28.0029,38.5896],[-28.0209,38.5981],[-28.0353,38.5896],[-28.0425,38.5947],[-28.0605,38.6116],[-28.0749,38.6183],[-28.1793,38.6453],[-28.1973,38.6555],[-28.2153,38.6825],[-28.2225,38.6859],[-28.2297,38.6859],[-28.2333,38.6825],[-28.2369,38.6825],[-28.2477,38.6859],[-28.2513,38.6892],[-28.2477,38.6943],[-28.2477,38.6977],[-28.2585,38.6994],[-28.2657,38.7027],[-28.3125,38.7348],[-28.3161,38.7416],[-28.3161,38.7551],[-28.2981,38.75],[-28.2657,38.7315],[-28.2513,38.7281],[-28.2333,38.7264],[-28.0353,38.6656],[-27.8913,38.6048]]]}},{"type":"Feature","properties":{},"geometry":{"type":"Polygon","coordinates":[[[1.5246,38.6774],[1.5642,38.6909],[1.5822,38.6757],[1.5822,38.6538],[1.557,38.6487],[1.5246,38.6487],[1.4742,38.674],[1.4598,38.6808],[1.4382,38.6707],[1.4274,38.6656],[1.413,38.647],[1.3986,38.6386],[1.3842,38.642],[1.3878,38.6622],[1.3842,38.6707],[1.3842,38.6808],[1.3878,38.6876],[1.395,38.696],[1.395,38.7044],[1.3878,38.7078],[1.3842,38.7112],[1.3878,38.7196],[1.4022,38.7298],[1.4094,38.7247],[1.4166,38.7281],[1.4274,38.7399],[1.431,38.7551],[1.4346,38.7551],[1.4382,38.7534],[1.4382,38.7517],[1.4382,38.75],[1.485,38.6943],[1.5246,38.6774]]]}},{"type":"Feature","properties":{},"geometry":{"type":"Polygon","coordinates":[[[-27.0201,38.6943],[-27.0273,38.6892],[-27.0489,38.6825],[-27.0561,38.6791],[-27.0561,38.6707],[-27.0525,38.6538],[-27.0561,38.6453],[-27.0597,38.642],[-27.0885,38.6318],[-27.1137,38.6386],[-27.1821,38.6386],[-27.2037,38.6521],[-27.2181,38.642],[-27.2289,38.6403],[-27.2541,38.6521],[-27.2793,38.6572],[-27.3045,38.6588],[-27.3261,38.6656],[-27.3513,38.6842],[-27.3729,38.7078],[-27.3837,38.7281],[-27.3909,38.7585],[-27.3693,38.7821],[-27.3333,38.7973],[-27.2973,38.8041],[-27.1461,38.7956],[-27.1173,38.7855],[-27.0741,38.7669],[-27.0417,38.745],[-27.0381,38.7247],[-27.0417,38.7146],[-27.0345,38.7078],[-27.0237,38.7027],[-27.0201,38.6943]]]}},{"type":"Feature","properties":{},"geometry":{"type":"Polygon","coordinates":[[[20.5868,38.6183],[20.576,38.6082],[20.5652,38.593],[20.5508,38.5694],[20.5436,38.5694],[20.5436,38.5947],[20.5616,38.6909],[20.5796,38.7247],[20.5868,38.745],[20.6012,38.7821],[20.612,38.7855],[20.6192,38.7956],[20.6336,38.8159],[20.6444,38.8277],[20.6624,38.8412],[20.6876,38.8497],[20.6876,38.8463],[20.6912,38.8412],[20.702,38.8361],[20.7164,38.8226],[20.7236,38.8074],[20.7236,38.7939],[20.7308,38.7821],[20.7236,38.7703],[20.7236,38.7602],[20.7272,38.7517],[20.7308,38.745],[20.7308,38.7365],[20.7272,38.7315],[20.7236,38.7247],[20.702,38.6977],[20.6984,38.6892],[20.6984,38.6825],[20.7056,38.6808],[20.7092,38.6876],[20.7164,38.6994],[20.7236,38.7078],[20.7236,38.6926],[20.72,38.6386],[20.7164,38.6268],[20.7092,38.6251],[20.702,38.6386],[20.6948,38.6386],[20.6984,38.6335],[20.702,38.6183],[20.6984,38.62],[20.6876,38.6251],[20.6876,38.6166],[20.684,38.6133],[20.684,38.6099],[20.6804,38.6048],[20.666,38.6116],[20.648,38.6082],[20.6408,38.5997],[20.648,38.5896],[20.648,38.5845],[20.6372,38.5845],[20.63,38.5879],[20.63,38.5947],[20.6336,38.6048],[20.612,38.6065],[20.6012,38.6268],[20.5868,38.6183]]]}},{"type":"Feature","properties":{},"geometry":{"type":"Polygon","coordinates":[[[24.6764,38.8091],[24.68,38.8074],[24.68,38.8041],[24.6836,38.8007],[24.6836,38.7922],[24.6836,38.7838],[24.68,38.7838],[24.6764,38.7838],[24.6692,38.7821],[24.6656,38.7754],[24.6584,38.7686],[24.6512,38.7686],[24.644,38.7754],[24.6368,38.7754],[24.626,38.7686],[24.6152,38.7737],[24.6044,38.7821],[24.6008,38.7922],[24.5936,38.7922],[24.5828,38.7872],[24.5684,38.7787],[24.5684,38.7618],[24.5324,38.7956],[24.5756,38.8091],[24.5648,38.8378],[24.5576,38.8463],[24.5468,38.8361],[24.5396,38.8361],[24.536,38.848],[24.5288,38.8513],[24.518,38.8497],[24.5036,38.8446],[24.5036,38.8547],[24.482,38.8632],[24.4784,38.8784],[24.4748,38.8767],[24.4712,38.8716],[24.464,38.88],[24.4532,38.8851],[24.446,38.8834],[24.4352,38.8784],[24.4352,38.8885],[24.4388,38.8969],[24.446,38.9037],[24.4532,38.9054],[24.4604,38.9104],[24.464,38.9223],[24.4568,38.9408],[24.4568,38.9543],[24.4604,38.9679],[24.4712,38.9763],[24.4928,38.9814],[24.5612,38.9442],[24.5756,38.9324],[24.5756,38.9223],[24.572,38.8986],[24.5756,38.8851],[24.5792,38.875],[24.5828,38.8716],[24.6008,38.8649],[24.644,38.8412],[24.662,38.826],[24.6764,38.8091]]]}},{"type":"Feature","properties":{},"geometry":{"type":"Polygon","coordinates":[[[1.6074,39.0911],[1.6002,39.0827],[1.6074,39.0624],[1.6218,39.0286],[1.6074,39.0286],[1.593,39.0202],[1.5858,39.0067],[1.5822,38.9915],[1.575,38.9864],[1.5426,38.9679],[1.5102,38.9307],[1.4958,38.9223],[1.4706,38.9104],[1.4598,38.9003],[1.4562,38.9037],[1.449,38.9088],[1.4454,38.9138],[1.4274,38.8969],[1.413,38.8902],[1.4058,38.8564],[1.4022,38.8328],[1.3698,38.8311],[1.3626,38.8513],[1.3446,38.8632],[1.3302,38.8581],[1.323,38.8581],[1.3194,38.8598],[1.3086,38.8581],[1.3014,38.8699],[1.2834,38.875],[1.2654,38.8699],[1.2582,38.8581],[1.2294,38.875],[1.215,38.8851],[1.2114,38.9037],[1.2258,38.9273],[1.2258,38.9425],[1.2186,38.9543],[1.2258,38.9594],[1.2366,38.9645],[1.2474,38.9662],[1.2582,38.9611],[1.269,38.9662],[1.2762,38.9679],[1.3014,38.9679],[1.2906,39.0101],[1.2942,39.0337],[1.305,39.0438],[1.3158,39.0472],[1.3338,39.0573],[1.3554,39.0776],[1.3626,39.0776],[1.3734,39.0709],[1.3914,39.0827],[1.4022,39.0776],[1.4238,39.0911],[1.449,39.1013],[1.4778,39.108],[1.4994,39.1046],[1.5102,39.1148],[1.521,39.1181],[1.5354,39.1181],[1.5534,39.108],[1.5606,39.1063],[1.5786,39.1046],[1.5894,39.1029],[1.5966,39.0979],[1.6074,39.0911]]]}},{"type":"Feature","properties":{},"geometry":{"type":"Polygon","coordinates":[[[-31.2069,39.5082],[-31.1997,39.5014],[-31.1853,39.4964],[-31.1745,39.4947],[-31.1601,39.5014],[-31.1421,39.4829],[-31.1313,39.466],[-31.1313,39.4238],[-31.1385,39.4001],[-31.1565,39.3731],[-31.1781,39.3562],[-31.1925,39.3647],[-31.2141,39.3579],[-31.2357,39.3562],[-31.2537,39.3579],[-31.2681,39.3647],[-31.2789,39.3782],[-31.2861,39.3984],[-31.2861,39.4153],[-31.2753,39.4255],[-31.2825,39.4423],[-31.2753,39.4575],[-31.2681,39.4727],[-31.2609,39.4913],[-31.2573,39.5082],[-31.2393,39.5183],[-31.2177,39.5217],[-31.1997,39.5217],[-31.2069,39.5082]]]}},{"type":"Feature","properties":{},"geometry":{"type":"Polygon","coordinates":[[[20.0936,39.4339],[20.0972,39.4221],[20.1044,39.3917],[20.1188,39.3782],[20.1188,39.3714],[20.1044,39.3647],[20.0972,39.3697],[20.072,39.3765],[20.0504,39.39],[20.0324,39.3951],[20.0144,39.3984],[20,39.4001],[19.9892,39.4035],[19.964,39.4204],[19.9532,39.4255],[19.9388,39.4271],[19.9244,39.4271],[19.91,39.4305],[19.9064,39.4356],[19.9136,39.4339],[19.9208,39.4373],[19.928,39.4474],[19.892,39.4559],[19.8812,39.4609],[19.8776,39.4575],[19.8776,39.4542],[19.8776,39.4525],[19.8668,39.4694],[19.856,39.4896],[19.8488,39.5099],[19.8416,39.5521],[19.8272,39.5724],[19.8092,39.5893],[19.784,39.6044],[19.7624,39.6129],[19.748,39.6196],[19.7228,39.6669],[19.7192,39.6737],[19.7012,39.6737],[19.6904,39.6737],[19.6796,39.6804],[19.676,39.6939],[19.676,39.7159],[19.6724,39.7243],[19.6544,39.7142],[19.6544,39.7311],[19.6508,39.7412],[19.64,39.748],[19.6256,39.748],[19.6364,39.7564],[19.6616,39.7851],[19.6688,39.7936],[19.676,39.7953],[19.7696,39.7986],[19.7984,39.802],[19.8236,39.8121],[19.8524,39.824],[19.8668,39.8206],[19.874,39.8155],[19.8812,39.8088],[19.892,39.8037],[19.9172,39.7969],[19.928,39.7919],[19.9352,39.7834],[19.9424,39.7834],[19.9424,39.7902],[19.9496,39.7902],[19.946,39.7598],[19.9352,39.7412],[19.9136,39.7311],[19.8524,39.7108],[19.8416,39.7041],[19.8344,39.6923],[19.838,39.6804],[19.8488,39.6703],[19.8596,39.6669],[19.8596,39.6585],[19.8452,39.6585],[19.8452,39.6534],[19.9028,39.6298],[19.928,39.6247],[19.9244,39.6028],[19.9172,39.5994],[19.8992,39.6044],[19.9136,39.5842],[19.9316,39.4795],[19.9352,39.4727],[19.9496,39.4677],[19.9604,39.4626],[19.9892,39.4592],[20.0036,39.4542],[20.0252,39.4407],[20.0324,39.439],[20.0504,39.4407],[20.0648,39.444],[20.0756,39.4491],[20.0828,39.4474],[20.0936,39.4339]]]}},{"type":"Feature","properties":{},"geometry":{"type":"Polygon","coordinates":[[[25.4505,40.0367],[25.4397,40.0266],[25.4361,40.0232],[25.4361,40.0165],[25.4433,40.0165],[25.4433,40.0148],[25.4433,40.0114],[25.4469,40.003],[25.4469,39.9928],[25.4505,39.9878],[25.4253,39.9776],[25.4001,39.9641],[25.3857,39.9439],[25.3893,39.9202],[25.3749,39.9202],[25.3641,39.9168],[25.3569,39.9118],[25.3497,39.9067],[25.3605,39.8999],[25.3677,39.8983],[25.3533,39.8932],[25.3425,39.8831],[25.3389,39.8746],[25.3569,39.8662],[25.3425,39.8544],[25.3497,39.8442],[25.3605,39.8341],[25.3677,39.824],[25.3713,39.8172],[25.3677,39.8155],[25.3641,39.8155],[25.3569,39.8105],[25.3533,39.8037],[25.3533,39.7936],[25.3497,39.7885],[25.3389,39.7936],[25.3317,39.7953],[25.3029,39.8037],[25.2957,39.8071],[25.2921,39.8172],[25.2921,39.8257],[25.2921,39.8307],[25.2741,39.8358],[25.2561,39.856],[25.2381,39.8577],[25.2633,39.8712],[25.2741,39.8797],[25.2813,39.8898],[25.2741,39.9033],[25.2633,39.9135],[25.2525,39.9185],[25.2381,39.9202],[25.1985,39.8932],[25.2057,39.8932],[25.2129,39.8915],[25.2201,39.8898],[25.2237,39.8848],[25.2057,39.8831],[25.1949,39.8729],[25.1841,39.8594],[25.1769,39.8442],[25.1841,39.8476],[25.1877,39.8493],[25.1913,39.8527],[25.2021,39.8408],[25.2129,39.824],[25.2201,39.8105],[25.2129,39.8037],[25.1913,39.8037],[25.1769,39.8071],[25.1445,39.8172],[25.1661,39.8442],[25.1697,39.8493],[25.1661,39.8594],[25.1553,39.856],[25.1409,39.8459],[25.1373,39.8375],[25.1301,39.8375],[25.1301,39.8459],[25.1265,39.8493],[25.1229,39.8527],[25.1229,39.8577],[25.0653,39.8442],[25.0545,39.8375],[25.0473,39.8375],[25.0509,39.8442],[25.0545,39.8493],[25.0581,39.8544],[25.0689,39.8577],[25.0617,39.8594],[25.0545,39.8645],[25.0473,39.8662],[25.0473,39.8746],[25.0473,39.878],[25.0545,39.8831],[25.0617,39.8848],[25.0617,39.8932],[25.0545,39.8932],[25.0545,39.8983],[25.0581,39.8999],[25.0617,39.9016],[25.0689,39.9067],[25.0617,39.9067],[25.0689,39.9202],[25.0653,39.9303],[25.0545,39.9371],[25.0473,39.9472],[25.0473,39.9624],[25.0473,39.9742],[25.0437,39.9844],[25.0329,39.9878],[25.0329,39.9945],[25.0689,39.9962],[25.1337,40.008],[25.1409,40.0063],[25.1481,40.003],[25.1517,39.9979],[25.1553,39.9945],[25.1733,39.9962],[25.2237,40.008],[25.2489,40.003],[25.2597,39.9911],[25.2741,39.9759],[25.2885,39.9607],[25.2849,39.954],[25.3065,39.9607],[25.3353,39.9726],[25.3497,39.981],[25.3497,39.9911],[25.3677,40.0148],[25.3821,40.0232],[25.3857,40.0215],[25.4145,40.0232],[25.4217,40.0249],[25.4505,40.0367]]]}},{"type":"Feature","properties":{},"geometry":{"type":"Polygon","coordinates":[[[26.0121,40.1667],[26.0121,40.1465],[25.9905,40.1364],[25.9689,40.1313],[25.9005,40.1228],[25.8573,40.1076],[25.7673,40.0975],[25.7457,40.0975],[25.7205,40.1043],[25.7097,40.1093],[25.7061,40.1161],[25.6629,40.1262],[25.6629,40.133],[25.6845,40.16],[25.7205,40.187],[25.7601,40.2073],[25.8285,40.2174],[25.9149,40.241],[25.9257,40.2427],[25.9365,40.241],[25.9437,40.2377],[25.9509,40.2292],[25.9581,40.2225],[25.9725,40.2208],[25.9725,40.214],[25.9689,40.2056],[25.9689,40.1938],[25.9689,40.1803],[25.9725,40.1735],[25.9617,40.1566],[25.9725,40.1532],[25.9905,40.1566],[26.0049,40.1667],[26.0121,40.1667]]]}},{"type":"Feature","properties":{},"geometry":{"type":"Polygon","coordinates":[[[25.6917,40.447],[25.6953,40.4319],[25.6809,40.4234],[25.5909,40.3981],[25.5657,40.3998],[25.5333,40.415],[25.4649,40.4555],[25.4505,40.469],[25.4433,40.4825],[25.4613,40.4808],[25.5189,40.5078],[25.5477,40.5146],[25.5765,40.5146],[25.6557,40.496],[25.6737,40.4876],[25.6881,40.4758],[25.6989,40.4606],[25.6917,40.447]]]}},{"type":"Feature","properties":{},"geometry":{"type":"Polygon","coordinates":[[[24.788,40.7358],[24.7664,40.7341],[24.7592,40.724],[24.7664,40.7122],[24.788,40.7071],[24.788,40.6885],[24.77,40.6834],[24.7664,40.6699],[24.7736,40.6395],[24.7808,40.6277],[24.7808,40.621],[24.7808,40.6125],[24.7736,40.6108],[24.7556,40.6193],[24.752,40.6159],[24.7448,40.6092],[24.7268,40.6024],[24.6944,40.599],[24.68,40.5956],[24.6584,40.5771],[24.644,40.5703],[24.6368,40.5804],[24.6296,40.5872],[24.6152,40.599],[24.6116,40.599],[24.6044,40.5973],[24.6008,40.599],[24.6008,40.6007],[24.6008,40.6092],[24.6008,40.6125],[24.5864,40.6227],[24.5792,40.6243],[24.554,40.6311],[24.5324,40.6311],[24.518,40.6395],[24.5108,40.6666],[24.518,40.6919],[24.5324,40.7189],[24.5684,40.7561],[24.644,40.8033],[24.6728,40.7915],[24.716,40.7881],[24.7304,40.7831],[24.734,40.778],[24.7376,40.7679],[24.7448,40.7594],[24.7556,40.7561],[24.7664,40.7544],[24.7736,40.7493],[24.7808,40.7425],[24.788,40.7358]]]}},{"type":"Feature","properties":{},"geometry":{"type":"Polygon","coordinates":[[[10.4419,42.8448],[10.4347,42.8381],[10.4311,42.8279],[10.4311,42.8161],[10.4383,42.8043],[10.4311,42.7874],[10.4203,42.7756],[10.4059,42.7688],[10.3879,42.7638],[10.4095,42.757],[10.4239,42.7401],[10.4311,42.7216],[10.4167,42.7081],[10.4095,42.7182],[10.4023,42.7182],[10.3915,42.7182],[10.3807,42.7233],[10.3771,42.7283],[10.3663,42.7452],[10.3627,42.7503],[10.3519,42.7553],[10.3375,42.7655],[10.3267,42.7655],[10.3123,42.7435],[10.3051,42.7604],[10.2655,42.7452],[10.2439,42.757],[10.2403,42.7418],[10.2367,42.7351],[10.2295,42.7351],[10.1467,42.7368],[10.1251,42.7435],[10.1071,42.757],[10.0999,42.784],[10.1107,42.8009],[10.1323,42.8127],[10.1575,42.8178],[10.1791,42.8195],[10.1899,42.8161],[10.2115,42.8077],[10.2259,42.8043],[10.2439,42.8026],[10.2655,42.8043],[10.2655,42.8094],[10.2655,42.8111],[10.2619,42.8111],[10.2583,42.8127],[10.2727,42.8195],[10.2727,42.8263],[10.2727,42.8279],[10.2907,42.8263],[10.3267,42.8263],[10.3231,42.8111],[10.3339,42.806],[10.3483,42.806],[10.3555,42.8077],[10.3591,42.8178],[10.3663,42.8229],[10.3735,42.8263],[10.3807,42.833],[10.3915,42.8583],[10.3987,42.8685],[10.4131,42.8735],[10.4203,42.8702],[10.4311,42.8651],[10.4383,42.855],[10.4419,42.8448]]]}},{"type":"Feature","properties":{},"geometry":{"type":"Polygon","coordinates":[[[17.1308,42.9698],[17.1488,42.9529],[17.1632,42.9411],[17.1992,42.9225],[17.192,42.9141],[17.174,42.9225],[17.1524,42.9208],[17.1092,42.9141],[17.0156,42.9293],[16.9724,42.9259],[16.9004,42.9056],[16.85,42.9006],[16.7384,42.9174],[16.6916,42.9276],[16.6736,42.9276],[16.6736,42.9225],[16.6556,42.9259],[16.6376,42.9343],[16.706,42.9613],[16.706,42.9698],[16.688,42.9732],[16.6484,42.9782],[16.6304,42.9833],[16.652,42.9917],[16.6736,42.9934],[16.6988,42.99],[16.7204,42.99],[16.742,42.9799],[16.7672,42.9715],[16.8248,42.9613],[16.8788,42.9613],[16.8932,42.9647],[16.9148,42.9748],[17.0336,42.9833],[17.1128,42.9647],[17.1308,42.9698]]]}},{"type":"Feature","properties":{},"geometry":{"type":"Polygon","coordinates":[[[16.6916,43.1268],[16.67,43.1251],[16.5584,43.1437],[16.4756,43.1657],[16.4468,43.1707],[16.4288,43.1792],[16.4144,43.1825],[16.3712,43.1961],[16.3748,43.1994],[16.382,43.2028],[16.3928,43.2028],[16.4036,43.1977],[16.4144,43.1977],[16.4396,43.2096],[16.4468,43.2028],[16.4504,43.2062],[16.4612,43.2163],[16.4612,43.2096],[16.4972,43.218],[16.526,43.2045],[16.5548,43.1876],[16.5836,43.1893],[16.5548,43.2096],[16.5296,43.2214],[16.5188,43.2298],[16.5368,43.2281],[16.562,43.2298],[16.5836,43.2163],[16.5872,43.2163],[16.598,43.2214],[16.6052,43.2231],[16.616,43.2231],[16.6448,43.2197],[16.6592,43.2163],[16.6664,43.2112],[16.6736,43.2028],[16.6808,43.1944],[16.6916,43.1893],[16.6952,43.1842],[16.6916,43.1825],[16.688,43.1825],[16.706,43.1707],[16.7276,43.164],[16.7528,43.1623],[16.8464,43.1623],[16.8644,43.169],[16.8788,43.1589],[16.8968,43.1555],[16.958,43.1521],[17.0192,43.1403],[17.1092,43.1437],[17.156,43.1403],[17.192,43.1268],[16.9436,43.1268],[16.6916,43.1268]]]}},{"type":"Feature","properties":{},"geometry":{"type":"Polygon","coordinates":[[[16.5008,43.2839],[16.4216,43.3176],[16.4072,43.3328],[16.4144,43.3294],[16.418,43.3244],[16.4252,43.3244],[16.4252,43.3311],[16.4288,43.3328],[16.436,43.3311],[16.4396,43.3328],[16.436,43.3396],[16.436,43.3463],[16.4432,43.3514],[16.454,43.3531],[16.4396,43.3717],[16.4252,43.3936],[16.4468,43.3953],[16.454,43.3936],[16.4936,43.3818],[16.688,43.3767],[16.8104,43.3531],[16.8104,43.3463],[16.796,43.3463],[16.8068,43.343],[16.8176,43.3396],[16.8248,43.3413],[16.832,43.3463],[16.8392,43.3413],[16.8572,43.3244],[16.868,43.3227],[16.8788,43.3227],[16.886,43.3227],[16.8932,43.3126],[16.8788,43.294],[16.8716,43.2872],[16.8644,43.2923],[16.8464,43.2737],[16.814,43.267],[16.6268,43.2636],[16.5656,43.2703],[16.5008,43.2839]]]}},{"type":"Feature","properties":{},"geometry":{"type":"Polygon","coordinates":[[[15.1436,43.9492],[15.2156,43.912],[15.2192,43.9019],[15.194,43.8951],[15.1472,43.9238],[15.1328,43.9205],[15.1364,43.9171],[15.14,43.9137],[15.1436,43.9086],[15.1688,43.8951],[15.176,43.8917],[15.1832,43.8867],[15.1904,43.8867],[15.1976,43.8867],[15.1976,43.8782],[15.194,43.8732],[15.1832,43.8765],[15.176,43.885],[15.1724,43.8867],[15.1364,43.9036],[15.122,43.912],[15.1076,43.9255],[15.068,43.9694],[15.0428,43.9897],[15.0032,44.0522],[14.9815,44.0657],[14.9563,44.0758],[14.8699,44.1417],[14.8663,44.1518],[14.8627,44.1602],[14.8483,44.1754],[14.8555,44.1771],[14.8591,44.1754],[14.8627,44.1754],[14.8843,44.1585],[14.9383,44.1265],[14.9455,44.1197],[14.9491,44.1113],[14.9527,44.1028],[14.9635,44.0994],[14.9779,44.0961],[14.9851,44.091],[14.9923,44.0876],[15.0068,44.0927],[15.0032,44.0826],[14.9995,44.0792],[15.014,44.0775],[15.0212,44.0724],[15.0284,44.0623],[15.0284,44.0488],[15.032,44.037],[15.0428,44.0268],[15.0896,43.9897],[15.1004,43.9846],[15.1148,43.9846],[15.1184,43.9796],[15.1436,43.9492]]]}},{"type":"Feature","properties":{},"geometry":{"type":"Polygon","coordinates":[[[14.8771,44.5604],[14.8663,44.5672],[14.7619,44.6584],[14.7439,44.6803],[14.7331,44.704],[14.7367,44.704],[14.7403,44.7023],[14.7799,44.6702],[14.8447,44.6009],[14.8843,44.579],[14.8807,44.6094],[14.9023,44.6094],[14.9383,44.5942],[14.9671,44.5739],[14.9887,44.5469],[15.0032,44.5368],[15.0428,44.5267],[15.0536,44.5165],[15.0608,44.5013],[15.0752,44.4844],[15.0572,44.4861],[15.0284,44.503],[15.0068,44.5047],[15.0104,44.5148],[15.014,44.5182],[14.9743,44.5368],[14.9527,44.5418],[14.9419,44.5469],[14.9275,44.552],[14.9095,44.552],[14.9095,44.5452],[14.9671,44.5233],[15.0464,44.4388],[15.0968,44.4152],[15.0824,44.4253],[15.0644,44.4372],[15.05,44.4557],[15.0428,44.476],[15.0824,44.4625],[15.176,44.3916],[15.1976,44.3814],[15.212,44.3696],[15.2408,44.351],[15.2552,44.3392],[15.2336,44.3358],[15.212,44.346],[15.1868,44.3595],[15.1652,44.3679],[15.1652,44.3612],[15.1832,44.3578],[15.2012,44.3494],[15.2156,44.3375],[15.2264,44.3257],[15.2084,44.3257],[15.2084,44.3206],[15.212,44.3173],[15.2156,44.3156],[15.2192,44.3122],[15.1976,44.3173],[15.1544,44.3308],[15.1292,44.3325],[15.1292,44.3257],[15.1724,44.3054],[15.1724,44.2987],[15.1508,44.3038],[15.1292,44.3122],[15.1112,44.324],[15.0968,44.3392],[15.0968,44.346],[15.1112,44.346],[15.1112,44.3544],[15.104,44.3578],[15.0968,44.3612],[15.0896,44.3747],[15.1004,44.373],[15.1076,44.3747],[15.1112,44.3797],[15.1184,44.3865],[15.0932,44.4],[15.0824,44.4017],[15.0752,44.4],[15.0572,44.3949],[15.05,44.3949],[15.0392,44.4034],[15.0212,44.4304],[14.9599,44.4659],[14.9491,44.4676],[14.8987,44.4912],[14.8987,44.4963],[14.9023,44.4979],[14.9131,44.503],[14.9203,44.5047],[14.9059,44.5216],[14.8771,44.552],[14.8771,44.5604]]]}},{"type":"Feature","properties":{},"geometry":{"type":"Polygon","coordinates":[[[14.7403,44.7782],[14.7403,44.7698],[14.7439,44.7664],[14.7547,44.758],[14.7403,44.7647],[14.7259,44.7681],[14.7115,44.7681],[14.7007,44.7647],[14.6575,44.7985],[14.6719,44.8002],[14.6827,44.7985],[14.6935,44.7968],[14.7043,44.7918],[14.7043,44.7985],[14.7007,44.8019],[14.7007,44.8036],[14.7007,44.807],[14.7007,44.8137],[14.7151,44.8036],[14.7187,44.7985],[14.7259,44.7985],[14.7151,44.8188],[14.7043,44.8272],[14.6935,44.834],[14.6899,44.8373],[14.6863,44.8475],[14.7079,44.8458],[14.7259,44.8407],[14.7223,44.8441],[14.7187,44.8542],[14.7403,44.8542],[14.7547,44.8458],[14.7547,44.8357],[14.7403,44.8272],[14.7403,44.8205],[14.7475,44.8171],[14.7871,44.7901],[14.8123,44.7799],[14.8231,44.7715],[14.8519,44.7377],[14.8591,44.7175],[14.8483,44.704],[14.8231,44.7208],[14.7727,44.7597],[14.7403,44.7782]]]}},{"type":"Feature","properties":{},"geometry":{"type":"Polygon","coordinates":[[[14.5135,44.6617],[14.5063,44.6533],[14.5099,44.6449],[14.5135,44.6415],[14.5279,44.6482],[14.5351,44.6347],[14.5279,44.628],[14.5207,44.6212],[14.5135,44.6195],[14.5027,44.6195],[14.4739,44.6195],[14.4271,44.6567],[14.3947,44.7073],[14.3983,44.7512],[14.3911,44.7529],[14.3911,44.7546],[14.3875,44.7563],[14.3839,44.758],[14.3731,44.7546],[14.3695,44.7614],[14.3659,44.7749],[14.3623,44.807],[14.3623,44.8154],[14.3551,44.8205],[14.3443,44.8205],[14.3299,44.834],[14.3155,44.8931],[14.2939,44.9083],[14.2939,44.9133],[14.2975,44.9167],[14.3011,44.9218],[14.2939,44.9404],[14.3011,44.9437],[14.3263,44.937],[14.3335,44.9319],[14.3515,44.9133],[14.3587,44.9083],[14.3767,44.9083],[14.3875,44.9083],[14.3947,44.915],[14.3983,44.9285],[14.3947,44.9353],[14.3875,44.9505],[14.3911,44.9606],[14.4055,44.9488],[14.4127,44.9555],[14.3911,44.9691],[14.3767,44.9876],[14.3479,45.0467],[14.3407,45.0552],[14.2867,45.1008],[14.2795,45.1126],[14.2759,45.1278],[14.2903,45.148],[14.3011,45.1616],[14.3119,45.1717],[14.3335,45.1751],[14.3551,45.17],[14.3623,45.1582],[14.3587,45.1177],[14.3623,45.094],[14.3695,45.0754],[14.3875,45.0383],[14.4127,45.0028],[14.4163,44.9978],[14.4307,44.991],[14.4523,44.9876],[14.4667,44.9843],[14.4739,44.9707],[14.4703,44.9539],[14.4631,44.9353],[14.4523,44.9218],[14.4595,44.915],[14.4487,44.8981],[14.4487,44.8829],[14.4523,44.8509],[14.4631,44.8222],[14.4667,44.8053],[14.4523,44.7985],[14.4559,44.7884],[14.4703,44.7732],[14.4739,44.7647],[14.4739,44.7546],[14.4667,44.7428],[14.4667,44.7293],[14.4739,44.7073],[14.4847,44.6921],[14.5027,44.6786],[14.5135,44.6617]]]}},{"type":"Feature","properties":{},"geometry":{"type":"Polygon","coordinates":[[[14.7223,44.9437],[14.7079,44.9471],[14.6575,44.9707],[14.6287,44.9775],[14.6251,44.9859],[14.6251,45.0011],[14.6251,45.0366],[14.6215,45.045],[14.6035,45.0383],[14.6035,45.0315],[14.6179,45.0248],[14.5891,45.0231],[14.5099,45.0315],[14.4847,45.0383],[14.4595,45.0518],[14.4379,45.0704],[14.4235,45.0873],[14.4343,45.0957],[14.4415,45.0991],[14.4523,45.1008],[14.4631,45.1008],[14.4667,45.1058],[14.4667,45.1143],[14.4667,45.1244],[14.4775,45.1278],[14.5135,45.1295],[14.5315,45.1345],[14.5207,45.148],[14.5351,45.1616],[14.5387,45.17],[14.5423,45.1784],[14.5387,45.1869],[14.5351,45.1936],[14.5351,45.2021],[14.5495,45.2105],[14.5495,45.2207],[14.5495,45.2308],[14.5423,45.2359],[14.5351,45.2375],[14.5495,45.2494],[14.5639,45.2494],[14.5963,45.2375],[14.5855,45.2375],[14.5819,45.2375],[14.5855,45.2308],[14.5855,45.224],[14.5927,45.2207],[14.5963,45.2173],[14.6107,45.1987],[14.6251,45.1751],[14.5963,45.1666],[14.6143,45.1599],[14.6431,45.1565],[14.6647,45.1616],[14.6719,45.143],[14.6575,45.1075],[14.6647,45.0873],[14.6791,45.0771],[14.6971,45.0738],[14.7403,45.0738],[14.7403,45.045],[14.8015,45.0045],[14.8159,44.9775],[14.8087,44.9775],[14.7979,44.9707],[14.7835,44.9691],[14.7727,44.9707],[14.7619,44.9775],[14.7475,44.9707],[14.7475,44.964],[14.7619,44.9555],[14.7583,44.9488],[14.7403,44.9454],[14.7223,44.9437]]]}},{"type":"Feature","properties":{},"geometry":{"type":"Polygon","coordinates":[[[-1.2186,45.9434],[-1.2258,45.9349],[-1.215,45.9282],[-1.1862,45.9164],[-1.179,45.9062],[-1.1754,45.8995],[-1.1826,45.8556],[-1.1934,45.8302],[-1.2078,45.8133],[-1.2258,45.8201],[-1.2402,45.8539],[-1.251,45.8674],[-1.2618,45.8826],[-1.3194,45.9282],[-1.341,45.9383],[-1.3626,45.9569],[-1.377,45.9755],[-1.3734,45.9856],[-1.3734,45.9957],[-1.3842,46.0177],[-1.4058,46.0531],[-1.3734,46.0497],[-1.341,46.0379],[-1.3086,46.021],[-1.2834,46.0025],[-1.2726,45.9974],[-1.2618,46.0008],[-1.2474,46.0025],[-1.233,45.9923],[-1.2294,45.9788],[-1.2294,45.9687],[-1.2294,45.9586],[-1.2186,45.9501],[-1.2186,45.9434]]]}},{"type":"Feature","properties":{},"geometry":{"type":"Polygon","coordinates":[[[-2.0826,49.2597],[-2.0682,49.2513],[-2.0214,49.2361],[-2.0214,49.226],[-2.0178,49.2209],[-2.0106,49.2158],[-2.007,49.2125],[-2.0178,49.2074],[-2.0214,49.2006],[-2.0214,49.1922],[-2.0214,49.1821],[-2.025,49.1719],[-2.0322,49.1719],[-2.0394,49.1753],[-2.0502,49.1787],[-2.079,49.1787],[-2.097,49.1837],[-2.1186,49.1989],[-2.1294,49.2023],[-2.1366,49.2057],[-2.1438,49.2057],[-2.1546,49.2006],[-2.1618,49.1905],[-2.169,49.1787],[-2.1762,49.1804],[-2.1906,49.1888],[-2.2014,49.1922],[-2.2014,49.1905],[-2.223,49.1854],[-2.2338,49.1837],[-2.2266,49.2057],[-2.2338,49.2293],[-2.241,49.2479],[-2.241,49.2597],[-2.2302,49.2631],[-2.2158,49.2597],[-2.1978,49.253],[-2.1834,49.2547],[-2.1726,49.2564],[-2.1618,49.2597],[-2.151,49.2665],[-2.1438,49.2614],[-2.1222,49.258],[-2.1114,49.253],[-2.1042,49.258],[-2.097,49.2597],[-2.0826,49.2597]]]}},{"type":"Feature","properties":{},"geometry":{"type":"Polygon","coordinates":[[[-1.0818,50.7136],[-1.0638,50.6933],[-1.0638,50.6849],[-1.0674,50.6849],[-1.071,50.6832],[-1.071,50.6815],[-1.0746,50.6781],[-1.1142,50.6714],[-1.1286,50.6663],[-1.1574,50.6511],[-1.161,50.6461],[-1.1646,50.641],[-1.1646,50.619],[-1.1646,50.6089],[-1.1682,50.6038],[-1.2798,50.5819],[-1.3158,50.5886],[-1.4454,50.6477],[-1.4526,50.6545],[-1.485,50.6697],[-1.4958,50.6731],[-1.5354,50.6697],[-1.5498,50.6646],[-1.5678,50.6579],[-1.5462,50.6866],[-1.5066,50.7085],[-1.4202,50.7339],[-1.4202,50.7305],[-1.4238,50.7237],[-1.4238,50.7204],[-1.4022,50.722],[-1.377,50.7339],[-1.3446,50.7609],[-1.3194,50.7727],[-1.2942,50.7727],[-1.143,50.7339],[-1.1178,50.7339],[-1.1106,50.7322],[-1.0962,50.7271],[-1.0962,50.7237],[-1.0962,50.7153],[-1.0962,50.7136],[-1.0926,50.7119],[-1.0854,50.7136],[-1.0818,50.7136]]]}},{"type":"Feature","properties":{},"geometry":{"type":"Polygon","coordinates":[[[4.0374,51.6862],[4.077,51.6778],[4.0986,51.671],[4.0986,51.6541],[4.0878,51.644],[4.0734,51.6372],[4.0554,51.6322],[3.9762,51.6237],[3.9618,51.6237],[3.9222,51.6322],[3.9006,51.6423],[3.8934,51.6558],[3.8862,51.6676],[3.8682,51.6761],[3.8322,51.6862],[3.825,51.6896],[3.8178,51.6947],[3.8106,51.6997],[3.7962,51.6997],[3.771,51.6812],[3.7638,51.6778],[3.7206,51.6761],[3.699,51.6812],[3.6882,51.693],[3.6882,51.7251],[3.7242,51.7403],[3.8106,51.747],[3.8142,51.7487],[3.8322,51.747],[3.843,51.7436],[3.9402,51.7419],[3.9618,51.7386],[3.9762,51.7301],[4.0158,51.7014],[4.0194,51.6964],[4.0266,51.6913],[4.0374,51.6862]]]}},{"type":"Feature","properties":{},"geometry":{"type":"Polygon","coordinates":[[[4.8942,53.1114],[4.8942,53.1046],[4.9122,53.1046],[4.905,53.0911],[4.8942,53.0759],[4.8654,53.0506],[4.8186,53.0269],[4.797,52.9999],[4.761,52.9949],[4.725,53.0033],[4.707,53.0286],[4.7142,53.054],[4.7322,53.0844],[4.7574,53.108],[4.8042,53.1333],[4.8294,53.1637],[4.8546,53.1874],[4.887,53.1874],[4.8906,53.1806],[4.8906,53.1755],[4.8906,53.1705],[4.887,53.1654],[4.9014,53.1519],[4.9086,53.135],[4.9086,53.1181],[4.8942,53.1114]]]}},{"type":"Feature","properties":{},"geometry":{"type":"Polygon","coordinates":[[[-9.9631,53.954],[-9.9523,53.9574],[-9.9415,53.9607],[-9.9307,53.959],[-9.9235,53.954],[-9.9235,53.9472],[-9.9307,53.9388],[-9.9379,53.9236],[-9.9415,53.9067],[-9.9379,53.8932],[-9.9595,53.8814],[-9.9775,53.8864],[-9.9955,53.9016],[-10.0171,53.9135],[-10.0315,53.9135],[-10.0459,53.9118],[-10.0567,53.9135],[-10.0603,53.9236],[-10.0567,53.9388],[-10.0531,53.9489],[-10.0567,53.959],[-10.0675,53.9675],[-10.0855,53.9709],[-10.1611,53.9607],[-10.1899,53.9641],[-10.2403,53.9742],[-10.2655,53.9742],[-10.2655,53.981],[-10.2403,53.9827],[-10.2187,53.9861],[-10.2007,53.9962],[-10.1899,54.0165],[-10.1827,54.0097],[-10.1719,54.008],[-10.1647,54.0097],[-10.1575,54.0165],[-10.1359,53.9996],[-10.1071,54.0046],[-10.0855,54.0165],[-10.0639,54.0232],[-9.9775,54.0215],[-9.9559,54.0165],[-9.9379,53.9894],[-9.9559,53.9894],[-9.9559,53.981],[-9.9559,53.9726],[-9.9595,53.9658],[-9.9631,53.9607],[-9.9631,53.954]]]}},{"type":"Feature","properties":{},"geometry":{"type":"Polygon","coordinates":[[[-4.6134,54.057],[-4.6206,54.0705],[-4.6314,54.0705],[-4.6422,54.0671],[-4.6566,54.0637],[-4.671,54.0671],[-4.689,54.0823],[-4.7034,54.0857],[-4.725,54.0789],[-4.7466,54.0671],[-4.7646,54.0587],[-4.7898,54.0637],[-4.7898,54.0705],[-4.7862,54.0739],[-4.7826,54.0756],[-4.7754,54.0756],[-4.7682,54.0772],[-4.7718,54.0975],[-4.7358,54.1245],[-4.7286,54.1431],[-4.7286,54.1718],[-4.725,54.1853],[-4.7142,54.2005],[-4.7106,54.2106],[-4.7106,54.2174],[-4.7106,54.2208],[-4.689,54.2242],[-4.6638,54.2343],[-4.6422,54.2495],[-4.6134,54.2647],[-4.599,54.2765],[-4.5558,54.339],[-4.5306,54.366],[-4.4946,54.3863],[-4.4406,54.4048],[-4.4046,54.4099],[-4.3866,54.415],[-4.3686,54.4183],[-4.3506,54.4133],[-4.3578,54.3998],[-4.3758,54.3626],[-4.3758,54.3491],[-4.3686,54.3407],[-4.365,54.3238],[-4.3578,54.317],[-4.3506,54.3153],[-4.3326,54.3136],[-4.3254,54.3103],[-4.3182,54.3052],[-4.3146,54.2951],[-4.311,54.2866],[-4.3218,54.2833],[-4.3254,54.2799],[-4.3398,54.263],[-4.347,54.2596],[-4.3542,54.2512],[-4.3614,54.2427],[-4.365,54.2343],[-4.3722,54.2309],[-4.3974,54.2225],[-4.3902,54.1954],[-4.4118,54.1802],[-4.4478,54.1684],[-4.4766,54.1532],[-4.473,54.1414],[-4.5306,54.1195],[-4.545,54.1076],[-4.5486,54.1009],[-4.563,54.0975],[-4.581,54.0941],[-4.5918,54.0908],[-4.599,54.084],[-4.6134,54.057]]]}},{"type":"Feature","properties":{},"geometry":{"type":"Polygon","coordinates":[[[11.2555,54.4791],[11.3131,54.4133],[11.1871,54.4268],[11.1691,54.42],[11.1763,54.4166],[11.1799,54.415],[11.1403,54.4133],[11.1115,54.415],[11.1007,54.4234],[11.1043,54.4437],[11.0971,54.4521],[11.0827,54.4555],[11.0575,54.4555],[11.0467,54.4538],[11.0395,54.447],[11.0323,54.447],[11.0287,54.4555],[11.0251,54.4589],[11.0215,54.4589],[11.0071,54.4555],[11.0071,54.469],[11.0323,54.5095],[11.0719,54.5315],[11.1223,54.5365],[11.2051,54.5146],[11.2303,54.5011],[11.2411,54.496],[11.2555,54.4791]]]}},{"type":"Feature","properties":{},"geometry":{"type":"Polygon","coordinates":[[[8.3611,54.9485],[8.3539,54.9131],[8.3899,54.8945],[8.4367,54.8878],[8.6527,54.8928],[8.6311,54.8827],[8.5051,54.8861],[8.4871,54.881],[8.4619,54.8692],[8.4475,54.8658],[8.3755,54.8658],[8.3719,54.8675],[8.3611,54.8776],[8.3539,54.8793],[8.3431,54.8793],[8.3359,54.8776],[8.3071,54.8658],[8.3035,54.8624],[8.2999,54.8557],[8.2963,54.8354],[8.2963,54.832],[8.2999,54.7763],[8.2963,54.7594],[8.2891,54.7459],[8.2855,54.7425],[8.2783,54.7561],[8.2783,54.7831],[8.2891,54.8911],[8.2963,54.9131],[8.3755,55.0347],[8.4151,55.0651],[8.4619,55.0499],[8.4007,55.0482],[8.3935,55.0431],[8.4223,55.0414],[8.4295,55.0296],[8.4223,55.0161],[8.3791,55.0026],[8.3611,54.9874],[8.3503,54.9671],[8.3611,54.9485]]]}},{"type":"Feature","properties":{},"geometry":{"type":"Polygon","coordinates":[[[10.0099,54.9756],[10.0243,54.9604],[10.0639,54.8911],[10.0639,54.881],[10.0495,54.8793],[10.0207,54.8793],[10.0063,54.8743],[9.9883,54.8658],[9.9667,54.8591],[9.9523,54.8624],[9.9379,54.8709],[9.8911,54.8793],[9.8731,54.8861],[9.8731,54.8928],[9.9019,54.9013],[9.9307,54.8928],[9.9631,54.8793],[9.9919,54.8726],[9.9919,54.8793],[9.9451,54.903],[9.8983,54.9131],[9.8875,54.9131],[9.8767,54.9114],[9.8623,54.903],[9.8551,54.8996],[9.8155,54.9013],[9.7795,54.9165],[9.7615,54.9435],[9.7651,54.9756],[9.7579,54.9756],[9.7579,54.9823],[9.7795,54.9722],[9.8047,54.957],[9.8263,54.9452],[9.8479,54.9485],[9.8443,54.9519],[9.8371,54.9587],[9.8335,54.9654],[9.8371,54.9688],[9.8407,54.9705],[9.8335,54.9756],[9.7939,54.9925],[9.7867,55.0009],[9.7975,55.0093],[9.7975,55.0161],[9.7219,55.0127],[9.7075,55.0127],[9.6967,55.0178],[9.6859,55.0178],[9.6751,55.0212],[9.6679,55.0296],[9.6715,55.0347],[9.6895,55.0431],[9.6967,55.0499],[9.6787,55.0499],[9.6607,55.0465],[9.6463,55.0448],[9.6283,55.0499],[9.6283,55.0583],[9.7183,55.0819],[9.7507,55.0853],[9.7939,55.0803],[9.8515,55.0397],[9.8839,55.0296],[9.9307,55.0262],[9.9595,55.0144],[9.9883,54.9975],[10.0099,54.9756]]]}},{"type":"Feature","properties":{},"geometry":{"type":"Polygon","coordinates":[[[10.8559,55.0431],[10.8631,55.0718],[10.8955,55.1208],[10.9351,55.1596],[10.9567,55.1546],[10.9099,55.0296],[10.8883,54.9975],[10.8379,54.9367],[10.7407,54.7527],[10.7299,54.7409],[10.7191,54.7358],[10.6939,54.7358],[10.6831,54.7442],[10.6579,54.8033],[10.6471,54.8152],[10.6327,54.8236],[10.6003,54.8388],[10.6255,54.8388],[10.6399,54.8439],[10.6543,54.8523],[10.6687,54.8658],[10.6795,54.8827],[10.6831,54.8878],[10.6939,54.8827],[10.6975,54.881],[10.7227,54.8861],[10.7227,54.8962],[10.7191,54.908],[10.7083,54.903],[10.7011,54.9013],[10.6903,54.903],[10.6831,54.908],[10.6975,54.9317],[10.7191,54.9485],[10.7731,54.9874],[10.7983,54.9958],[10.8559,55.0431]]]}},{"type":"Feature","properties":{},"geometry":{"type":"Polygon","coordinates":[[[15.1508,55.1326],[15.1472,55.1275],[15.1436,55.1242],[15.1436,55.1225],[15.1364,55.1191],[15.1436,55.1056],[15.1472,55.0955],[15.1436,55.087],[15.1328,55.0752],[15.1112,55.0549],[15.1076,55.0448],[15.1112,55.0364],[15.1112,55.0296],[15.1148,55.0178],[15.0968,55.0077],[15.086,54.9992],[15.0716,54.9925],[15.0248,54.9992],[14.9815,55.0009],[14.9275,55.0144],[14.8591,55.038],[14.7799,55.0516],[14.7007,55.0887],[14.6827,55.1005],[14.6971,55.1225],[14.7007,55.1647],[14.7043,55.2255],[14.7079,55.2356],[14.7187,55.2474],[14.7367,55.266],[14.7439,55.2812],[14.7511,55.2981],[14.7619,55.3099],[14.7763,55.3032],[14.8159,55.2711],[14.8303,55.2609],[14.8519,55.2474],[14.8879,55.2339],[14.9275,55.2153],[14.9527,55.2187],[14.9743,55.2153],[14.9887,55.1968],[14.9995,55.1883],[15.014,55.1833],[15.086,55.1546],[15.1328,55.1461],[15.1508,55.1326]]]}},{"type":"Feature","properties":{},"geometry":{"type":"Polygon","coordinates":[[[-5.0707,55.5092],[-5.0923,55.5007],[-5.0923,55.4872],[-5.0815,55.472],[-5.0779,55.4551],[-5.0923,55.4467],[-5.1175,55.4399],[-5.1643,55.4349],[-5.2183,55.4382],[-5.2615,55.4467],[-5.3047,55.4619],[-5.3443,55.4821],[-5.3443,55.4889],[-5.3479,55.4956],[-5.3551,55.5227],[-5.3587,55.5311],[-5.3587,55.5379],[-5.3551,55.5396],[-5.3515,55.5429],[-5.3515,55.5463],[-5.3443,55.5497],[-5.3695,55.5699],[-5.3875,55.5902],[-5.3983,55.6138],[-5.3947,55.6459],[-5.3803,55.6679],[-5.3551,55.6898],[-5.3227,55.705],[-5.2903,55.7084],[-5.2939,55.7118],[-5.2939,55.7202],[-5.2975,55.7236],[-5.2723,55.7236],[-5.2615,55.7236],[-5.1967,55.705],[-5.1823,55.6949],[-5.1607,55.6763],[-5.1463,55.6544],[-5.1247,55.6054],[-5.1391,55.5919],[-5.0959,55.5666],[-5.0923,55.5446],[-5.1031,55.5412],[-5.1175,55.5412],[-5.1247,55.5362],[-5.1211,55.5244],[-5.1103,55.5193],[-5.0707,55.5092]]]}},{"type":"Feature","properties":{},"geometry":{"type":"Polygon","coordinates":[[[-6.0319,55.7287],[-6.0319,55.7169],[-6.0319,55.7067],[-6.0283,55.6966],[-6.0247,55.6881],[-6.0247,55.6814],[-6.0355,55.678],[-6.0463,55.6746],[-6.0535,55.6679],[-6.0571,55.6594],[-6.0643,55.6679],[-6.0823,55.6527],[-6.1039,55.6409],[-6.1327,55.6324],[-6.1615,55.6274],[-6.2011,55.6307],[-6.2155,55.6274],[-6.2227,55.6054],[-6.2263,55.602],[-6.2371,55.5953],[-6.2623,55.5835],[-6.2875,55.5784],[-6.3127,55.5835],[-6.3235,55.6054],[-6.3199,55.629],[-6.2983,55.6426],[-6.2443,55.6594],[-6.2659,55.6949],[-6.2767,55.7033],[-6.3163,55.7152],[-6.3235,55.7152],[-6.3199,55.7337],[-6.2947,55.7523],[-6.2515,55.7776],[-6.2731,55.7827],[-6.3019,55.7861],[-6.3271,55.7827],[-6.3487,55.7743],[-6.3739,55.7388],[-6.3883,55.7219],[-6.4171,55.7101],[-6.4495,55.6831],[-6.4639,55.6746],[-6.4927,55.6713],[-6.5035,55.6814],[-6.5035,55.6983],[-6.4891,55.7152],[-6.4963,55.7169],[-6.4999,55.7219],[-6.5035,55.7236],[-6.4927,55.7388],[-6.4495,55.7776],[-6.4819,55.7912],[-6.4675,55.7962],[-6.4603,55.803],[-6.4567,55.8131],[-6.4567,55.8283],[-6.4531,55.8401],[-6.4459,55.8486],[-6.4099,55.8638],[-6.3559,55.8773],[-6.3415,55.8857],[-6.3307,55.8908],[-6.3199,55.8874],[-6.3271,55.8806],[-6.3379,55.8519],[-6.3379,55.8452],[-6.3307,55.8283],[-6.3235,55.8199],[-6.3127,55.8182],[-6.3127,55.8249],[-6.3199,55.8452],[-6.2983,55.8671],[-6.2659,55.8857],[-6.2299,55.8975],[-6.2047,55.9161],[-6.1903,55.9212],[-6.1759,55.9229],[-6.1615,55.9279],[-6.1507,55.9347],[-6.1399,55.9414],[-6.1291,55.9397],[-6.1255,55.9347],[-6.1219,55.9296],[-6.1147,55.8874],[-6.1039,55.8317],[-6.1003,55.8013],[-6.0931,55.7912],[-6.0787,55.781],[-6.0643,55.7726],[-6.0535,55.7692],[-6.0499,55.7658],[-6.0535,55.7574],[-6.0571,55.7489],[-6.0571,55.7422],[-6.0535,55.7371],[-6.0463,55.7337],[-6.0319,55.7287]]]}},{"type":"Feature","properties":{},"geometry":{"type":"Polygon","coordinates":[[[10.5607,55.8654],[10.5715,55.879],[10.5823,55.8942],[10.5787,55.911],[10.5679,55.9279],[10.5499,55.9364],[10.5283,55.9414],[10.5139,55.9516],[10.5175,55.9769],[10.5283,55.9887],[10.5427,55.9972],[10.5571,55.9955],[10.5643,55.9533],[10.5787,55.9364],[10.6039,55.9245],[10.6291,55.9212],[10.6183,55.911],[10.6147,55.9009],[10.6147,55.8891],[10.6219,55.8806],[10.6399,55.8654],[10.6507,55.8705],[10.6579,55.8806],[10.6651,55.8874],[10.6687,55.8806],[10.6543,55.8654],[10.6291,55.8452],[10.6219,55.8283],[10.6255,55.7945],[10.6147,55.7776],[10.5823,55.7591],[10.5463,55.7658],[10.5211,55.7878],[10.5103,55.8249],[10.5175,55.8452],[10.5283,55.8536],[10.5427,55.8587],[10.5607,55.8654]]]}},{"type":"Feature","properties":{},"geometry":{"type":"Polygon","coordinates":[[[-5.7979,56.112],[-5.7475,56.1424],[-5.7151,56.1525],[-5.6935,56.1474],[-5.6899,56.1373],[-5.6863,56.1238],[-5.6899,56.112],[-5.7043,56.1035],[-5.7187,56.0883],[-5.7403,56.0765],[-5.7799,56.0208],[-5.8663,55.9262],[-5.8879,55.8874],[-5.8951,55.8891],[-5.9203,55.8705],[-5.9383,55.8654],[-5.9455,55.8587],[-5.9563,55.8199],[-5.9635,55.8047],[-5.9887,55.7945],[-6.0283,55.7962],[-6.0607,55.8097],[-6.0787,55.8351],[-6.0859,55.8823],[-6.0859,55.9009],[-6.0751,55.9161],[-6.0607,55.9229],[-6.0427,55.9279],[-6.0283,55.9381],[-5.9959,55.9516],[-5.9203,55.96],[-5.8879,55.9769],[-5.9095,55.9769],[-5.9455,55.9701],[-5.9815,55.9701],[-5.9959,55.9853],[-5.9851,56.009],[-5.9563,56.0343],[-5.9239,56.0563],[-5.9023,56.0647],[-5.8735,56.0698],[-5.7979,56.112]]]}},{"type":"Feature","properties":{},"geometry":{"type":"Polygon","coordinates":[[[11.1439,57.3328],[11.1691,57.3328],[11.1799,57.3311],[11.1907,57.3261],[11.1979,57.3126],[11.1979,57.3024],[11.1907,57.294],[11.1655,57.2974],[11.1439,57.3007],[11.0683,57.2906],[11.0827,57.2839],[11.0935,57.2687],[11.0899,57.2535],[11.0683,57.2383],[11.0539,57.2264],[11.0467,57.2129],[11.0287,57.2011],[10.9963,57.1977],[10.9783,57.2062],[10.9531,57.2332],[10.9171,57.2366],[10.8883,57.245],[10.8703,57.2551],[10.8559,57.2653],[10.8559,57.2703],[10.8883,57.2754],[10.9207,57.2923],[10.9459,57.3041],[10.9855,57.3058],[11.0107,57.3092],[11.0287,57.321],[11.1007,57.321],[11.1439,57.3328]]]}},{"type":"Feature","properties":{},"geometry":{"type":"Polygon","coordinates":[[[-7.2451,57.3261],[-7.2307,57.3193],[-7.2235,57.3109],[-7.2127,57.3041],[-7.1947,57.3058],[-7.2019,57.2906],[-7.2091,57.2855],[-7.2199,57.2822],[-7.2343,57.2737],[-7.2379,57.2653],[-7.2487,57.245],[-7.2559,57.2366],[-7.2775,57.2315],[-7.3531,57.2433],[-7.3531,57.2366],[-7.2883,57.2264],[-7.2703,57.2163],[-7.2631,57.2011],[-7.2595,57.1792],[-7.2595,57.1606],[-7.2703,57.1488],[-7.2883,57.1538],[-7.3063,57.1555],[-7.3459,57.1555],[-7.3459,57.1488],[-7.3279,57.1454],[-7.2919,57.1488],[-7.2775,57.1488],[-7.2595,57.1403],[-7.2487,57.1302],[-7.2343,57.1217],[-7.2163,57.1201],[-7.2163,57.1133],[-7.2379,57.0998],[-7.3207,57.1099],[-7.3531,57.0998],[-7.3819,57.1184],[-7.3891,57.1285],[-7.4179,57.1808],[-7.4215,57.1977],[-7.4143,57.2096],[-7.4143,57.2163],[-7.4323,57.2298],[-7.4431,57.2349],[-7.4539,57.2366],[-7.4431,57.245],[-7.4359,57.2518],[-7.4215,57.2703],[-7.4179,57.2822],[-7.4143,57.2906],[-7.4107,57.2957],[-7.3963,57.2974],[-7.3891,57.3126],[-7.3999,57.343],[-7.4287,57.3869],[-7.4071,57.3953],[-7.3639,57.4071],[-7.3531,57.4088],[-7.2631,57.3733],[-7.2739,57.37],[-7.2775,57.37],[-7.2991,57.3733],[-7.2991,57.3666],[-7.2775,57.3649],[-7.2451,57.348],[-7.2235,57.3463],[-7.2235,57.3396],[-7.2487,57.3311],[-7.2703,57.3379],[-7.2919,57.348],[-7.3315,57.3615],[-7.3531,57.3767],[-7.3711,57.3869],[-7.3927,57.3801],[-7.3891,57.3767],[-7.3819,57.3733],[-7.3747,57.3683],[-7.3747,57.3632],[-7.3711,57.3548],[-7.3639,57.3531],[-7.3531,57.3531],[-7.3459,57.3531],[-7.3207,57.3463],[-7.3171,57.3446],[-7.3063,57.3328],[-7.2919,57.3278],[-7.2595,57.3278],[-7.2451,57.3261]]]}},{"type":"Feature","properties":{},"geometry":{"type":"Polygon","coordinates":[[[-7.1299,57.6537],[-7.1155,57.652],[-7.0939,57.652],[-7.0759,57.6469],[-7.0651,57.6334],[-7.0759,57.6283],[-7.0939,57.6114],[-7.0975,57.6081],[-7.1119,57.6081],[-7.1227,57.6165],[-7.1299,57.6233],[-7.1371,57.6266],[-7.1479,57.63],[-7.1695,57.6418],[-7.2163,57.6418],[-7.2163,57.6334],[-7.2055,57.6334],[-7.1983,57.6317],[-7.1947,57.6266],[-7.2019,57.6216],[-7.2019,57.6131],[-7.1731,57.6148],[-7.1659,57.6097],[-7.1623,57.5962],[-7.1551,57.5878],[-7.1371,57.5878],[-7.1047,57.5929],[-7.1263,57.5709],[-7.1515,57.5625],[-7.2091,57.5591],[-7.2163,57.5574],[-7.2307,57.5523],[-7.2379,57.5523],[-7.2451,57.5557],[-7.2523,57.5692],[-7.2559,57.5726],[-7.2703,57.5709],[-7.3135,57.5523],[-7.3135,57.5439],[-7.2415,57.5439],[-7.1803,57.554],[-7.1623,57.5523],[-7.1443,57.549],[-7.1371,57.5456],[-7.1335,57.5388],[-7.1371,57.5321],[-7.1587,57.5118],[-7.1983,57.5135],[-7.2199,57.5101],[-7.2379,57.5034],[-7.2523,57.5101],[-7.2883,57.5084],[-7.3063,57.5118],[-7.3135,57.5152],[-7.3171,57.5169],[-7.3315,57.5287],[-7.3351,57.5338],[-7.3387,57.5405],[-7.3459,57.5439],[-7.3387,57.5456],[-7.3171,57.5523],[-7.3495,57.554],[-7.4107,57.576],[-7.4431,57.5794],[-7.4503,57.5726],[-7.4575,57.5692],[-7.4647,57.5658],[-7.4719,57.5675],[-7.4827,57.5709],[-7.5007,57.5743],[-7.5439,57.5929],[-7.5439,57.5996],[-7.5223,57.6081],[-7.5079,57.6249],[-7.4935,57.6452],[-7.4755,57.6621],[-7.4539,57.6553],[-7.3855,57.6621],[-7.3855,57.6553],[-7.3963,57.6537],[-7.4143,57.6486],[-7.3963,57.6351],[-7.3675,57.652],[-7.3351,57.6756],[-7.3135,57.6891],[-7.3135,57.6824],[-7.3171,57.679],[-7.3243,57.6739],[-7.3315,57.6621],[-7.2775,57.6503],[-7.2559,57.6486],[-7.2559,57.6553],[-7.2631,57.6553],[-7.2775,57.6621],[-7.2559,57.6672],[-7.2091,57.6857],[-7.1803,57.6891],[-7.1695,57.679],[-7.1659,57.6705],[-7.1731,57.6621],[-7.1875,57.6553],[-7.1731,57.6503],[-7.1443,57.6587],[-7.1299,57.6537]]]}},{"type":"Feature","properties":{},"geometry":{"type":"Polygon","coordinates":[[[-3.249,58.7918],[-3.2202,58.7934],[-3.159,58.8086],[-3.1302,58.8069],[-3.1554,58.7867],[-3.2058,58.7782],[-3.2994,58.7799],[-3.303,58.7833],[-3.3246,58.8103],[-3.3282,58.8188],[-3.339,58.8238],[-3.3498,58.8289],[-3.357,58.834],[-3.3786,58.8542],[-3.3786,58.8593],[-3.375,58.8644],[-3.375,58.8677],[-3.3786,58.8745],[-3.3858,58.8762],[-3.3966,58.8694],[-3.4038,58.8711],[-3.411,58.8745],[-3.4218,58.8745],[-3.429,58.8745],[-3.4326,58.8846],[-3.4182,58.9049],[-3.4146,58.9083],[-3.393,58.9201],[-3.3498,58.9285],[-3.3354,58.9285],[-3.321,58.9235],[-3.2886,58.9066],[-3.267,58.9015],[-3.2454,58.8964],[-3.1914,58.8542],[-3.2058,58.8475],[-3.2058,58.8407],[-3.195,58.839],[-3.1878,58.8357],[-3.1734,58.8255],[-3.1734,58.8205],[-3.1914,58.8188],[-3.2166,58.8137],[-3.2382,58.8053],[-3.249,58.7918]]]}},{"type":"Feature","properties":{},"geometry":{"type":"Polygon","coordinates":[[[-2.727,58.9707],[-2.7126,58.9674],[-2.709,58.9589],[-2.7054,58.9471],[-2.7054,58.9319],[-2.7162,58.9251],[-2.7342,58.9201],[-2.7702,58.915],[-2.7846,58.91],[-2.8062,58.888],[-2.8242,58.8812],[-2.8386,58.8829],[-2.9142,58.8998],[-2.925,58.9049],[-2.9358,58.9133],[-2.9718,58.9539],[-2.9826,58.9606],[-2.9934,58.9589],[-3.0078,58.9488],[-3.0222,58.9403],[-3.0438,58.9437],[-3.051,58.9387],[-3.0618,58.9387],[-3.0726,58.942],[-3.0834,58.9437],[-3.069,58.9285],[-3.1014,58.9302],[-3.1122,58.9268],[-3.1194,58.915],[-3.141,58.9218],[-3.2022,58.9167],[-3.2274,58.9285],[-3.2382,58.9505],[-3.2346,58.9724],[-3.2238,58.991],[-3.2058,59.0045],[-3.2058,59.0113],[-3.213,59.018],[-3.2202,59.0248],[-3.2238,59.0315],[-3.2274,59.0383],[-3.2382,59.0349],[-3.2454,59.0298],[-3.2454,59.0248],[-3.2418,59.018],[-3.2418,59.0113],[-3.249,59.0146],[-3.2598,59.0163],[-3.267,59.0146],[-3.2742,59.0113],[-3.267,59.0079],[-3.2634,59.0011],[-3.2634,58.9927],[-3.2634,58.991],[-3.2562,58.9775],[-3.267,58.9691],[-3.2886,58.9572],[-3.2886,58.9505],[-3.3246,58.9572],[-3.3534,58.9826],[-3.3678,59.0163],[-3.3498,59.0467],[-3.3426,59.0535],[-3.3498,59.0974],[-3.3246,59.1278],[-3.2778,59.143],[-3.231,59.148],[-3.1842,59.1464],[-3.1554,59.143],[-3.123,59.1244],[-3.1086,59.1244],[-3.0942,59.1278],[-3.0834,59.1278],[-3.0726,59.1244],[-3.0582,59.1126],[-3.0474,59.1075],[-3.0618,59.1025],[-3.069,59.1008],[-3.051,59.0906],[-2.9934,59.0737],[-3.0006,59.0721],[-3.0042,59.0704],[-3.0078,59.067],[-3.0042,59.0636],[-3.0006,59.0619],[-2.9934,59.0602],[-3.0546,59.0467],[-3.0618,59.0501],[-3.0726,59.0332],[-3.0906,59.018],[-3.1122,59.0079],[-3.1302,59.0045],[-3.1158,58.9978],[-3.0978,58.9944],[-3.0582,58.991],[-3.0438,58.9978],[-3.0294,59.0096],[-3.0114,59.018],[-2.9754,58.9994],[-2.961,59.0011],[-2.9466,59.0079],[-2.9322,59.0113],[-2.9178,59.0062],[-2.907,58.9961],[-2.8962,58.991],[-2.8782,58.9978],[-2.8818,58.9944],[-2.8818,58.9826],[-2.8854,58.9775],[-2.8638,58.9741],[-2.8494,58.9809],[-2.8314,58.9876],[-2.8134,58.991],[-2.7918,58.9927],[-2.781,58.991],[-2.7738,58.9842],[-2.781,58.9741],[-2.8242,58.9589],[-2.8386,58.9505],[-2.8278,58.937],[-2.8134,58.9285],[-2.7954,58.9268],[-2.7738,58.9285],[-2.7882,58.9505],[-2.7954,58.9572],[-2.7774,58.9572],[-2.745,58.9691],[-2.727,58.9707]]]}},{"type":"Feature","properties":{},"geometry":{"type":"Polygon","coordinates":[[[-2.8314,59.197],[-2.817,59.1919],[-2.8062,59.1919],[-2.799,59.1953],[-2.7846,59.197],[-2.7846,59.2004],[-2.7918,59.2173],[-2.7882,59.224],[-2.7918,59.2375],[-2.7882,59.2477],[-2.7774,59.2527],[-2.7594,59.2527],[-2.7594,59.2443],[-2.7702,59.2443],[-2.7702,59.2375],[-2.7558,59.2392],[-2.745,59.2375],[-2.7342,59.2342],[-2.727,59.224],[-2.7342,59.2156],[-2.7558,59.1987],[-2.7594,59.1936],[-2.7594,59.1767],[-2.7594,59.1649],[-2.7522,59.1565],[-2.7342,59.1548],[-2.7342,59.148],[-2.763,59.143],[-2.781,59.1413],[-2.7882,59.1447],[-2.7918,59.1582],[-2.8026,59.1683],[-2.8134,59.1734],[-2.8314,59.1751],[-2.8314,59.197]]]}},{"type":"Feature","properties":{},"geometry":{"type":"Polygon","coordinates":[[[-3.0474,59.3203],[-3.0582,59.3237],[-3.0654,59.322],[-3.0726,59.3253],[-3.0762,59.3338],[-3.0546,59.3338],[-3.0258,59.3304],[-3.0078,59.3338],[-2.979,59.3557],[-2.9646,59.3608],[-2.9466,59.354],[-2.9466,59.349],[-2.9502,59.349],[-2.9538,59.3473],[-2.9646,59.3405],[-2.9646,59.3355],[-2.961,59.327],[-2.9826,59.3253],[-2.9862,59.327],[-2.9862,59.3203],[-2.9106,59.3068],[-2.8962,59.3034],[-2.8782,59.2764],[-2.871,59.2713],[-2.8602,59.2679],[-2.8494,59.2662],[-2.8386,59.2646],[-2.8314,59.2578],[-2.8314,59.2527],[-2.8494,59.2527],[-2.8638,59.2477],[-2.8854,59.2308],[-2.8854,59.2392],[-2.8818,59.246],[-2.8782,59.2527],[-2.871,59.2578],[-2.9214,59.2831],[-2.9466,59.2916],[-2.9754,59.2933],[-2.9754,59.2848],[-2.9682,59.2814],[-2.961,59.2713],[-2.9754,59.2781],[-2.9826,59.2696],[-2.9898,59.2662],[-2.997,59.2679],[-3.0078,59.2713],[-3.015,59.2747],[-3.0186,59.2798],[-3.033,59.3017],[-3.0366,59.3068],[-3.0402,59.3118],[-3.0474,59.3203]]]}},{"type":"Feature","properties":{},"geometry":{"type":"Polygon","coordinates":[[[22.2104,60.2051],[22.2212,60.2237],[22.2464,60.2422],[22.2716,60.2524],[22.2932,60.2456],[22.2968,60.222],[22.268,60.1966],[22.232,60.1848],[22.2104,60.2051]]]}},{"type":"Feature","properties":{},"geometry":{"type":"Polygon","coordinates":[[[22.106,60.3132],[22.1312,60.3148],[22.25,60.3115],[22.322,60.2963],[22.34,60.2861],[22.3364,60.2743],[22.3328,60.2693],[22.3112,60.2659],[22.304,60.2676],[22.2968,60.2709],[22.2896,60.2726],[22.2824,60.2693],[22.2788,60.2659],[22.2644,60.2608],[22.2608,60.2591],[22.214,60.2524],[22.1996,60.2541],[22.2176,60.2659],[22.2032,60.276],[22.1816,60.2811],[22.1564,60.2811],[22.142,60.2794],[22.1816,60.2794],[22.1636,60.2591],[22.1384,60.2625],[22.1096,60.2709],[22.088,60.2693],[22.0808,60.2693],[22.0772,60.2828],[22.0844,60.3013],[22.106,60.3132]]]}},{"type":"Feature","properties":{},"geometry":{"type":"Polygon","coordinates":[[[22.3868,60.3216],[22.3688,60.3148],[22.3508,60.3132],[22.3112,60.3216],[22.3292,60.3368],[22.3508,60.3486],[22.3724,60.3537],[22.3976,60.3554],[22.4012,60.3537],[22.4012,60.3486],[22.4012,60.3436],[22.4012,60.3419],[22.43,60.3334],[22.4444,60.3334],[22.4588,60.3334],[22.4696,60.3317],[22.4768,60.3216],[22.4552,60.3081],[22.4264,60.2997],[22.394,60.2929],[22.3688,60.2929],[22.376,60.2997],[22.3796,60.3064],[22.3868,60.3216]]]}},{"type":"Feature","properties":{},"geometry":{"type":"Polygon","coordinates":[[[5.1103,60.2],[5.1031,60.1916],[5.0851,60.1882],[5.0671,60.1916],[5.0563,60.1933],[5.0527,60.2085],[5.0455,60.2254],[5.0347,60.2372],[5.0239,60.2456],[5.0167,60.2203],[4.9914,60.2254],[4.9662,60.2439],[4.9482,60.2591],[4.9374,60.2743],[4.9374,60.2861],[4.941,60.2912],[4.9914,60.2963],[5.0059,60.2963],[5.0239,60.2861],[5.0383,60.3132],[5.0203,60.3081],[5.0059,60.3132],[4.995,60.3216],[4.977,60.3267],[4.9698,60.3334],[4.9662,60.3588],[4.959,60.3689],[4.9734,60.3841],[4.9698,60.3925],[4.959,60.3976],[4.9554,60.406],[4.9446,60.4297],[4.9482,60.4398],[4.9698,60.4432],[4.977,60.4415],[4.9806,60.4364],[5.0023,60.3993],[5.0707,60.3469],[5.0923,60.3199],[5.0995,60.298],[5.0815,60.2861],[5.0491,60.2861],[5.0599,60.276],[5.0851,60.2608],[5.0995,60.2507],[5.1031,60.2422],[5.1067,60.2287],[5.1103,60.2152],[5.1103,60.2]]]}},{"type":"Feature","properties":{},"geometry":{"type":"Polygon","coordinates":[[[21.3176,60.482],[21.2996,60.4871],[21.2672,60.4905],[21.2492,60.4989],[21.26,60.5192],[21.2528,60.531],[21.2384,60.5411],[21.2276,60.5597],[21.2492,60.5597],[21.278,60.5428],[21.3032,60.5192],[21.3068,60.509],[21.3248,60.482],[21.3176,60.482]]]}},{"type":"Feature","properties":{},"geometry":{"type":"Polygon","coordinates":[[[21.3932,60.5597],[21.4112,60.5428],[21.4616,60.5394],[21.4832,60.5259],[21.476,60.5259],[21.476,60.5242],[21.4724,60.5242],[21.4616,60.5259],[21.458,60.5158],[21.458,60.5073],[21.458,60.4989],[21.4616,60.4921],[21.4472,60.4938],[21.4328,60.4888],[21.4292,60.4803],[21.4436,60.4719],[21.4184,60.477],[21.3932,60.4905],[21.3716,60.509],[21.3608,60.5327],[21.3464,60.5225],[21.3356,60.5192],[21.3284,60.5259],[21.3248,60.5428],[21.3356,60.558],[21.3536,60.5614],[21.3932,60.5597]]]}},{"type":"Feature","properties":{},"geometry":{"type":"Polygon","coordinates":[[[21.2996,60.5681],[21.2816,60.5664],[21.2744,60.5732],[21.2708,60.5816],[21.2636,60.5884],[21.2456,60.5901],[21.2348,60.5935],[21.224,60.6019],[21.2132,60.6171],[21.2204,60.6222],[21.242,60.6289],[21.2492,60.6357],[21.2528,60.6441],[21.26,60.6475],[21.2708,60.6424],[21.2708,60.634],[21.2744,60.6272],[21.2816,60.6205],[21.2924,60.6154],[21.2816,60.6002],[21.278,60.5867],[21.2816,60.5749],[21.2996,60.5749],[21.2996,60.5681]]]}},{"type":"Feature","properties":{},"geometry":{"type":"Polygon","coordinates":[[[-0.9882,60.6982],[-0.999,60.6863],[-0.9954,60.6762],[-0.981,60.6559],[-0.9846,60.6458],[-0.9918,60.6357],[-1.0242,60.6543],[-1.0422,60.661],[-1.0638,60.6627],[-1.0494,60.6559],[-1.035,60.6424],[-1.0134,60.6154],[-1.0278,60.6103],[-1.0422,60.6087],[-1.0566,60.6087],[-1.0674,60.6154],[-1.0638,60.6036],[-1.053,60.5968],[-1.035,60.5952],[-1.0206,60.5935],[-1.0242,60.5901],[-1.0278,60.5884],[-1.0098,60.5783],[-1.0098,60.5648],[-1.0242,60.5563],[-1.0422,60.5529],[-1.0278,60.5361],[-1.0242,60.5276],[-1.0206,60.5158],[-1.0242,60.5023],[-1.0314,60.5006],[-1.0566,60.5057],[-1.0818,60.5057],[-1.0926,60.5073],[-1.0962,60.5158],[-1.0998,60.5158],[-1.107,60.5107],[-1.107,60.5057],[-1.0962,60.4989],[-1.0962,60.4921],[-1.1322,60.4955],[-1.1538,60.509],[-1.1682,60.531],[-1.179,60.6239],[-1.1718,60.6458],[-1.1394,60.6492],[-1.1394,60.6424],[-1.1394,60.6306],[-1.1286,60.6188],[-1.1142,60.612],[-1.1034,60.6154],[-1.107,60.6205],[-1.1214,60.6458],[-1.125,60.6593],[-1.1214,60.6661],[-1.1106,60.6813],[-1.1142,60.6846],[-1.1178,60.688],[-1.1214,60.6965],[-1.1178,60.7066],[-1.1142,60.715],[-1.1034,60.7252],[-1.0926,60.7353],[-1.0782,60.7353],[-1.0674,60.7184],[-1.0566,60.7302],[-1.0386,60.7336],[-0.9918,60.7319],[-0.9918,60.7184],[-0.9954,60.7134],[-1.0026,60.7117],[-1.0026,60.7032],[-0.9954,60.7032],[-0.9918,60.6998],[-0.9882,60.6982]]]}},{"type":"Feature","properties":{},"geometry":{"type":"Polygon","coordinates":[[[-0.9054,60.6846],[-0.9342,60.683],[-0.9486,60.6846],[-0.9666,60.6897],[-0.963,60.6998],[-0.9594,60.71],[-0.963,60.7184],[-0.9666,60.7252],[-0.9486,60.7184],[-0.945,60.7269],[-0.945,60.7404],[-0.9522,60.7522],[-0.9342,60.7556],[-0.927,60.7691],[-0.927,60.7843],[-0.9378,60.7927],[-0.9378,60.7995],[-0.9234,60.8045],[-0.9054,60.8147],[-0.891,60.8248],[-0.891,60.8349],[-0.8802,60.8451],[-0.8694,60.8451],[-0.8586,60.8383],[-0.855,60.8248],[-0.8586,60.813],[-0.8694,60.8062],[-0.8802,60.8012],[-0.891,60.7927],[-0.8874,60.7893],[-0.8766,60.7927],[-0.8622,60.7978],[-0.8514,60.8028],[-0.8334,60.84],[-0.8226,60.8484],[-0.8154,60.8434],[-0.8082,60.8417],[-0.7938,60.8417],[-0.783,60.8383],[-0.7722,60.8332],[-0.765,60.8248],[-0.7614,60.813],[-0.7686,60.813],[-0.7866,60.8062],[-0.7686,60.8012],[-0.7614,60.7995],[-0.7758,60.791],[-0.7974,60.786],[-0.8082,60.7792],[-0.801,60.7674],[-0.801,60.7589],[-0.8226,60.7589],[-0.8154,60.7573],[-0.8082,60.7556],[-0.801,60.7522],[-0.801,60.7454],[-0.8442,60.7235],[-0.8514,60.7184],[-0.8442,60.7066],[-0.8298,60.6948],[-0.8226,60.6846],[-0.837,60.6762],[-0.8478,60.6762],[-0.855,60.6779],[-0.8622,60.6813],[-0.8694,60.6846],[-0.891,60.6846],[-0.9054,60.6846]]]}},{"type":"Feature","properties":{},"geometry":{"type":"Polygon","coordinates":[[[31.9413,46.2051],[32.0709,46.1831],[32.1537,46.1561],[32.1645,46.1494],[32.1429,46.1528],[32.1033,46.1663],[31.7361,46.2203],[31.5813,46.2625],[31.5489,46.2828],[31.5237,46.3132],[31.5129,46.3301],[31.5057,46.3554],[31.5057,46.374],[31.5237,46.3689],[31.5381,46.3267],[31.5561,46.2963],[31.5777,46.276],[31.6173,46.2591],[31.9413,46.2051]]]}},{"type":"Feature","properties":{},"geometry":{"type":"Polygon","coordinates":[[[23.3804,58.5807],[23.3984,58.5638],[23.402,58.5554],[23.3804,58.5469],[23.3732,58.5385],[23.3624,58.5317],[23.348,58.5351],[23.33,58.5418],[23.312,58.5452],[23.2796,58.5469],[23.2652,58.5435],[23.2364,58.5351],[23.222,58.5351],[23.1356,58.5807],[23.0816,58.5908],[23.06,58.6026],[23.0636,58.6246],[23.0744,58.6296],[23.1068,58.6246],[23.1212,58.628],[23.1248,58.633],[23.132,58.655],[23.1356,58.6617],[23.1536,58.6752],[23.1752,58.6803],[23.1968,58.6803],[23.2868,58.6668],[23.33,58.6533],[23.3444,58.6448],[23.348,58.6347],[23.348,58.6246],[23.3444,58.6161],[23.348,58.6077],[23.3552,58.5976],[23.3732,58.5857],[23.3804,58.5807]]]}},{"type":"Feature","properties":{},"geometry":{"type":"Polygon","coordinates":[[[22.8872,60.0683],[22.916,60.0683],[22.9268,60.0649],[22.9196,60.0582],[22.916,60.0497],[22.9124,60.0413],[22.9052,60.0379],[22.9016,60.0379],[22.8944,60.0329],[22.8836,60.0193],[22.88,60.0109],[22.8728,60.0058],[22.8584,60.0109],[22.8512,60.0278],[22.8548,60.0413],[22.8836,60.043],[22.8836,60.0481],[22.8764,60.0514],[22.862,60.0514],[22.8548,60.0548],[22.862,60.0633],[22.8872,60.0683]]]}},{"type":"Feature","properties":{},"geometry":{"type":"Polygon","coordinates":[[[22.3148,60.1916],[22.376,60.2034],[22.3868,60.195],[22.3688,60.1781],[22.3436,60.1696],[22.3184,60.1646],[22.3184,60.1595],[22.3328,60.1544],[22.3364,60.1477],[22.322,60.1477],[22.3004,60.1477],[22.2896,60.1494],[22.2932,60.1527],[22.2932,60.1561],[22.2896,60.1646],[22.2932,60.1696],[22.2968,60.173],[22.3004,60.1764],[22.3004,60.1815],[22.304,60.1882],[22.3148,60.1916]]]}},{"type":"Feature","properties":{},"geometry":{"type":"Polygon","coordinates":[[[22.3004,60.3672],[22.2896,60.3588],[22.2032,60.3436],[22.1924,60.3419],[22.1708,60.3436],[22.1564,60.352],[22.1564,60.3588],[22.1636,60.3621],[22.2572,60.3739],[22.286,60.3756],[22.3004,60.3672]]]}},{"type":"Feature","properties":{},"geometry":{"type":"Polygon","coordinates":[[[22.2068,60.3824],[22.2068,60.3756],[22.1132,60.3537],[22.106,60.3537],[22.1204,60.3723],[22.1384,60.379],[22.1456,60.3807],[22.2068,60.3824]]]}},{"type":"Feature","properties":{},"geometry":{"type":"Polygon","coordinates":[[[53.0303,39.0607],[53.0411,39.081],[53.0591,39.0945],[53.0807,39.0979],[53.0879,39.0911],[53.0879,39.0877],[53.0879,39.0827],[53.0591,39.0675],[53.0555,39.027],[53.0663,38.9476],[53.0807,38.8632],[53.1023,38.7821],[53.0987,38.7686],[53.0987,38.7635],[53.1023,38.7551],[53.0951,38.7551],[53.0915,38.7787],[53.0627,38.8649],[53.0483,38.8919],[53.0411,38.9071],[53.0375,38.9172],[53.0411,38.9442],[53.0375,38.9695],[53.0303,39.0168],[53.0267,39.0388],[53.0303,39.0607]]]}},{"type":"Feature","properties":{},"geometry":{"type":"Polygon","coordinates":[[[50.1719,44.8306],[50.1431,44.8171],[50.1107,44.8205],[50.0783,44.834],[50.0639,44.8441],[50.0603,44.8525],[50.0567,44.8644],[50.0531,44.8813],[50.0423,44.8948],[50.0027,44.9218],[49.9847,44.9471],[49.9847,44.9674],[50.0423,45.0569],[50.0531,45.0653],[50.0675,45.0721],[50.1143,45.0805],[50.1107,45.0619],[50.0531,45.0383],[50.0387,45.0146],[50.0351,45.0011],[50.0207,44.9758],[50.0171,44.9606],[50.0207,44.9437],[50.0315,44.9302],[50.0423,44.9252],[50.0567,44.9285],[50.0567,44.9032],[50.0603,44.8796],[50.0747,44.861],[50.0963,44.8542],[50.1071,44.8525],[50.1179,44.8458],[50.1251,44.8407],[50.1431,44.8407],[50.1755,44.8576],[50.1899,44.861],[50.1719,44.8306]]]}},{"type":"Feature","properties":{},"geometry":{"type":"Polygon","coordinates":[[[53.6567,24.159],[53.6387,24.1607],[53.6279,24.1641],[53.6279,24.1725],[53.6423,24.186],[53.6531,24.1928],[53.6567,24.1928],[53.6819,24.2012],[53.6927,24.2063],[53.7107,24.2215],[53.7143,24.2249],[53.7215,24.23],[53.7287,24.2316],[53.7395,24.235],[53.7467,24.235],[53.7647,24.2283],[53.7719,24.2266],[53.7755,24.23],[53.8007,24.2485],[53.8295,24.2587],[53.8403,24.2637],[53.8475,24.2755],[53.8547,24.262],[53.8511,24.2603],[53.8475,24.2553],[53.8583,24.2384],[53.8619,24.235],[53.8871,24.2198],[53.8907,24.2181],[53.9267,24.2114],[53.9339,24.208],[53.9555,24.2012],[53.9663,24.1725],[53.9519,24.1489],[53.9195,24.1405],[53.8835,24.1405],[53.8547,24.1523],[53.8583,24.1607],[53.8511,24.1742],[53.8367,24.1776],[53.8259,24.159],[53.8331,24.1523],[53.8079,24.1354],[53.7755,24.1303],[53.7431,24.1337],[53.7107,24.1455],[53.6927,24.154],[53.6855,24.1573],[53.6567,24.159]]]}},{"type":"Feature","properties":{},"geometry":{"type":"Polygon","coordinates":[[[53.3219,24.262],[53.3075,24.2789],[53.2931,24.2789],[53.2751,24.2891],[53.2679,24.2739],[53.2283,24.2789],[53.2139,24.2806],[53.1923,24.2772],[53.1887,24.2755],[53.1851,24.2755],[53.1851,24.2806],[53.1851,24.2874],[53.1887,24.2941],[53.1923,24.3009],[53.1959,24.3026],[53.2319,24.2958],[53.2427,24.2975],[53.2679,24.3076],[53.2715,24.3127],[53.2787,24.3161],[53.3111,24.3279],[53.3291,24.3363],[53.3399,24.3363],[53.3471,24.3194],[53.3579,24.3144],[53.3651,24.3194],[53.3687,24.3296],[53.3687,24.3414],[53.3615,24.3515],[53.3975,24.4022],[53.4155,24.4123],[53.4191,24.4073],[53.4227,24.3971],[53.4227,24.3921],[53.4479,24.3802],[53.4407,24.3414],[53.4263,24.3296],[53.3867,24.3127],[53.3687,24.3009],[53.3471,24.2975],[53.3327,24.2891],[53.3327,24.2772],[53.3219,24.262]]]}},{"type":"Feature","properties":{},"geometry":{"type":"Polygon","coordinates":[[[50.5499,26.1938],[50.5931,26.16],[50.6039,26.1752],[50.6183,26.1853],[50.6255,26.1701],[50.6327,26.1465],[50.6471,26.1465],[50.6363,26.1347],[50.6363,26.1161],[50.6147,26.111],[50.6219,26.0536],[50.6183,25.9641],[50.6039,25.8544],[50.5931,25.8324],[50.5643,25.7902],[50.5571,25.8206],[50.5463,25.8527],[50.5319,25.8848],[50.5103,25.9135],[50.4671,25.9574],[50.4599,25.9861],[50.4815,26.0182],[50.4851,26.0334],[50.4923,26.0486],[50.4851,26.0857],[50.4707,26.1228],[50.4527,26.1499],[50.4491,26.1617],[50.4491,26.1786],[50.4599,26.2259],[50.4671,26.2377],[50.4815,26.2427],[50.5031,26.2427],[50.5175,26.2394],[50.5319,26.2326],[50.5463,26.2275],[50.5859,26.2427],[50.5931,26.2394],[50.5967,26.2259],[50.6039,26.2157],[50.6075,26.2123],[50.6075,26.209],[50.6039,26.1971],[50.5931,26.1955],[50.5643,26.1988],[50.5499,26.1938]]]}},{"type":"Feature","properties":{},"geometry":{"type":"Polygon","coordinates":[[[-16.4756,19.7316],[-16.4684,19.7299],[-16.4684,19.7198],[-16.472,19.6995],[-16.4792,19.686],[-16.4828,19.6775],[-16.4936,19.6843],[-16.4972,19.7063],[-16.49,19.7248],[-16.4756,19.7316]]]}},{"type":"Feature","properties":{},"geometry":{"type":"Polygon","coordinates":[[[36.9418,25.4187],[36.9598,25.4187],[36.9598,25.4153],[36.9418,25.4052],[36.9346,25.4001],[36.9238,25.3883],[36.9166,25.3714],[36.8986,25.3613],[36.877,25.3731],[36.859,25.3934],[36.841,25.4052],[36.8014,25.4457],[36.7978,25.4474],[36.7942,25.4525],[36.7942,25.4575],[36.7978,25.4559],[36.7978,25.4592],[36.7978,25.4643],[36.787,25.4744],[36.7762,25.4896],[36.7762,25.4964],[36.787,25.4947],[36.7978,25.4863],[36.8158,25.466],[36.823,25.4592],[36.841,25.4508],[36.877,25.4373],[36.895,25.4322],[36.9058,25.4322],[36.9166,25.4272],[36.9202,25.4204],[36.8986,25.4187],[36.895,25.4052],[36.9058,25.3934],[36.9166,25.3968],[36.9274,25.4086],[36.9418,25.4187]]]}},{"type":"Feature","properties":{},"geometry":{"type":"Polygon","coordinates":[[[36.7906,25.4981],[36.7798,25.5048],[36.7762,25.5048],[36.7726,25.5065],[36.7654,25.515],[36.7654,25.5234],[36.7582,25.5268],[36.7438,25.5285],[36.7402,25.5335],[36.7438,25.5318],[36.7438,25.5352],[36.733,25.547],[36.7186,25.5555],[36.7006,25.5555],[36.6934,25.5504],[36.6898,25.547],[36.6826,25.5437],[36.6826,25.5538],[36.6898,25.5673],[36.7078,25.5707],[36.7258,25.5656],[36.7762,25.5352],[36.7798,25.5285],[36.787,25.5166],[36.8014,25.5082],[36.8158,25.5031],[36.8374,25.4896],[36.8734,25.4626],[36.8842,25.4542],[36.8806,25.4508],[36.877,25.4474],[36.8806,25.444],[36.8734,25.4457],[36.859,25.4575],[36.8446,25.4643],[36.8338,25.466],[36.8302,25.4727],[36.8266,25.4846],[36.8158,25.4879],[36.8086,25.4863],[36.8014,25.4879],[36.7906,25.4981]]]}},{"type":"Feature","properties":{},"geometry":{"type":"Polygon","coordinates":[[[36.6826,25.5724],[36.6826,25.5656],[36.6754,25.5555],[36.6682,25.5504],[36.661,25.5521],[36.6466,25.5622],[36.5674,25.5977],[36.5458,25.6028],[36.5386,25.5893],[36.5278,25.5943],[36.5098,25.6112],[36.499,25.6247],[36.4918,25.645],[36.499,25.6619],[36.5242,25.6855],[36.535,25.6973],[36.5422,25.7024],[36.5458,25.6956],[36.5386,25.6855],[36.5242,25.6619],[36.5242,25.6534],[36.5314,25.645],[36.5386,25.6399],[36.5422,25.6399],[36.5494,25.6382],[36.553,25.6315],[36.5638,25.6264],[36.571,25.6247],[36.5962,25.6011],[36.6106,25.5909],[36.6214,25.5909],[36.6322,25.5926],[36.6322,25.5893],[36.6358,25.5825],[36.6394,25.5741],[36.6466,25.5707],[36.6574,25.5724],[36.6538,25.5741],[36.6538,25.5774],[36.661,25.5825],[36.6682,25.5808],[36.6826,25.5724]]]}},{"type":"Feature","properties":{},"geometry":{"type":"Polygon","coordinates":[[[33.9537,26.7898],[33.9717,26.7898],[33.9753,26.7898],[33.9969,26.751],[34.0041,26.7324],[34.0041,26.7088],[33.9897,26.7206],[33.9825,26.7341],[33.9537,26.7898]]]}},{"type":"Feature","properties":{},"geometry":{"type":"Polygon","coordinates":[[[28.6329,60.6019],[28.6005,60.5766],[28.5753,60.58],[28.5609,60.5952],[28.5573,60.612],[28.5609,60.6289],[28.5753,60.6424],[28.5897,60.6458],[28.6041,60.6458],[28.6185,60.6391],[28.6221,60.6289],[28.6293,60.6171],[28.6329,60.6019]]]}},{"type":"Feature","properties":{},"geometry":{"type":"Polygon","coordinates":[[[33.3777,31.1903],[33.4065,31.1852],[33.4317,31.1717],[33.4749,31.1413],[33.4533,31.1548],[33.2985,31.2122],[33.2697,31.2173],[33.3021,31.2156],[33.3525,31.1953],[33.3777,31.1903]]]}},{"type":"Feature","properties":{},"geometry":{"type":"Polygon","coordinates":[[[33.0789,31.2274],[33.1041,31.2409],[33.2625,31.224],[33.2553,31.219],[33.2445,31.219],[33.2121,31.224],[33.1833,31.2274],[33.1545,31.2325],[33.1185,31.224],[33.1041,31.2274],[33.0753,31.219],[32.9565,31.1633],[32.9349,31.1481],[32.9457,31.1633],[32.9709,31.1734],[32.9889,31.1818],[32.9997,31.1886],[33.0141,31.197],[33.0681,31.2173],[33.0789,31.2274]]]}},{"type":"Feature","properties":{},"geometry":{"type":"Polygon","coordinates":[[[-16.4864,32.4922],[-16.5224,32.5394],[-16.5296,32.5479],[-16.5368,32.558],[-16.5404,32.5681],[-16.544,32.58],[-16.526,32.5665],[-16.508,32.5445],[-16.4936,32.5175],[-16.4864,32.4922]]]}},{"type":"Feature","properties":{},"geometry":{"type":"Polygon","coordinates":[[[-16.3388,33.0578],[-16.3532,33.0443],[-16.364,33.0342],[-16.3784,33.0325],[-16.4,33.0393],[-16.4,33.046],[-16.3892,33.0477],[-16.3784,33.0511],[-16.3748,33.0578],[-16.3604,33.0899],[-16.3424,33.1051],[-16.3172,33.1102],[-16.2956,33.1017],[-16.2884,33.1085],[-16.2884,33.0798],[-16.2848,33.068],[-16.274,33.0595],[-16.31,33.0663],[-16.3244,33.0663],[-16.3388,33.0578]]]}},{"type":"Feature","properties":{},"geometry":{"type":"Polygon","coordinates":[[[10.9639,34.6569],[10.9747,34.6637],[10.9855,34.6721],[11.1007,34.6704],[11.1115,34.6603],[11.0971,34.6468],[11.0539,34.6215],[11.0359,34.6248],[11.0179,34.6333],[10.9819,34.6451],[10.9639,34.6569]]]}},{"type":"Feature","properties":{},"geometry":{"type":"Polygon","coordinates":[[[24.1292,34.8545],[24.122,34.846],[24.122,34.8359],[24.1256,34.8275],[24.1364,34.8224],[24.1364,34.8156],[24.1076,34.8173],[24.086,34.8258],[24.0464,34.8494],[24.0464,34.8545],[24.0572,34.8562],[24.068,34.8579],[24.0752,34.8629],[24.0788,34.8697],[24.0932,34.8697],[24.104,34.868],[24.1292,34.8629],[24.1292,34.8545]]]}},{"type":"Feature","properties":{},"geometry":{"type":"Polygon","coordinates":[[[23.2796,35.898],[23.2976,35.8862],[23.3156,35.8794],[23.33,35.8642],[23.3336,35.8288],[23.3264,35.8288],[23.3192,35.8389],[23.294,35.8592],[23.2868,35.871],[23.2796,35.8828],[23.2724,35.9048],[23.276,35.9048],[23.276,35.9031],[23.276,35.9014],[23.2796,35.898]]]}},{"type":"Feature","properties":{},"geometry":{"type":"Polygon","coordinates":[[[25.7349,36.3826],[25.7493,36.3877],[25.7601,36.3962],[25.7673,36.4012],[25.8033,36.3894],[25.8357,36.3658],[25.8537,36.3641],[25.8465,36.3506],[25.8393,36.3522],[25.8285,36.359],[25.8177,36.3641],[25.8033,36.3607],[25.7889,36.3573],[25.7781,36.3539],[25.7493,36.359],[25.7457,36.3573],[25.7421,36.359],[25.7385,36.3658],[25.7313,36.3725],[25.7313,36.381],[25.7349,36.3826]]]}},{"type":"Feature","properties":{},"geometry":{"type":"Polygon","coordinates":[[[24.8672,36.6646],[24.9464,36.6241],[24.9644,36.6022],[24.9644,36.5971],[24.9392,36.5971],[24.9212,36.6022],[24.896,36.6241],[24.878,36.6326],[24.8636,36.6376],[24.8492,36.6477],[24.842,36.6646],[24.86,36.6663],[24.8672,36.6646]]]}},{"type":"Feature","properties":{},"geometry":{"type":"Polygon","coordinates":[[[25.1445,36.7204],[25.1841,36.7187],[25.1841,36.717],[25.1841,36.7119],[25.1841,36.7068],[25.1301,36.6596],[25.0941,36.6359],[25.0689,36.6376],[25.1049,36.7001],[25.1157,36.7018],[25.1373,36.717],[25.1445,36.7204]]]}},{"type":"Feature","properties":{},"geometry":{"type":"Polygon","coordinates":[[[21.764,36.7541],[21.7784,36.7474],[21.782,36.7356],[21.7784,36.7204],[21.7784,36.7001],[21.7712,36.7052],[21.7676,36.7085],[21.7676,36.7119],[21.764,36.7204],[21.7496,36.7119],[21.7568,36.7406],[21.7604,36.7524],[21.764,36.7541]]]}},{"type":"Feature","properties":{},"geometry":{"type":"Polygon","coordinates":[[[24.644,36.7896],[24.6548,36.7828],[24.6656,36.7744],[24.6692,36.7643],[24.6584,36.7508],[24.644,36.7474],[24.6296,36.7575],[24.608,36.7811],[24.6224,36.7947],[24.6404,36.7947],[24.644,36.793],[24.644,36.7896]]]}},{"type":"Feature","properties":{},"geometry":{"type":"Polygon","coordinates":[[[21.6956,36.7406],[21.6956,36.7761],[21.6992,36.7913],[21.71,36.8014],[21.7136,36.7997],[21.7172,36.7963],[21.7244,36.7947],[21.728,36.7947],[21.728,36.7896],[21.7244,36.7862],[21.7208,36.7828],[21.7172,36.7811],[21.7172,36.771],[21.71,36.7609],[21.7028,36.7524],[21.6956,36.7406]]]}},{"type":"Feature","properties":{},"geometry":{"type":"Polygon","coordinates":[[[24.608,36.8352],[24.608,36.8284],[24.6008,36.8217],[24.572,36.7811],[24.5576,36.7811],[24.5396,36.7845],[24.5324,36.7913],[24.5288,36.8031],[24.5252,36.8099],[24.5216,36.8166],[24.5252,36.8284],[24.5324,36.8369],[24.5468,36.8419],[24.5612,36.8453],[24.5756,36.8419],[24.5792,36.8386],[24.5864,36.8369],[24.5936,36.8369],[24.6008,36.8419],[24.6008,36.8402],[24.6008,36.8386],[24.6044,36.8369],[24.608,36.8352]]]}},{"type":"Feature","properties":{},"geometry":{"type":"Polygon","coordinates":[[[25.4217,36.8318],[25.4289,36.8436],[25.4469,36.8571],[25.4721,36.8706],[25.4793,36.8706],[25.4721,36.8639],[25.4757,36.8622],[25.4793,36.8605],[25.4793,36.8352],[25.4577,36.8251],[25.4361,36.8234],[25.4217,36.8318]]]}},{"type":"Feature","properties":{},"geometry":{"type":"Polygon","coordinates":[[[25.6089,36.8842],[25.6161,36.8943],[25.6233,36.8993],[25.6377,36.9027],[25.6485,36.9112],[25.6593,36.9078],[25.6845,36.8909],[25.6737,36.8791],[25.6557,36.8791],[25.6305,36.8825],[25.6089,36.8842]]]}},{"type":"Feature","properties":{},"geometry":{"type":"Polygon","coordinates":[[[-7.9543,36.9804],[-7.9039,36.9753],[-7.8823,36.9804],[-7.8607,37.0007],[-7.8571,36.9973],[-7.8571,36.9939],[-7.8535,36.9872],[-7.8607,36.9838],[-7.8607,36.9804],[-7.8787,36.9703],[-7.9039,36.9652],[-7.9327,36.9669],[-7.9543,36.9736],[-7.9543,36.9804]]]}},{"type":"Feature","properties":{},"geometry":{"type":"Polygon","coordinates":[[[25.0797,36.9534],[25.0653,36.9551],[25.0473,36.9686],[25.0293,36.9888],[25.0257,37.0074],[25.0365,37.0226],[25.0545,37.0344],[25.0725,37.0429],[25.0869,37.0412],[25.0689,36.9888],[25.0617,36.9736],[25.0653,36.9686],[25.0725,36.9635],[25.0797,36.9534]]]}},{"type":"Feature","properties":{},"geometry":{"type":"Polygon","coordinates":[[[25.8069,37.1037],[25.8069,37.0986],[25.8033,37.0986],[25.7997,37.0952],[25.7817,37.1239],[25.7961,37.1239],[25.8105,37.1273],[25.8357,37.1374],[25.8321,37.1307],[25.8285,37.1239],[25.8357,37.1138],[25.8429,37.1104],[25.8357,37.102],[25.8285,37.0969],[25.8177,37.0969],[25.8069,37.1037]]]}},{"type":"Feature","properties":{},"geometry":{"type":"Polygon","coordinates":[[[23.1284,37.2877],[23.1356,37.2843],[23.15,37.2776],[23.1572,37.2708],[23.1608,37.2641],[23.1644,37.2539],[23.1608,37.2438],[23.1536,37.2404],[23.132,37.2438],[23.1176,37.2523],[23.1104,37.2641],[23.096,37.2742],[23.0996,37.281],[23.1104,37.286],[23.1176,37.2877],[23.1284,37.2877]]]}},{"type":"Feature","properties":{},"geometry":{"type":"Polygon","coordinates":[[[23.4776,37.5562],[23.4812,37.5562],[23.4848,37.5545],[23.4848,37.5528],[23.4848,37.5494],[23.492,37.5393],[23.4992,37.5326],[23.51,37.5292],[23.5244,37.5275],[23.5244,37.5224],[23.5064,37.5123],[23.4812,37.5089],[23.456,37.5123],[23.438,37.5224],[23.438,37.5275],[23.4632,37.5343],[23.474,37.541],[23.4776,37.5562]]]}},{"type":"Feature","properties":{},"geometry":{"type":"Polygon","coordinates":[[[-0.7326,37.747],[-0.7434,37.7251],[-0.7398,37.7031],[-0.7254,37.666],[-0.747,37.6845],[-0.7506,37.7132],[-0.7506,37.7453],[-0.7542,37.774],[-0.7506,37.7757],[-0.747,37.7723],[-0.747,37.7707],[-0.747,37.769],[-0.7434,37.7639],[-0.7362,37.7538],[-0.7326,37.747]]]}},{"type":"Feature","properties":{},"geometry":{"type":"Polygon","coordinates":[[[12.2743,37.9395],[12.2887,37.9378],[12.2959,37.9412],[12.3067,37.9446],[12.3139,37.9463],[12.3211,37.9412],[12.3355,37.9328],[12.3535,37.9277],[12.3679,37.926],[12.3571,37.9142],[12.3427,37.9125],[12.3247,37.9176],[12.3139,37.926],[12.2995,37.9192],[12.2887,37.9209],[12.2779,37.9294],[12.2743,37.9395]]]}},{"type":"Feature","properties":{},"geometry":{"type":"Polygon","coordinates":[[[14.9671,38.4326],[14.9671,38.4191],[14.9815,38.4123],[14.9923,38.4022],[15.0032,38.392],[15.0068,38.3769],[14.9995,38.3718],[14.9851,38.3633],[14.9635,38.3819],[14.9491,38.3971],[14.9455,38.4123],[14.9599,38.4326],[14.9671,38.4326]]]}},{"type":"Feature","properties":{},"geometry":{"type":"Polygon","coordinates":[[[14.9059,38.4731],[14.8987,38.4815],[14.9023,38.4984],[14.9095,38.5153],[14.9239,38.5221],[14.9563,38.5221],[14.9671,38.517],[14.9599,38.5018],[14.9671,38.4967],[14.9743,38.49],[14.9779,38.4883],[14.9779,38.4815],[14.9527,38.4815],[14.9563,38.4697],[14.9599,38.4647],[14.9671,38.4613],[14.9671,38.4528],[14.9491,38.4512],[14.9347,38.4579],[14.9203,38.468],[14.9059,38.4731]]]}},{"type":"Feature","properties":{},"geometry":{"type":"Polygon","coordinates":[[[14.8627,38.5491],[14.8627,38.539],[14.8231,38.5525],[14.7943,38.571],[14.8159,38.5845],[14.8519,38.5845],[14.8663,38.5812],[14.8771,38.5694],[14.8735,38.566],[14.8699,38.5609],[14.8627,38.5491]]]}},{"type":"Feature","properties":{},"geometry":{"type":"Polygon","coordinates":[[[20.9396,38.6048],[20.918,38.5795],[20.9108,38.5626],[20.9072,38.5491],[20.8928,38.5491],[20.8928,38.5558],[20.9324,38.6031],[20.9396,38.6048]]]}},{"type":"Feature","properties":{},"geometry":{"type":"Polygon","coordinates":[[[25.5873,38.6116],[25.5945,38.6031],[25.6233,38.5845],[25.6233,38.5795],[25.6197,38.5778],[25.6161,38.5778],[25.6089,38.5406],[25.6053,38.5356],[25.5909,38.5373],[25.5801,38.5406],[25.5729,38.5406],[25.5621,38.5356],[25.5585,38.544],[25.5585,38.5508],[25.5621,38.5575],[25.5621,38.5626],[25.5585,38.5677],[25.5441,38.5778],[25.5405,38.5845],[25.5297,38.5913],[25.5225,38.5981],[25.5261,38.6048],[25.5333,38.6065],[25.5405,38.6048],[25.5441,38.5997],[25.5477,38.5981],[25.5513,38.6048],[25.5585,38.6099],[25.5693,38.6099],[25.5729,38.6048],[25.5801,38.6048],[25.5801,38.6116],[25.5873,38.6116]]]}},{"type":"Feature","properties":{},"geometry":{"type":"Polygon","coordinates":[[[23.438,39.1468],[23.4236,39.1485],[23.4128,39.1502],[23.4056,39.1485],[23.3948,39.1468],[23.3984,39.1637],[23.4092,39.1705],[23.4236,39.1722],[23.4308,39.1755],[23.4344,39.1874],[23.4452,39.1992],[23.4596,39.2076],[23.4704,39.2144],[23.4884,39.2059],[23.5028,39.1941],[23.5136,39.1789],[23.5064,39.1587],[23.4884,39.1688],[23.474,39.157],[23.4596,39.1316],[23.4524,39.1333],[23.4452,39.1418],[23.438,39.1468]]]}},{"type":"Feature","properties":{},"geometry":{"type":"Polygon","coordinates":[[[20.1404,39.2414],[20.1548,39.2279],[20.1728,39.2178],[20.1908,39.2026],[20.2016,39.1789],[20.18,39.1806],[20.1692,39.1823],[20.1584,39.1891],[20.1368,39.2093],[20.1296,39.2228],[20.126,39.2363],[20.1404,39.2414]]]}},{"type":"Feature","properties":{},"geometry":{"type":"Polygon","coordinates":[[[25.0113,39.5639],[25.0473,39.5453],[25.0401,39.52],[24.9932,39.4677],[24.986,39.4677],[24.9752,39.515],[24.9752,39.5369],[24.9968,39.5504],[24.9932,39.5589],[24.9968,39.5622],[25.0041,39.5639],[25.0113,39.5639]]]}},{"type":"Feature","properties":{},"geometry":{"type":"Polygon","coordinates":[[[-31.1169,39.7277],[-31.0809,39.7226],[-31.0809,39.6939],[-31.0989,39.6635],[-31.1313,39.6585],[-31.1313,39.6652],[-31.1493,39.6956],[-31.1529,39.7007],[-31.1493,39.7108],[-31.1421,39.721],[-31.1277,39.7277],[-31.1169,39.7277]]]}},{"type":"Feature","properties":{},"geometry":{"type":"Polygon","coordinates":[[[26.0589,39.8375],[26.0769,39.8442],[26.0841,39.8358],[26.0805,39.8003],[26.0733,39.7851],[26.0589,39.7868],[26.0265,39.8037],[25.9977,39.8138],[25.9833,39.8223],[25.9797,39.8341],[25.9869,39.8425],[26.0049,39.8459],[26.0409,39.8442],[26.0445,39.8442],[26.0517,39.8442],[26.0553,39.8425],[26.0589,39.8375]]]}},{"type":"Feature","properties":{},"geometry":{"type":"Polygon","coordinates":[[[10.8955,42.3872],[10.9135,42.3754],[10.9279,42.3535],[10.9279,42.3399],[10.9387,42.3315],[10.9243,42.318],[10.9099,42.3247],[10.8703,42.3535],[10.8631,42.367],[10.8775,42.3737],[10.8775,42.3872],[10.8847,42.3923],[10.8955,42.3872]]]}},{"type":"Feature","properties":{},"geometry":{"type":"Polygon","coordinates":[[[9.4555,42.6473],[9.4807,42.6202],[9.4771,42.6202],[9.4771,42.6186],[9.4555,42.6473]]]}},{"type":"Feature","properties":{},"geometry":{"type":"Polygon","coordinates":[[[16.8572,42.784],[16.922,42.7773],[16.9328,42.7705],[16.9364,42.7553],[16.9256,42.7418],[16.904,42.7317],[16.886,42.73],[16.8824,42.7368],[16.8752,42.7384],[16.8572,42.7435],[16.8464,42.7334],[16.8356,42.7317],[16.8212,42.7368],[16.8104,42.7503],[16.8212,42.7553],[16.8248,42.7638],[16.8176,42.7688],[16.8104,42.7638],[16.8032,42.7638],[16.8104,42.7756],[16.8284,42.7807],[16.8572,42.784]]]}},{"type":"Feature","properties":{},"geometry":{"type":"Polygon","coordinates":[[[9.8407,43.0643],[9.8407,43.0627],[9.8443,43.061],[9.8479,43.0593],[9.8551,43.0441],[9.8407,43.0255],[9.8227,43.0086],[9.8011,43.0086],[9.7831,43.0289],[9.8083,43.066],[9.8263,43.0745],[9.8407,43.0643]]]}},{"type":"Feature","properties":{},"geometry":{"type":"Polygon","coordinates":[[[15.68,43.6486],[15.7412,43.6283],[15.68,43.6401],[15.6728,43.6368],[15.662,43.6452],[15.6188,43.6689],[15.6044,43.6739],[15.6116,43.6824],[15.6152,43.6773],[15.6188,43.6756],[15.6512,43.6722],[15.662,43.6655],[15.6692,43.6553],[15.68,43.6486]]]}},{"type":"Feature","properties":{},"geometry":{"type":"Polygon","coordinates":[[[15.2624,43.8664],[15.266,43.8563],[15.3416,43.8124],[15.356,43.8006],[15.3668,43.7904],[15.3956,43.7719],[15.3884,43.7769],[15.3272,43.7955],[15.3092,43.8056],[15.2876,43.8259],[15.2624,43.8394],[15.248,43.8495],[15.2336,43.863],[15.2264,43.8749],[15.2408,43.8799],[15.2624,43.8664]]]}},{"type":"Feature","properties":{},"geometry":{"type":"Polygon","coordinates":[[[14.8411,44.1484],[14.8519,44.1518],[14.8555,44.1518],[14.8627,44.1484],[14.8699,44.14],[14.8555,44.1366],[14.8339,44.1417],[14.8195,44.1535],[14.8231,44.1687],[14.8267,44.1585],[14.8339,44.1518],[14.8411,44.1484]]]}},{"type":"Feature","properties":{},"geometry":{"type":"Polygon","coordinates":[[[12.3535,45.4047],[12.3715,45.425],[12.3895,45.4334],[12.4075,45.43],[12.4291,45.4148],[12.4183,45.4199],[12.4039,45.4216],[12.3751,45.4233],[12.3211,45.3473],[12.3211,45.3541],[12.3283,45.3726],[12.3535,45.4047]]]}},{"type":"Feature","properties":{},"geometry":{"type":"Polygon","coordinates":[[[-2.3382,46.7319],[-2.2986,46.7201],[-2.2806,46.71],[-2.2698,46.6982],[-2.2914,46.7032],[-2.3706,46.7049],[-2.3814,46.7218],[-2.3742,46.7319],[-2.3562,46.7336],[-2.3382,46.7319]]]}},{"type":"Feature","properties":{},"geometry":{"type":"Polygon","coordinates":[[[-5.0491,48.4796],[-5.0491,48.4762],[-5.0455,48.4745],[-5.0419,48.4712],[-5.0383,48.4729],[-5.0383,48.4644],[-5.0887,48.4475],[-5.1067,48.4442],[-5.1067,48.4509],[-5.1031,48.4526],[-5.0959,48.4509],[-5.0923,48.4509],[-5.0995,48.461],[-5.1067,48.4627],[-5.1319,48.4577],[-5.1319,48.4644],[-5.0923,48.4813],[-5.0707,48.4847],[-5.0491,48.4796]]]}},{"type":"Feature","properties":{},"geometry":{"type":"Polygon","coordinates":[[[-0.9594,50.8082],[-0.9594,50.8014],[-0.9558,50.798],[-0.945,50.7913],[-0.9378,50.7879],[-0.9378,50.7811],[-1.0206,50.7879],[-1.0206,50.7946],[-0.999,50.8014],[-0.9738,50.8301],[-0.9594,50.8301],[-0.9486,50.8234],[-0.9486,50.8183],[-0.9522,50.8132],[-0.9594,50.8082]]]}},{"type":"Feature","properties":{},"geometry":{"type":"Polygon","coordinates":[[[-9.6643,53.2752],[-9.6391,53.2515],[-9.6571,53.233],[-9.6931,53.2262],[-9.7111,53.238],[-9.7147,53.2532],[-9.7183,53.26],[-9.7183,53.2667],[-9.7111,53.2752],[-9.7003,53.2802],[-9.6859,53.2819],[-9.6715,53.2802],[-9.6643,53.2752]]]}},{"type":"Feature","properties":{},"geometry":{"type":"Polygon","coordinates":[[[-4.5774,53.2718],[-4.5738,53.2667],[-4.563,53.26],[-4.5594,53.2532],[-4.563,53.2414],[-4.5702,53.2397],[-4.581,53.2414],[-4.6026,53.2532],[-4.6242,53.2752],[-4.6314,53.2836],[-4.6422,53.2836],[-4.671,53.2836],[-4.6782,53.2853],[-4.6926,53.3022],[-4.6926,53.3089],[-4.6674,53.3241],[-4.6566,53.3191],[-4.6458,53.3191],[-4.6278,53.3208],[-4.6206,53.3174],[-4.6026,53.3089],[-4.5918,53.2971],[-4.581,53.2853],[-4.5774,53.2718]]]}},{"type":"Feature","properties":{},"geometry":{"type":"Polygon","coordinates":[[[6.4423,53.5572],[6.4567,53.5589],[6.5107,53.5437],[6.5071,53.5437],[6.5035,53.542],[6.4999,53.5403],[6.4963,53.5369],[6.4603,53.5437],[6.4423,53.5504],[6.4423,53.5572]]]}},{"type":"Feature","properties":{},"geometry":{"type":"Polygon","coordinates":[[[6.8743,53.672],[6.9103,53.6838],[7.0471,53.6939],[7.0867,53.6872],[6.8743,53.672]]]}},{"type":"Feature","properties":{},"geometry":{"type":"Polygon","coordinates":[[[7.1335,53.7074],[7.1803,53.7243],[7.2343,53.7294],[7.3459,53.7277],[7.3459,53.7226],[7.3423,53.7226],[7.2955,53.7108],[7.1731,53.7007],[7.1335,53.7074]]]}},{"type":"Feature","properties":{},"geometry":{"type":"Polygon","coordinates":[[[7.3675,53.7277],[7.3819,53.7345],[7.4035,53.7362],[7.4215,53.7345],[7.4359,53.7277],[7.4323,53.7243],[7.4287,53.7226],[7.4215,53.721],[7.3819,53.7277],[7.3675,53.7277]]]}},{"type":"Feature","properties":{},"geometry":{"type":"Polygon","coordinates":[[[8.1199,53.721],[8.1343,53.7345],[8.1523,53.7395],[8.1739,53.7378],[8.1955,53.7277],[8.1811,53.7277],[8.1703,53.726],[8.1559,53.7159],[8.1523,53.7142],[8.1415,53.7159],[8.1379,53.7176],[8.1307,53.7193],[8.1199,53.7142],[8.1199,53.721]]]}},{"type":"Feature","properties":{},"geometry":{"type":"Polygon","coordinates":[[[7.5187,53.7615],[7.6051,53.7632],[7.6267,53.7547],[7.6267,53.7513],[7.6267,53.7497],[7.6231,53.7497],[7.6195,53.7497],[7.5475,53.7497],[7.5151,53.7463],[7.5115,53.7277],[7.4827,53.7277],[7.4719,53.7311],[7.4683,53.7446],[7.4755,53.7564],[7.4863,53.7615],[7.5187,53.7615]]]}},{"type":"Feature","properties":{},"geometry":{"type":"Polygon","coordinates":[[[7.6627,53.7615],[7.6879,53.7817],[7.7275,53.7868],[7.8139,53.7834],[7.8139,53.7767],[7.7995,53.7767],[7.7779,53.7682],[7.7491,53.7615],[7.7203,53.7598],[7.6951,53.7699],[7.6843,53.7615],[7.6771,53.7581],[7.6699,53.7581],[7.6627,53.7615]]]}},{"type":"Feature","properties":{},"geometry":{"type":"Polygon","coordinates":[[[7.8751,53.7767],[7.8535,53.7851],[7.8607,53.7902],[7.8751,53.7953],[7.8967,53.7969],[7.9147,53.7953],[7.9291,53.7919],[7.9543,53.7834],[7.9471,53.7834],[7.9363,53.7834],[7.8931,53.7885],[7.8751,53.7885],[7.8751,53.7767]]]}},{"type":"Feature","properties":{},"geometry":{"type":"Polygon","coordinates":[[[11.3743,53.981],[11.3887,54.0046],[11.4283,54.0232],[11.4679,54.0317],[11.4967,54.0232],[11.4679,53.9709],[11.4571,53.9607],[11.4463,53.9607],[11.4427,53.9675],[11.4499,53.9861],[11.4463,53.9979],[11.4391,53.9979],[11.4319,53.9894],[11.4391,53.9742],[11.4247,53.9675],[11.4067,53.9675],[11.3923,53.9742],[11.3743,53.981]]]}},{"type":"Feature","properties":{},"geometry":{"type":"Polygon","coordinates":[[[11.5291,54.0756],[11.5291,54.0772],[11.5327,54.0857],[11.6011,54.1043],[11.6155,54.1127],[11.5975,54.0975],[11.5543,54.0739],[11.5399,54.057],[11.5327,54.057],[11.5291,54.0756]]]}},{"type":"Feature","properties":{},"geometry":{"type":"Polygon","coordinates":[[[8.9623,54.523],[8.9587,54.523],[8.9551,54.5197],[8.9551,54.5146],[8.9551,54.5095],[8.9371,54.4994],[8.9263,54.4876],[8.9119,54.4757],[8.8867,54.469],[8.8435,54.4673],[8.8255,54.4707],[8.8111,54.4825],[8.8255,54.4859],[8.8255,54.4909],[8.8219,54.4977],[8.8111,54.5028],[8.8435,54.5197],[8.8795,54.5298],[8.9191,54.5298],[8.9623,54.523]]]}},{"type":"Feature","properties":{},"geometry":{"type":"Polygon","coordinates":[[[13.1419,54.5973],[13.1203,54.5872],[13.1131,54.5703],[13.1131,54.55],[13.1023,54.5298],[13.0951,54.5247],[13.0807,54.518],[13.0735,54.5095],[13.0699,54.4994],[13.0699,54.4893],[13.0699,54.469],[13.0627,54.469],[13.0627,54.4825],[13.0627,54.5045],[13.0951,54.5703],[13.1023,54.5956],[13.1095,54.6024],[13.1275,54.6058],[13.1383,54.6058],[13.1527,54.6058],[13.1563,54.599],[13.1563,54.5872],[13.1563,54.5889],[13.1527,54.5906],[13.1491,54.5906],[13.1491,54.5771],[13.1419,54.5771],[13.1419,54.5973]]]}},{"type":"Feature","properties":{},"geometry":{"type":"Polygon","coordinates":[[[8.3323,54.6936],[8.3827,54.6395],[8.4007,54.6328],[8.3863,54.626],[8.3539,54.6193],[8.3287,54.6311],[8.3107,54.6514],[8.2927,54.6666],[8.3215,54.6986],[8.3395,54.7105],[8.3611,54.7155],[8.3611,54.7105],[8.3575,54.7088],[8.3539,54.7088],[8.3431,54.702],[8.3323,54.6936]]]}},{"type":"Feature","properties":{},"geometry":{"type":"Polygon","coordinates":[[[-8.5267,55.0093],[-8.5087,55.006],[-8.4979,55.0009],[-8.4871,54.9925],[-8.4835,54.9756],[-8.5267,54.9671],[-8.5483,54.9688],[-8.5663,54.9756],[-8.5663,54.9823],[-8.5627,54.9857],[-8.5627,54.9874],[-8.5663,54.9958],[-8.5519,55.0009],[-8.5447,55.0026],[-8.5483,55.006],[-8.5519,55.0077],[-8.5519,55.0093],[-8.5447,55.0161],[-8.5375,55.0161],[-8.5303,55.0144],[-8.5267,55.0093]]]}},{"type":"Feature","properties":{},"geometry":{"type":"Polygon","coordinates":[[[-6.2371,55.3116],[-6.1831,55.3065],[-6.1759,55.3032],[-6.1723,55.293],[-6.1795,55.2812],[-6.1867,55.2694],[-6.1939,55.2626],[-6.1939,55.2711],[-6.1939,55.2761],[-6.1903,55.2795],[-6.1867,55.2846],[-6.2119,55.2947],[-6.2371,55.2964],[-6.2623,55.2947],[-6.2839,55.2964],[-6.2731,55.3032],[-6.2623,55.3082],[-6.2479,55.3099],[-6.2371,55.3116]]]}},{"type":"Feature","properties":{},"geometry":{"type":"Polygon","coordinates":[[[8.4763,55.3454],[8.4511,55.3403],[8.4259,55.3555],[8.4007,55.3808],[8.3719,55.4281],[8.3647,55.4484],[8.3755,55.4636],[8.4079,55.4686],[8.4115,55.4382],[8.4295,55.4332],[8.4475,55.4349],[8.4619,55.4281],[8.4619,55.4163],[8.4511,55.3926],[8.4547,55.3842],[8.4619,55.3724],[8.4691,55.3538],[8.4763,55.3454]]]}},{"type":"Feature","properties":{},"geometry":{"type":"Polygon","coordinates":[[[-6.2047,56.1035],[-6.1975,56.1069],[-6.1831,56.1018],[-6.1759,56.1069],[-6.1759,56.1103],[-6.1795,56.1137],[-6.1831,56.1187],[-6.1651,56.1204],[-6.1507,56.1255],[-6.1363,56.1255],[-6.1327,56.112],[-6.1651,56.0816],[-6.1759,56.0613],[-6.1759,56.0444],[-6.1939,56.036],[-6.2227,56.0309],[-6.2479,56.0309],[-6.2695,56.0377],[-6.2551,56.0444],[-6.2479,56.0563],[-6.2407,56.0698],[-6.2335,56.0816],[-6.2119,56.0968],[-6.2047,56.1035]]]}},{"type":"Feature","properties":{},"geometry":{"type":"Polygon","coordinates":[[[-5.6899,56.2015],[-5.6827,56.1947],[-5.6719,56.1795],[-5.6935,56.1694],[-5.7259,56.1626],[-5.7475,56.1609],[-5.7367,56.1778],[-5.7223,56.1863],[-5.6899,56.2015]]]}},{"type":"Feature","properties":{},"geometry":{"type":"Polygon","coordinates":[[[-5.6323,56.264],[-5.6287,56.2606],[-5.6215,56.2572],[-5.6179,56.2589],[-5.6143,56.264],[-5.6107,56.2488],[-5.6179,56.2352],[-5.6287,56.22],[-5.6359,56.1897],[-5.6467,56.1947],[-5.6683,56.2217],[-5.6575,56.2319],[-5.6467,56.2555],[-5.6323,56.264]]]}},{"type":"Feature","properties":{},"geometry":{"type":"Polygon","coordinates":[[[-5.6323,56.318],[-5.6215,56.3247],[-5.5963,56.3214],[-5.5855,56.3264],[-5.5891,56.3129],[-5.5999,56.3062],[-5.6071,56.2977],[-5.5999,56.2842],[-5.6215,56.2758],[-5.6395,56.2825],[-5.6467,56.2994],[-5.6323,56.318]]]}},{"type":"Feature","properties":{},"geometry":{"type":"Polygon","coordinates":[[[-5.5567,56.4142],[-5.5279,56.4142],[-5.5135,56.4159],[-5.5027,56.421],[-5.5171,56.4041],[-5.5351,56.3923],[-5.5567,56.3872],[-5.5855,56.3872],[-5.5783,56.3957],[-5.5747,56.4024],[-5.5567,56.4142]]]}},{"type":"Feature","properties":{},"geometry":{"type":"Polygon","coordinates":[[[-6.1615,56.47],[-6.2119,56.4683],[-6.2371,56.47],[-6.2623,56.4835],[-6.2515,56.4936],[-6.2407,56.5004],[-6.2299,56.5037],[-6.2155,56.5037],[-6.2011,56.4953],[-6.1723,56.4818],[-6.1615,56.47]]]}},{"type":"Feature","properties":{},"geometry":{"type":"Polygon","coordinates":[[[11.5111,56.6962],[11.5111,56.7097],[11.5219,56.7148],[11.6047,56.7199],[11.6479,56.73],[11.6479,56.7216],[11.6443,56.7216],[11.6407,56.7199],[11.6371,56.7165],[11.6191,56.7114],[11.6047,56.7013],[11.5939,56.6895],[11.5795,56.681],[11.5651,56.6777],[11.5435,56.6793],[11.5255,56.6844],[11.5111,56.6962]]]}},{"type":"Feature","properties":{},"geometry":{"type":"Polygon","coordinates":[[[8.8255,56.7435],[8.8111,56.7351],[8.7715,56.7165],[8.7679,56.6979],[8.6851,56.6861],[8.6599,56.6777],[8.6491,56.681],[8.6203,56.7131],[8.6095,56.7216],[8.5879,56.7368],[8.5627,56.7435],[8.5555,56.7435],[8.5267,56.7368],[8.5159,56.7384],[8.5195,56.7503],[8.5231,56.7553],[8.5303,56.7587],[8.5375,56.7621],[8.5483,56.7638],[8.5519,56.7688],[8.5519,56.7773],[8.5483,56.7874],[8.5447,56.7908],[8.5735,56.8026],[8.6455,56.8077],[8.6671,56.8262],[8.6563,56.8246],[8.6455,56.8262],[8.6311,56.8279],[8.6203,56.8313],[8.6275,56.8414],[8.6455,56.8566],[8.6563,56.8668],[8.6527,56.8668],[8.6491,56.8735],[8.6491,56.8904],[8.6527,56.8938],[8.6599,56.8938],[8.6671,56.8938],[8.6743,56.8938],[8.7031,56.9005],[8.7607,56.9056],[8.7931,56.9141],[8.8147,56.9107],[8.8327,56.9242],[8.8687,56.963],[8.8903,56.9546],[8.9047,56.9664],[8.9155,56.9799],[8.9299,56.9765],[8.9227,56.9681],[8.9119,56.9563],[8.9083,56.9495],[8.9119,56.9444],[8.9191,56.9309],[8.9227,56.9225],[8.9191,56.9191],[8.9083,56.887],[8.9011,56.8752],[8.8939,56.8702],[8.8867,56.8668],[8.8867,56.8786],[8.8831,56.887],[8.8759,56.8904],[8.8687,56.8938],[8.8435,56.8837],[8.8399,56.8803],[8.8363,56.8685],[8.8399,56.8634],[8.8435,56.8583],[8.8471,56.8533],[8.8543,56.8195],[8.8651,56.8094],[8.8795,56.806],[8.8759,56.8009],[8.8687,56.7975],[8.8615,56.7975],[8.8543,56.7975],[8.8615,56.7942],[8.8687,56.7908],[8.8543,56.7807],[8.8399,56.757],[8.8255,56.7435]]]}},{"type":"Feature","properties":{},"geometry":{"type":"Polygon","coordinates":[[[-6.6079,57.0525],[-6.5899,57.0593],[-6.5575,57.0694],[-6.5359,57.0728],[-6.5251,57.0677],[-6.4999,57.0643],[-6.4891,57.0593],[-6.5143,57.0508],[-6.5467,57.0475],[-6.5791,57.0491],[-6.6079,57.0525]]]}},{"type":"Feature","properties":{},"geometry":{"type":"Polygon","coordinates":[[[-5.9599,57.2839],[-5.9851,57.2906],[-6.0067,57.3041],[-6.0139,57.3176],[-5.9887,57.3261],[-5.9563,57.321],[-5.9311,57.3075],[-5.9239,57.2923],[-5.9599,57.2839]]]}},{"type":"Feature","properties":{},"geometry":{"type":"Polygon","coordinates":[[[-5.9671,57.5186],[-5.9851,57.5219],[-5.9887,57.5338],[-5.9887,57.5456],[-5.9743,57.5591],[-5.9815,57.5608],[-5.9815,57.5625],[-5.9815,57.5658],[-5.9743,57.5726],[-5.9671,57.576],[-5.9635,57.5777],[-5.9563,57.5726],[-5.9671,57.5338],[-5.9671,57.5186]]]}},{"type":"Feature","properties":{},"geometry":{"type":"Polygon","coordinates":[[[-7.2235,57.7094],[-7.1803,57.7347],[-7.1623,57.7364],[-7.1515,57.7263],[-7.1695,57.7144],[-7.1983,57.7077],[-7.2235,57.7094]]]}},{"type":"Feature","properties":{},"geometry":{"type":"Polygon","coordinates":[[[-8.6203,57.8326],[-8.6059,57.8259],[-8.5699,57.8242],[-8.5519,57.8191],[-8.5699,57.8073],[-8.5915,57.8039],[-8.6095,57.8124],[-8.6203,57.8326]]]}},{"type":"Feature","properties":{},"geometry":{"type":"Polygon","coordinates":[[[-7.0435,57.9019],[-7.0471,57.8901],[-7.0543,57.885],[-7.0651,57.8816],[-7.0795,57.8799],[-7.0759,57.8884],[-7.0759,57.8901],[-7.0795,57.8917],[-7.0795,57.8951],[-7.0363,57.9171],[-7.0147,57.9221],[-6.9967,57.9154],[-6.9967,57.8934],[-7.0075,57.8901],[-7.0435,57.9019]]]}},{"type":"Feature","properties":{},"geometry":{"type":"Polygon","coordinates":[[[11.7379,58.0589],[11.7379,58.042],[11.7415,58.0353],[11.7451,58.0319],[11.7343,58.0032],[11.7307,57.9981],[11.7199,57.9914],[11.7091,57.9931],[11.7055,57.9998],[11.7127,58.0116],[11.6947,58.015],[11.6803,58.0066],[11.6659,57.9897],[11.6587,57.9627],[11.6515,57.9559],[11.6407,57.9508],[11.6191,57.9542],[11.6119,57.9492],[11.6047,57.9407],[11.5939,57.9356],[11.5795,57.9356],[11.5723,57.9407],[11.5651,57.9458],[11.5615,57.9492],[11.5327,57.9508],[11.5291,57.9542],[11.5255,57.966],[11.5219,57.9745],[11.5147,57.9846],[11.5111,57.9931],[11.5147,58.0015],[11.5255,58.0049],[11.5543,58.0032],[11.5687,58.0032],[11.5471,58.0099],[11.5255,58.0099],[11.5039,58.0133],[11.4967,58.0285],[11.5075,58.0454],[11.5255,58.0505],[11.5687,58.0454],[11.6587,58.0454],[11.6803,58.0505],[11.6983,58.0589],[11.7163,58.064],[11.7379,58.0589]]]}},{"type":"Feature","properties":{},"geometry":{"type":"Polygon","coordinates":[[[-6.8743,58.2159],[-6.8635,58.2159],[-6.8599,58.2159],[-6.8599,58.2227],[-6.8707,58.2261],[-6.8815,58.2362],[-6.8851,58.248],[-6.8815,58.2582],[-6.8599,58.2531],[-6.8275,58.2345],[-6.8203,58.2379],[-6.8095,58.2328],[-6.8023,58.2261],[-6.7951,58.2193],[-6.7915,58.2092],[-6.8743,58.2092],[-6.8743,58.2159]]]}},{"type":"Feature","properties":{},"geometry":{"type":"Polygon","coordinates":[[[11.8063,58.2311],[11.8135,58.2109],[11.8135,58.1889],[11.8135,58.145],[11.8063,58.1265],[11.7811,58.1197],[11.7559,58.118],[11.7091,58.0977],[11.6551,58.1079],[11.6299,58.0994],[11.6119,58.118],[11.5867,58.1231],[11.5579,58.118],[11.5327,58.1062],[11.5219,58.0961],[11.5183,58.0893],[11.5147,58.0859],[11.5075,58.0859],[11.4967,58.0893],[11.4643,58.1062],[11.4643,58.0724],[11.4571,58.0724],[11.4499,58.0977],[11.4463,58.1028],[11.4175,58.1231],[11.4067,58.1315],[11.4103,58.145],[11.4283,58.1602],[11.5291,58.2126],[11.5615,58.2193],[11.5867,58.2328],[11.6011,58.2379],[11.6191,58.2379],[11.6479,58.2345],[11.6623,58.2379],[11.6587,58.248],[11.6587,58.2582],[11.6659,58.2666],[11.6767,58.2717],[11.6731,58.2818],[11.6695,58.2852],[11.6875,58.2919],[11.7019,58.2919],[11.7379,58.2852],[11.7487,58.2632],[11.7703,58.2531],[11.7883,58.2463],[11.8063,58.2311]]]}},{"type":"Feature","properties":{},"geometry":{"type":"Polygon","coordinates":[[[19.3304,58.3679],[19.2908,58.351],[19.2512,58.3426],[19.2152,58.3544],[19.1864,58.3949],[19.2224,58.3949],[19.2476,58.3865],[19.3052,58.3797],[19.3304,58.3679]]]}},{"type":"Feature","properties":{},"geometry":{"type":"Polygon","coordinates":[[[-2.5434,59.121],[-2.547,59.1092],[-2.5434,59.1025],[-2.5146,59.094],[-2.5326,59.0839],[-2.5758,59.0805],[-2.5974,59.0737],[-2.601,59.0957],[-2.6154,59.1075],[-2.6334,59.1092],[-2.6514,59.1008],[-2.6478,59.0856],[-2.6694,59.0822],[-2.6874,59.0889],[-2.6658,59.1075],[-2.6514,59.1126],[-2.6334,59.1126],[-2.6226,59.116],[-2.619,59.1278],[-2.6226,59.1345],[-2.655,59.1514],[-2.6658,59.1548],[-2.6262,59.1632],[-2.6118,59.1616],[-2.6118,59.1548],[-2.6154,59.1514],[-2.619,59.148],[-2.5902,59.148],[-2.5794,59.148],[-2.5686,59.143],[-2.583,59.1447],[-2.5938,59.1379],[-2.5938,59.1295],[-2.583,59.121],[-2.5722,59.1193],[-2.5578,59.121],[-2.5362,59.1278],[-2.5362,59.1227],[-2.5362,59.121],[-2.5398,59.121],[-2.5434,59.121]]]}},{"type":"Feature","properties":{},"geometry":{"type":"Polygon","coordinates":[[[18.4304,59.2578],[18.4268,59.2612],[18.4196,59.273],[18.4124,59.2781],[18.398,59.2865],[18.344,59.3],[18.4628,59.2983],[18.524,59.2882],[18.614,59.2578],[18.56,59.2578],[18.5384,59.2595],[18.5168,59.2713],[18.5168,59.2494],[18.5312,59.2426],[18.578,59.2443],[18.5528,59.2257],[18.5204,59.2291],[18.47,59.2527],[18.4304,59.2578]]]}},{"type":"Feature","properties":{},"geometry":{"type":"Polygon","coordinates":[[[5.2759,59.3],[5.2795,59.2933],[5.2939,59.2831],[5.3155,59.273],[5.3191,59.2561],[5.3191,59.2291],[5.3011,59.2055],[5.2975,59.1683],[5.2615,59.1514],[5.2363,59.1413],[5.2075,59.143],[5.1895,59.1565],[5.1787,59.17],[5.1679,59.1953],[5.1643,59.2173],[5.1715,59.2409],[5.1715,59.2578],[5.1715,59.2679],[5.1643,59.273],[5.1787,59.2916],[5.2291,59.2848],[5.1823,59.3203],[5.1751,59.3338],[5.1751,59.349],[5.1859,59.3557],[5.2003,59.3625],[5.2075,59.3743],[5.1895,59.3844],[5.1787,59.4013],[5.1859,59.4148],[5.2075,59.4165],[5.2435,59.3692],[5.2543,59.3473],[5.2615,59.3405],[5.2723,59.3355],[5.2795,59.3304],[5.2867,59.3203],[5.2831,59.3152],[5.2795,59.3101],[5.2759,59.3]]]}},{"type":"Feature","properties":{},"geometry":{"type":"Polygon","coordinates":[[[-1.6506,59.5297],[-1.6434,59.5449],[-1.6254,59.555],[-1.6038,59.5601],[-1.5822,59.5601],[-1.5822,59.555],[-1.5822,59.5533],[-1.5858,59.5533],[-1.5894,59.5533],[-1.6038,59.5516],[-1.6074,59.5465],[-1.611,59.5398],[-1.5966,59.5398],[-1.5966,59.5313],[-1.6146,59.5263],[-1.6326,59.5162],[-1.647,59.5145],[-1.6506,59.5297]]]}},{"type":"Feature","properties":{},"geometry":{"type":"Polygon","coordinates":[[[5.3083,59.7593],[5.3191,59.7526],[5.3335,59.7222],[5.3443,59.7103],[5.3083,59.6901],[5.2903,59.6833],[5.2687,59.6833],[5.2687,59.6901],[5.2795,59.6918],[5.3119,59.7036],[5.3011,59.7188],[5.2975,59.7357],[5.2903,59.7492],[5.2687,59.7526],[5.2723,59.7357],[5.2615,59.734],[5.2399,59.7424],[5.2255,59.7559],[5.2219,59.7559],[5.2111,59.7526],[5.2003,59.7492],[5.1931,59.7441],[5.1895,59.7357],[5.1895,59.7306],[5.1931,59.7238],[5.1931,59.7137],[5.1895,59.7019],[5.1607,59.6816],[5.1535,59.6698],[5.1607,59.6546],[5.1751,59.6614],[5.1931,59.6766],[5.2075,59.6833],[5.1931,59.6631],[5.1895,59.6563],[5.1895,59.6479],[5.1967,59.6411],[5.2003,59.6327],[5.1931,59.6208],[5.2003,59.6141],[5.1931,59.6073],[5.1859,59.6023],[5.1787,59.5972],[5.1535,59.5921],[5.1535,59.5938],[5.1463,59.6006],[5.1355,59.609],[5.1247,59.6208],[5.1139,59.636],[5.1103,59.6529],[5.1175,59.685],[5.1319,59.712],[5.1571,59.7357],[5.1895,59.7593],[5.1463,59.7576],[5.1247,59.7627],[5.1175,59.7796],[5.1067,59.7677],[5.0887,59.7627],[5.0779,59.7661],[5.0707,59.7829],[5.0779,59.7948],[5.0887,59.8015],[5.0959,59.81],[5.0995,59.8268],[5.1031,59.8252],[5.1139,59.8218],[5.1175,59.8201],[5.1211,59.8285],[5.1283,59.8319],[5.1355,59.8302],[5.1463,59.8268],[5.1391,59.8404],[5.1031,59.8691],[5.1175,59.8724],[5.1283,59.8758],[5.1535,59.8741],[5.1607,59.8606],[5.1679,59.8505],[5.1931,59.8336],[5.2039,59.8302],[5.2147,59.8302],[5.2219,59.8268],[5.2219,59.8167],[5.2255,59.8066],[5.2363,59.8049],[5.2507,59.8049],[5.2615,59.8032],[5.2795,59.7779],[5.2939,59.7644],[5.3083,59.7593]]]}},{"type":"Feature","properties":{},"geometry":{"type":"Polygon","coordinates":[[[5.4883,59.8606],[5.4919,59.8522],[5.4919,59.8235],[5.4991,59.8032],[5.4811,59.788],[5.4235,59.7593],[5.3911,59.7593],[5.3623,59.7644],[5.3587,59.7728],[5.3695,59.7745],[5.3875,59.7728],[5.3983,59.7711],[5.4055,59.7796],[5.4019,59.788],[5.3911,59.7914],[5.3767,59.7931],[5.3731,59.7897],[5.3659,59.7813],[5.3515,59.7779],[5.3371,59.7796],[5.3263,59.7829],[5.3155,59.7897],[5.3119,59.7948],[5.3047,59.8133],[5.2831,59.8488],[5.2723,59.8623],[5.2579,59.8741],[5.2615,59.8859],[5.2615,59.8944],[5.2579,59.9028],[5.2507,59.9096],[5.2867,59.9383],[5.2975,59.9518],[5.2795,59.9569],[5.2759,59.9602],[5.2831,59.967],[5.2939,59.9738],[5.3047,59.9771],[5.3155,59.9788],[5.3263,59.9771],[5.3371,59.9721],[5.3443,59.9636],[5.3875,59.9586],[5.4199,59.9383],[5.4451,59.9113],[5.4667,59.8826],[5.4883,59.8606]]]}},{"type":"Feature","properties":{},"geometry":{"type":"Polygon","coordinates":[[[5.6179,60.0734],[5.6467,60.0801],[5.6575,60.0784],[5.6611,60.0666],[5.6611,60.0177],[5.6539,60.0008],[5.6035,59.9619],[5.6071,59.9501],[5.6215,59.9383],[5.6395,59.9163],[5.6215,59.9113],[5.5927,59.9231],[5.5711,59.9231],[5.5279,59.9011],[5.5099,59.8995],[5.4883,59.9163],[5.4811,59.9535],[5.4775,59.9636],[5.4667,59.9602],[5.4559,59.9552],[5.4559,59.9518],[5.4343,59.9518],[5.4091,59.9569],[5.3875,59.967],[5.3731,59.9771],[5.3623,59.9957],[5.3767,60.0025],[5.4487,60.0058],[5.4523,60.0092],[5.4451,60.0227],[5.4415,60.0329],[5.4451,60.0413],[5.4523,60.0481],[5.4631,60.0531],[5.4667,60.0531],[5.4775,60.0481],[5.4847,60.0464],[5.4919,60.0497],[5.4955,60.0531],[5.5099,60.0582],[5.5135,60.0599],[5.5783,60.0666],[5.5819,60.0649],[5.5891,60.0616],[5.5963,60.0599],[5.6035,60.0633],[5.6071,60.0683],[5.6071,60.0717],[5.6107,60.0734],[5.6179,60.0734]]]}},{"type":"Feature","properties":{},"geometry":{"type":"Polygon","coordinates":[[[22.4084,60.0531],[22.4012,60.0751],[22.412,60.0852],[22.43,60.0818],[22.448,60.0666],[22.448,60.0295],[22.448,60.0126],[22.4444,59.9974],[22.4372,59.9974],[22.4264,60.0075],[22.4084,60.0092],[22.394,60.0058],[22.3868,59.994],[22.3832,59.9923],[22.3724,60.0042],[22.358,60.021],[22.3544,60.0329],[22.3508,60.0481],[22.3472,60.0633],[22.3544,60.0751],[22.3688,60.0801],[22.3832,60.0751],[22.3832,60.0616],[22.3868,60.0514],[22.4084,60.0531]]]}},{"type":"Feature","properties":{},"geometry":{"type":"Polygon","coordinates":[[[20.2772,60.1426],[20.2988,60.1224],[20.2844,60.1038],[20.27,60.0852],[20.2772,60.0666],[20.2664,60.0599],[20.2592,60.0633],[20.252,60.0683],[20.2412,60.0734],[20.2088,60.0835],[20.2016,60.0869],[20.198,60.1038],[20.2052,60.1207],[20.216,60.1359],[20.2232,60.1494],[20.2448,60.119],[20.2592,60.1072],[20.2628,60.119],[20.252,60.1392],[20.2556,60.146],[20.2772,60.1426]]]}},{"type":"Feature","properties":{},"geometry":{"type":"Polygon","coordinates":[[[21.3536,60.2118],[21.368,60.1966],[21.3932,60.1916],[21.4472,60.1899],[21.4472,60.1831],[21.4076,60.1848],[21.3932,60.1781],[21.386,60.1629],[21.3788,60.1629],[21.3716,60.1696],[21.3572,60.1747],[21.3248,60.1764],[21.3104,60.1798],[21.2996,60.1865],[21.2888,60.1916],[21.2708,60.1899],[21.2852,60.2034],[21.3068,60.2102],[21.3536,60.2118]]]}},{"type":"Feature","properties":{},"geometry":{"type":"Polygon","coordinates":[[[22.0592,60.2118],[22.0736,60.1966],[22.0124,60.1696],[22.016,60.1679],[22.0304,60.1578],[22.0376,60.1561],[22.0088,60.1375],[21.9764,60.1359],[21.9512,60.1494],[21.9368,60.1764],[21.9512,60.1815],[21.998,60.1899],[22.0268,60.2051],[22.0412,60.2118],[22.0592,60.2118]]]}},{"type":"Feature","properties":{},"geometry":{"type":"Polygon","coordinates":[[[25.8141,60.2085],[25.8213,60.2169],[25.8393,60.2186],[25.8753,60.2169],[25.8645,60.2051],[25.8537,60.2],[25.8357,60.1966],[25.8213,60.1966],[25.8141,60.2085]]]}},{"type":"Feature","properties":{},"geometry":{"type":"Polygon","coordinates":[[[20.4284,60.2659],[20.4356,60.2625],[20.4392,60.2574],[20.4392,60.2524],[20.4428,60.2456],[20.3924,60.1966],[20.3816,60.1983],[20.3816,60.2034],[20.3852,60.2102],[20.3852,60.2169],[20.3888,60.222],[20.3888,60.2338],[20.3816,60.2406],[20.3528,60.2287],[20.3456,60.2372],[20.3456,60.2524],[20.36,60.2659],[20.378,60.2693],[20.4104,60.2591],[20.4284,60.2659]]]}},{"type":"Feature","properties":{},"geometry":{"type":"Polygon","coordinates":[[[20.8172,60.2321],[20.792,60.2389],[20.7812,60.2642],[20.7884,60.2861],[20.8064,60.2861],[20.8136,60.2811],[20.846,60.2709],[20.8532,60.2659],[20.8496,60.2541],[20.8388,60.2473],[20.8244,60.2439],[20.81,60.2456],[20.8172,60.2321]]]}},{"type":"Feature","properties":{},"geometry":{"type":"Polygon","coordinates":[[[25.6233,60.2389],[25.5909,60.2422],[25.5693,60.2574],[25.5657,60.2777],[25.5801,60.2963],[25.5981,60.2912],[25.6845,60.2456],[25.6773,60.2389],[25.6593,60.2338],[25.6449,60.2287],[25.6341,60.2186],[25.6377,60.2051],[25.6125,60.2118],[25.6017,60.2152],[25.6089,60.222],[25.6233,60.2389]]]}},{"type":"Feature","properties":{},"geometry":{"type":"Polygon","coordinates":[[[21.7244,60.482],[21.7136,60.4702],[21.6992,60.4601],[21.6884,60.455],[21.6812,60.4651],[21.692,60.4837],[21.7136,60.509],[21.7424,60.5259],[21.764,60.5259],[21.7604,60.5124],[21.7496,60.5023],[21.7244,60.482]]]}},{"type":"Feature","properties":{},"geometry":{"type":"Polygon","coordinates":[[[-0.783,60.6154],[-0.7686,60.6137],[-0.7578,60.607],[-0.7542,60.5985],[-0.7614,60.5884],[-0.7866,60.5766],[-0.8118,60.58],[-0.8406,60.5884],[-0.8694,60.5884],[-0.8694,60.58],[-0.8658,60.5766],[-0.8622,60.5749],[-0.8586,60.5715],[-0.855,60.5681],[-0.8838,60.5698],[-0.9054,60.5867],[-0.9378,60.6205],[-0.9378,60.6289],[-0.8226,60.6289],[-0.8118,60.6255],[-0.8118,60.6188],[-0.8118,60.612],[-0.8082,60.6087],[-0.801,60.6087],[-0.7938,60.6103],[-0.7866,60.6137],[-0.783,60.6154]]]}},{"type":"Feature","properties":{},"geometry":{"type":"Polygon","coordinates":[[[21.2636,60.8822],[21.2312,60.8822],[21.2168,60.8839],[21.2024,60.889],[21.2276,60.8991],[21.278,60.889],[21.2996,60.8957],[21.296,60.8991],[21.2924,60.9025],[21.2924,60.9059],[21.2924,60.9092],[21.296,60.9126],[21.3068,60.9194],[21.314,60.9227],[21.2816,60.943],[21.2636,60.9498],[21.242,60.9514],[21.2708,60.9683],[21.2852,60.9717],[21.3032,60.9717],[21.3212,60.9565],[21.3356,60.9464],[21.3752,60.9312],[21.3536,60.9194],[21.3392,60.916],[21.3284,60.9109],[21.3248,60.889],[21.3176,60.8805],[21.296,60.8788],[21.2744,60.8839],[21.2636,60.8822]]]}},{"type":"Feature","properties":{},"geometry":{"type":"Polygon","coordinates":[[[23.942,58.1129],[23.9384,58.1366],[23.9564,58.1518],[23.9852,58.1568],[24.014,58.1535],[24.0212,58.1298],[24.0032,58.1079],[23.9708,58.0994],[23.942,58.1129]]]}},{"type":"Feature","properties":{},"geometry":{"type":"Polygon","coordinates":[[[18.7148,59.2088],[18.7436,59.2071],[18.7508,59.2055],[18.7364,59.197],[18.668,59.1751],[18.6608,59.1767],[18.6644,59.1886],[18.6788,59.1987],[18.6896,59.2088],[18.704,59.2122],[18.7148,59.2088]]]}},{"type":"Feature","properties":{},"geometry":{"type":"Polygon","coordinates":[[[18.7976,59.2949],[18.8048,59.2933],[18.812,59.2899],[18.8084,59.2831],[18.7976,59.2781],[18.7904,59.273],[18.7796,59.2595],[18.776,59.2578],[18.7796,59.2544],[18.776,59.2527],[18.7688,59.251],[18.7652,59.251],[18.7544,59.2561],[18.7436,59.2595],[18.7364,59.2595],[18.7328,59.2578],[18.722,59.2629],[18.7256,59.273],[18.74,59.2848],[18.758,59.2949],[18.776,59.2983],[18.7904,59.2966],[18.7976,59.2949]]]}},{"type":"Feature","properties":{},"geometry":{"type":"Polygon","coordinates":[[[18.6752,59.3405],[18.6644,59.3473],[18.6536,59.354],[18.65,59.3591],[18.6392,59.3676],[18.6464,59.3726],[18.6896,59.3709],[18.6896,59.3743],[18.6968,59.3743],[18.7076,59.3709],[18.7148,59.3676],[18.7328,59.354],[18.7364,59.3524],[18.74,59.3507],[18.7436,59.3456],[18.7472,59.3321],[18.74,59.3203],[18.7256,59.3118],[18.6824,59.3],[18.6788,59.3],[18.6716,59.3034],[18.6752,59.3118],[18.6824,59.3135],[18.686,59.3169],[18.6824,59.322],[18.6824,59.3304],[18.6752,59.3405]]]}},{"type":"Feature","properties":{},"geometry":{"type":"Polygon","coordinates":[[[18.1064,59.3844],[18.1244,59.3895],[18.236,59.3726],[18.2504,59.3659],[18.2324,59.3642],[18.2252,59.3659],[18.2036,59.3659],[18.2108,59.3625],[18.2216,59.3524],[18.2108,59.3422],[18.1892,59.3389],[18.164,59.3405],[18.1388,59.349],[18.1244,59.3574],[18.1172,59.3642],[18.1136,59.3726],[18.1064,59.3777],[18.1064,59.3844]]]}},{"type":"Feature","properties":{},"geometry":{"type":"Polygon","coordinates":[[[18.8552,59.403],[18.866,59.3996],[18.8696,59.3929],[18.866,59.3895],[18.8552,59.3861],[18.848,59.3895],[18.848,59.3963],[18.8552,59.403]]]}},{"type":"Feature","properties":{},"geometry":{"type":"Polygon","coordinates":[[[18.9416,59.3929],[18.9452,59.3895],[18.9488,59.3794],[18.938,59.3726],[18.92,59.3794],[18.9092,59.3878],[18.9056,59.3912],[18.8984,59.3946],[18.8984,59.4013],[18.9092,59.4064],[18.92,59.4064],[18.9344,59.3996],[18.9416,59.3929]]]}},{"type":"Feature","properties":{},"geometry":{"type":"Polygon","coordinates":[[[18.9272,59.4334],[18.9092,59.4182],[18.8948,59.4064],[18.8732,59.4081],[18.8624,59.425],[18.8732,59.4402],[18.8984,59.4452],[18.9128,59.4469],[18.9164,59.4469],[18.9236,59.4419],[18.9272,59.4334]]]}},{"type":"Feature","properties":{},"geometry":{"type":"Polygon","coordinates":[[[24.5144,59.5989],[24.5324,59.5837],[24.5504,59.5584],[24.5432,59.5482],[24.518,59.5449],[24.4892,59.5601],[24.4856,59.5786],[24.5,59.5955],[24.5144,59.5989]]]}},{"type":"Feature","properties":{},"geometry":{"type":"Polygon","coordinates":[[[18.9776,59.6344],[18.9812,59.6327],[18.9848,59.6293],[18.9848,59.6242],[18.9812,59.6242],[18.974,59.6225],[18.9668,59.6192],[18.956,59.6175],[18.938,59.6192],[18.9272,59.6225],[18.9128,59.5921],[18.9056,59.5837],[18.8948,59.582],[18.884,59.5786],[18.8624,59.5837],[18.8588,59.5955],[18.8696,59.6056],[18.938,59.6495],[18.9524,59.6529],[18.9632,59.6479],[18.9776,59.6344]]]}},{"type":"Feature","properties":{},"geometry":{"type":"Polygon","coordinates":[[[18.8552,59.6006],[18.83,59.5921],[18.8264,59.5888],[18.8264,59.5854],[18.8228,59.5837],[18.8156,59.5837],[18.8084,59.582],[18.7832,59.5736],[18.7688,59.5719],[18.758,59.5719],[18.758,59.5753],[18.776,59.5803],[18.7976,59.5888],[18.8156,59.6023],[18.8264,59.609],[18.866,59.6327],[18.9236,59.6563],[18.9236,59.6479],[18.9056,59.6344],[18.8588,59.604],[18.8552,59.6006]]]}},{"type":"Feature","properties":{},"geometry":{"type":"Polygon","coordinates":[[[18.9956,59.81],[18.9992,59.8083],[19.0028,59.8049],[19.0028,59.7998],[18.9992,59.7948],[18.9884,59.7897],[18.9704,59.7863],[18.956,59.7863],[18.9416,59.7897],[18.9344,59.7931],[18.9308,59.7897],[18.9272,59.7863],[18.9164,59.788],[18.8912,59.7863],[18.884,59.7948],[18.8984,59.81],[18.9416,59.8488],[18.9524,59.8606],[18.9596,59.864],[18.9704,59.8623],[18.9776,59.8572],[18.9884,59.8505],[18.9956,59.8387],[18.9956,59.8268],[18.992,59.8133],[18.992,59.8083],[18.9956,59.8083],[18.9956,59.81]]]}},{"type":"Feature","properties":{},"geometry":{"type":"Polygon","coordinates":[[[20.8748,59.9147],[20.8676,59.918],[20.8604,59.9282],[20.8712,59.9366],[20.8856,59.94],[20.8964,59.94],[20.9072,59.9332],[20.9144,59.9214],[20.9216,59.9096],[20.9108,59.9045],[20.8892,59.9096],[20.8748,59.9147]]]}},{"type":"Feature","properties":{},"geometry":{"type":"Polygon","coordinates":[[[20.9828,59.9434],[20.9684,59.9434],[20.9684,59.9417],[20.9828,59.9366],[20.99,59.9265],[20.9828,59.9214],[20.9324,59.9366],[20.918,59.9434],[20.9144,59.9484],[20.9144,59.9501],[20.9216,59.9535],[20.936,59.9586],[20.9792,59.9518],[20.99,59.9518],[20.9972,59.9501],[20.9972,59.9451],[20.9828,59.9434]]]}},{"type":"Feature","properties":{},"geometry":{"type":"Polygon","coordinates":[[[23.9168,59.9738],[23.924,59.9687],[23.9204,59.967],[23.9204,59.9602],[23.9096,59.9535],[23.8952,59.9535],[23.8952,59.9518],[23.8952,59.9501],[23.8844,59.9484],[23.87,59.9467],[23.8556,59.9535],[23.852,59.9518],[23.8484,59.9552],[23.8556,59.9636],[23.87,59.9721],[23.8916,59.9771],[23.9168,59.9738]]]}},{"type":"Feature","properties":{},"geometry":{"type":"Polygon","coordinates":[[[29.7921,59.994],[29.7993,59.9906],[29.7993,59.9856],[29.7957,59.9839],[29.7921,59.9788],[29.7885,59.9754],[29.7345,59.9957],[29.7273,60.0008],[29.7165,60.0058],[29.6985,60.0109],[29.6589,60.0261],[29.6697,60.0278],[29.7129,60.021],[29.7885,59.9974],[29.7921,59.994]]]}},{"type":"Feature","properties":{},"geometry":{"type":"Polygon","coordinates":[[[27.8841,60.0109],[27.8913,60.0042],[27.8913,59.9957],[27.8733,59.994],[27.8193,59.9822],[27.8049,59.989],[27.8013,59.9991],[27.8085,60.0092],[27.8085,60.021],[27.8193,60.0312],[27.8409,60.0261],[27.8697,60.0143],[27.8841,60.0109]]]}},{"type":"Feature","properties":{},"geometry":{"type":"Polygon","coordinates":[[[27.0237,60.043],[27.0237,60.0379],[27.0273,60.0261],[27.0201,60.0177],[27.0093,60.0143],[26.9949,60.0143],[26.9841,60.0177],[26.9769,60.0261],[26.9661,60.043],[26.9661,60.0464],[26.9625,60.0599],[26.9445,60.092],[26.9517,60.0987],[26.9625,60.0987],[26.9769,60.0886],[26.9877,60.0768],[26.9985,60.0666],[27.0093,60.0582],[27.0165,60.0481],[27.0237,60.043]]]}},{"type":"Feature","properties":{},"geometry":{"type":"Polygon","coordinates":[[[22.9592,60.1105],[22.9628,60.1038],[22.9628,60.097],[22.9556,60.0886],[22.9484,60.0852],[22.9376,60.0835],[22.9304,60.0852],[22.934,60.0903],[22.9268,60.0903],[22.916,60.0852],[22.898,60.0818],[22.8692,60.0818],[22.862,60.0818],[22.844,60.0818],[22.844,60.0852],[22.8548,60.092],[22.8656,60.1004],[22.8728,60.1105],[22.88,60.1139],[22.8908,60.119],[22.916,60.1257],[22.9376,60.124],[22.9484,60.119],[22.9592,60.1105]]]}},{"type":"Feature","properties":{},"geometry":{"type":"Polygon","coordinates":[[[21.9908,60.1308],[21.998,60.1291],[22.0124,60.1224],[22.0088,60.1156],[21.9872,60.1122],[21.9728,60.1122],[21.944,60.1139],[21.9404,60.1156],[21.9296,60.124],[21.9368,60.1308],[21.9512,60.1359],[21.962,60.1375],[21.9764,60.1308],[21.9908,60.1308]]]}},{"type":"Feature","properties":{},"geometry":{"type":"Polygon","coordinates":[[[20.684,60.1308],[20.6876,60.1257],[20.6876,60.1173],[20.6804,60.1105],[20.6732,60.1088],[20.6552,60.1156],[20.6372,60.1308],[20.6372,60.1443],[20.6444,60.1494],[20.6552,60.1511],[20.6588,60.1494],[20.6696,60.1443],[20.6804,60.1359],[20.684,60.1308]]]}},{"type":"Feature","properties":{},"geometry":{"type":"Polygon","coordinates":[[[18.7256,60.1966],[18.7292,60.1966],[18.7292,60.2],[18.7112,60.2118],[18.7184,60.2169],[18.74,60.2152],[18.7544,60.2085],[18.7616,60.2034],[18.7652,60.1966],[18.7724,60.1916],[18.7832,60.1899],[18.7868,60.1848],[18.7868,60.1781],[18.7832,60.1764],[18.7832,60.1747],[18.7904,60.1764],[18.794,60.1781],[18.8012,60.1764],[18.8048,60.1679],[18.8084,60.1612],[18.7832,60.1527],[18.7616,60.1494],[18.7364,60.1527],[18.7256,60.1561],[18.722,60.1612],[18.7148,60.173],[18.7148,60.1831],[18.7148,60.1882],[18.7184,60.195],[18.7256,60.1966]]]}},{"type":"Feature","properties":{},"geometry":{"type":"Polygon","coordinates":[[[20.684,60.2287],[20.7056,60.2186],[20.7164,60.2085],[20.7092,60.2],[20.6876,60.195],[20.6696,60.2],[20.6624,60.2051],[20.6624,60.2169],[20.6696,60.227],[20.684,60.2287]]]}},{"type":"Feature","properties":{},"geometry":{"type":"Polygon","coordinates":[[[21.9836,60.2845],[21.9764,60.2845],[21.9728,60.2861],[21.98,60.2895],[21.998,60.2963],[22.0088,60.298],[22.0052,60.2929],[21.9944,60.2878],[21.9836,60.2845]]]}},{"type":"Feature","properties":{},"geometry":{"type":"Polygon","coordinates":[[[21.9584,60.2811],[21.944,60.2777],[21.926,60.2777],[21.908,60.2794],[21.8972,60.2895],[21.8864,60.2895],[21.8756,60.3047],[21.8792,60.3098],[21.8936,60.3098],[21.908,60.3098],[21.926,60.3132],[21.9584,60.3115],[21.9728,60.3098],[21.9764,60.303],[21.9584,60.2811]]]}},{"type":"Feature","properties":{},"geometry":{"type":"Polygon","coordinates":[[[28.7121,60.2946],[28.7157,60.2929],[28.7229,60.2878],[28.7157,60.2845],[28.7049,60.2794],[28.6977,60.2726],[28.6977,60.2642],[28.6941,60.2608],[28.6725,60.2642],[28.6581,60.2642],[28.6473,60.2659],[28.6257,60.2709],[28.5681,60.2929],[28.5501,60.303],[28.5429,60.3165],[28.5429,60.3267],[28.5465,60.3334],[28.5465,60.3419],[28.5429,60.3469],[28.5465,60.3486],[28.5573,60.3452],[28.5681,60.3436],[28.5753,60.3486],[28.5789,60.3486],[28.5861,60.3402],[28.5933,60.3385],[28.6041,60.3402],[28.6113,60.3368],[28.6221,60.33],[28.6833,60.2997],[28.7121,60.2946]]]}},{"type":"Feature","properties":{},"geometry":{"type":"Polygon","coordinates":[[[28.5177,60.3385],[28.5213,60.3334],[28.5249,60.3317],[28.5249,60.325],[28.5177,60.3132],[28.5033,60.3115],[28.4817,60.3216],[28.4709,60.33],[28.4673,60.3351],[28.4601,60.3385],[28.4529,60.3402],[28.4421,60.3436],[28.4241,60.3604],[28.4277,60.3655],[28.4529,60.3672],[28.4637,60.3655],[28.4853,60.3621],[28.5033,60.3537],[28.5141,60.3469],[28.5141,60.3419],[28.5177,60.3385]]]}},{"type":"Feature","properties":{},"geometry":{"type":"Polygon","coordinates":[[[20.7776,60.3267],[20.7416,60.3132],[20.7344,60.3148],[20.7308,60.3216],[20.7308,60.325],[20.7344,60.3334],[20.7344,60.3385],[20.7452,60.3486],[20.7452,60.352],[20.7524,60.3554],[20.756,60.3604],[20.756,60.3655],[20.7632,60.3672],[20.7776,60.3672],[20.7884,60.3621],[20.792,60.352],[20.7884,60.3436],[20.7848,60.3334],[20.7776,60.3267]]]}},{"type":"Feature","properties":{},"geometry":{"type":"Polygon","coordinates":[[[21.3392,60.3841],[21.3536,60.3706],[21.3572,60.3588],[21.3536,60.352],[21.3464,60.3537],[21.3392,60.3537],[21.332,60.3554],[21.3356,60.3638],[21.332,60.3655],[21.3248,60.3672],[21.3032,60.3638],[21.296,60.3706],[21.296,60.3773],[21.3032,60.3841],[21.3068,60.3891],[21.3212,60.3908],[21.3392,60.3841]]]}},{"type":"Feature","properties":{},"geometry":{"type":"Polygon","coordinates":[[[26.6025,60.4466],[26.6457,60.4314],[26.6529,60.4263],[26.6493,60.4212],[26.6349,60.4145],[26.5737,60.406],[26.5593,60.3976],[26.5485,60.379],[26.5377,60.3773],[26.5269,60.3858],[26.5089,60.4027],[26.5125,60.4111],[26.5593,60.4162],[26.5737,60.4212],[26.5809,60.428],[26.5809,60.4347],[26.5845,60.4415],[26.5917,60.4466],[26.6025,60.4466]]]}},{"type":"Feature","properties":{},"geometry":{"type":"Polygon","coordinates":[[[55.8348,17.4908],[55.8312,17.501],[55.8312,17.5027],[55.8384,17.5094],[55.8492,17.5145],[55.8636,17.5195],[55.8816,17.5077],[55.8924,17.5043],[55.8744,17.4959],[55.8456,17.4959],[55.8348,17.4908]]]}},{"type":"Feature","properties":{},"geometry":{"type":"Polygon","coordinates":[[[37.2658,20.8545],[37.2766,20.8477],[37.2802,20.846],[37.2838,20.8325],[37.273,20.7667],[37.2658,20.7498],[37.255,20.7498],[37.2442,20.7734],[37.2442,20.8038],[37.2514,20.8342],[37.2658,20.8545]]]}},{"type":"Feature","properties":{},"geometry":{"type":"Polygon","coordinates":[[[54.5279,26.3103],[54.5315,26.3069],[54.5387,26.3035],[54.5423,26.2968],[54.5459,26.29],[54.5279,26.2512],[54.5207,26.2512],[54.5099,26.2546],[54.4991,26.2596],[54.4919,26.2664],[54.4919,26.2782],[54.4883,26.2883],[54.4883,26.2985],[54.4919,26.3103],[54.4991,26.317],[54.5063,26.3204],[54.5171,26.3187],[54.5279,26.3103]]]}},{"type":"Feature","properties":{},"geometry":{"type":"Polygon","coordinates":[[[56.3208,26.8337],[56.328,26.8608],[56.3424,26.8793],[56.3676,26.8895],[56.4036,26.8928],[56.4108,26.8624],[56.3784,26.8388],[56.3424,26.827],[56.3208,26.8337]]]}},{"type":"Feature","properties":{},"geometry":{"type":"Polygon","coordinates":[[[56.472,27.1056],[56.4828,27.1005],[56.4936,27.0955],[56.5044,27.0887],[56.5044,27.087],[56.508,27.0752],[56.5044,27.0617],[56.4936,27.0516],[56.4864,27.0499],[56.4828,27.0465],[56.4648,27.0431],[56.436,27.0549],[56.436,27.0803],[56.454,27.1022],[56.472,27.1056]]]}},{"type":"Feature","properties":{},"geometry":{"type":"Polygon","coordinates":[[[50.3051,29.272],[50.3231,29.2636],[50.3339,29.2585],[50.3303,29.2416],[50.3339,29.2248],[50.3267,29.2096],[50.3159,29.2079],[50.3051,29.2146],[50.2979,29.2383],[50.2907,29.2568],[50.2835,29.2687],[50.2943,29.2754],[50.3051,29.272]]]}},{"type":"Feature","properties":{},"geometry":{"type":"Polygon","coordinates":[[[48.0803,30.0049],[48.0731,29.9981],[48.0623,29.988],[48.0587,29.9829],[48.0299,29.9711],[48.0227,29.9694],[48.0155,29.9745],[48.0119,29.9812],[48.0083,29.9863],[48.0227,29.9948],[48.0443,30.0184],[48.0551,30.0251],[48.0947,30.0285],[48.1091,30.0285],[48.1055,30.0184],[48.0803,30.0049]]]}},{"type":"Feature","properties":{},"geometry":{"type":"Polygon","coordinates":[[[54.2651,24.2941],[54.2579,24.2874],[54.2471,24.284],[54.2399,24.2806],[54.2291,24.2806],[54.2219,24.284],[54.2039,24.3026],[54.1931,24.311],[54.1823,24.3144],[54.1787,24.3211],[54.1859,24.3363],[54.1931,24.3465],[54.2039,24.3532],[54.2183,24.3583],[54.2327,24.3583],[54.2399,24.3414],[54.2507,24.3262],[54.2723,24.3026],[54.2651,24.2941]]]}},{"type":"Feature","properties":{},"geometry":{"type":"Polygon","coordinates":[[[-16.0292,30.0336],[-16.022,30.0319],[-16.022,30.0285],[-16.0256,30.0302],[-16.0292,30.0336]]]}},{"type":"Feature","properties":{},"geometry":{"type":"Polygon","coordinates":[[[-15.8636,30.1518],[-15.8564,30.1467],[-15.8564,30.14],[-15.86,30.1332],[-15.8636,30.1349],[-15.8708,30.1366],[-15.8744,30.1383],[-15.8744,30.14],[-15.8744,30.1417],[-15.8744,30.1433],[-15.8636,30.1518]]]}},{"type":"Feature","properties":{},"geometry":{"type":"Polygon","coordinates":[[[12.8611,35.8727],[12.8683,35.8727],[12.8755,35.8659],[12.8755,35.8558],[12.8719,35.8524],[12.8575,35.8524],[12.8503,35.8558],[12.8467,35.8626],[12.8467,35.8676],[12.8539,35.871],[12.8611,35.8727]]]}},{"type":"Feature","properties":{},"geometry":{"type":"Polygon","coordinates":[[[23.8844,36.8436],[23.888,36.8386],[23.888,36.8335],[23.8844,36.8318],[23.8772,36.8369],[23.8772,36.8436],[23.8844,36.8436]]]}},{"type":"Feature","properties":{},"geometry":{"type":"Polygon","coordinates":[[[23.4596,36.9213],[23.4632,36.9162],[23.4668,36.9061],[23.4632,36.9044],[23.456,36.9061],[23.456,36.9129],[23.456,36.9145],[23.4524,36.9162],[23.4524,36.9213],[23.4488,36.9297],[23.456,36.9281],[23.4596,36.9213]]]}},{"type":"Feature","properties":{},"geometry":{"type":"Polygon","coordinates":[[[14.3479,38.5356],[14.3443,38.5474],[14.3587,38.5508],[14.3623,38.539],[14.3479,38.5356]]]}},{"type":"Feature","properties":{},"geometry":{"type":"Polygon","coordinates":[[[14.5747,38.5761],[14.5783,38.566],[14.5855,38.5609],[14.5855,38.5575],[14.5747,38.5558],[14.5531,38.5609],[14.5423,38.5744],[14.5423,38.5862],[14.5459,38.5879],[14.5639,38.5845],[14.5747,38.5761]]]}},{"type":"Feature","properties":{},"geometry":{"type":"Polygon","coordinates":[[[13.1707,38.7179],[13.1851,38.7179],[13.1959,38.7112],[13.1959,38.7078],[13.1779,38.6926],[13.1635,38.6909],[13.1527,38.6943],[13.1527,38.7027],[13.1563,38.7095],[13.1707,38.7179]]]}},{"type":"Feature","properties":{},"geometry":{"type":"Polygon","coordinates":[[[15.2264,38.8108],[15.2336,38.8074],[15.2408,38.8041],[15.2372,38.7956],[15.2336,38.7889],[15.23,38.7838],[15.2264,38.777],[15.2192,38.7737],[15.2048,38.7754],[15.1868,38.7889],[15.1868,38.7922],[15.194,38.7973],[15.2048,38.8024],[15.2084,38.8058],[15.212,38.8108],[15.2192,38.8125],[15.2264,38.8108]]]}},{"type":"Feature","properties":{},"geometry":{"type":"Polygon","coordinates":[[[13.4191,40.7949],[13.4227,40.8],[13.4335,40.8016],[13.4263,40.7915],[13.4155,40.7865],[13.4191,40.7949]]]}},{"type":"Feature","properties":{},"geometry":{"type":"Polygon","coordinates":[[[-2.3634,49.4472],[-2.3562,49.4404],[-2.3526,49.4286],[-2.3634,49.4185],[-2.3742,49.4117],[-2.3778,49.4134],[-2.3742,49.4185],[-2.3742,49.4235],[-2.3742,49.4303],[-2.3742,49.4353],[-2.3742,49.4387],[-2.3706,49.4421],[-2.367,49.4455],[-2.3634,49.4472]]]}},{"type":"Feature","properties":{},"geometry":{"type":"Polygon","coordinates":[[[-2.1762,49.7308],[-2.169,49.7292],[-2.169,49.7224],[-2.187,49.7106],[-2.2014,49.7055],[-2.2158,49.7038],[-2.2266,49.7072],[-2.2194,49.719],[-2.205,49.7241],[-2.1942,49.7241],[-2.1798,49.7308],[-2.1762,49.7308]]]}},{"type":"Feature","properties":{},"geometry":{"type":"Polygon","coordinates":[[[-6.2983,49.9352],[-6.2911,49.9318],[-6.2839,49.9233],[-6.2875,49.9132],[-6.2983,49.9098],[-6.3091,49.9132],[-6.3091,49.9267],[-6.2983,49.9352]]]}},{"type":"Feature","properties":{},"geometry":{"type":"Polygon","coordinates":[[[-6.3343,49.9605],[-6.3271,49.9571],[-6.3271,49.9487],[-6.3343,49.9419],[-6.3415,49.9453],[-6.3487,49.9554],[-6.3487,49.9639],[-6.3415,49.9639],[-6.3379,49.9605],[-6.3343,49.9605]]]}},{"type":"Feature","properties":{},"geometry":{"type":"Polygon","coordinates":[[[-4.6638,51.183],[-4.6638,51.1763],[-4.6638,51.1644],[-4.671,51.1594],[-4.6782,51.1678],[-4.6782,51.1813],[-4.6746,51.1932],[-4.671,51.1948],[-4.6674,51.1881],[-4.6638,51.183]]]}},{"type":"Feature","properties":{},"geometry":{"type":"Polygon","coordinates":[[[-9.8155,51.6389],[-9.8083,51.6406],[-9.8011,51.6372],[-9.8083,51.6305],[-9.8119,51.6271],[-9.8911,51.6119],[-9.9019,51.6136],[-9.9163,51.6187],[-9.9163,51.6288],[-9.9019,51.6372],[-9.8803,51.6406],[-9.8587,51.6423],[-9.8227,51.6389],[-9.8155,51.6389]]]}},{"type":"Feature","properties":{},"geometry":{"type":"Polygon","coordinates":[[[-10.3123,51.926],[-10.3015,51.9243],[-10.2979,51.9192],[-10.3051,51.9108],[-10.3231,51.904],[-10.3627,51.8922],[-10.3951,51.8905],[-10.4059,51.8838],[-10.4275,51.8821],[-10.4275,51.8905],[-10.4131,51.904],[-10.3627,51.926],[-10.3519,51.9311],[-10.3339,51.9311],[-10.3267,51.9294],[-10.3195,51.9243],[-10.3123,51.926]]]}},{"type":"Feature","properties":{},"geometry":{"type":"Polygon","coordinates":[[[-9.6499,53.1012],[-9.6463,53.1029],[-9.6427,53.1012],[-9.6427,53.0945],[-9.6607,53.0911],[-9.7795,53.1232],[-9.8119,53.1384],[-9.8011,53.1468],[-9.7759,53.1468],[-9.7507,53.135],[-9.7399,53.135],[-9.7147,53.1384],[-9.6967,53.1367],[-9.6715,53.13],[-9.6643,53.1232],[-9.6715,53.1164],[-9.6715,53.1097],[-9.6499,53.1012]]]}},{"type":"Feature","properties":{},"geometry":{"type":"Polygon","coordinates":[[[8.6347,54.5433],[8.6995,54.5585],[8.6995,54.5484],[8.6923,54.523],[8.6707,54.5011],[8.6419,54.4926],[8.6203,54.4926],[8.6059,54.4994],[8.5951,54.5129],[8.6023,54.5298],[8.6203,54.5382],[8.6275,54.5399],[8.6347,54.5433]]]}},{"type":"Feature","properties":{},"geometry":{"type":"Polygon","coordinates":[[[15.7052,56.117],[15.7196,56.117],[15.7268,56.1187],[15.7268,56.1137],[15.716,56.1069],[15.7016,56.1052],[15.698,56.1002],[15.7016,56.09],[15.7052,56.0799],[15.7016,56.0765],[15.698,56.0748],[15.6872,56.0748],[15.6836,56.0748],[15.6512,56.09],[15.644,56.1052],[15.6548,56.1187],[15.6692,56.1238],[15.6764,56.1204],[15.6836,56.117],[15.6944,56.117],[15.7052,56.117]]]}},{"type":"Feature","properties":{},"geometry":{"type":"Polygon","coordinates":[[[-13.6891,57.5962],[-13.6927,57.5962],[-13.6927,57.5979],[-13.6891,57.5979],[-13.6891,57.5962]]]}},{"type":"Feature","properties":{},"geometry":{"type":"Polygon","coordinates":[[[23.2616,57.8141],[23.2724,57.8073],[23.276,57.7989],[23.2688,57.7854],[23.2508,57.7837],[23.2292,57.7921],[23.2184,57.8006],[23.2184,57.809],[23.222,57.8174],[23.2256,57.8242],[23.24,57.8225],[23.2616,57.8141]]]}},{"type":"Feature","properties":{},"geometry":{"type":"Polygon","coordinates":[[[16.868,58.3038],[16.8788,58.3004],[16.8824,58.2936],[16.8788,58.2801],[16.868,58.2734],[16.8572,58.2717],[16.8464,58.275],[16.8356,58.2902],[16.832,58.3038],[16.8464,58.3105],[16.868,58.3038]]]}},{"type":"Feature","properties":{},"geometry":{"type":"Polygon","coordinates":[[[16.8932,58.3341],[16.9112,58.3375],[16.9184,58.3358],[16.9148,58.3358],[16.9148,58.3341],[16.9076,58.3291],[16.904,58.3257],[16.8968,58.3206],[16.8824,58.3173],[16.8644,58.3173],[16.8464,58.3206],[16.8284,58.3274],[16.814,58.3392],[16.8104,58.3477],[16.8032,58.3527],[16.7996,58.3578],[16.8032,58.3645],[16.796,58.3713],[16.7852,58.3797],[16.7888,58.3899],[16.8068,58.3949],[16.8176,58.3949],[16.8284,58.4],[16.8356,58.4],[16.8392,58.3983],[16.8536,58.4017],[16.8608,58.4],[16.8644,58.3983],[16.8608,58.3916],[16.85,58.3831],[16.8392,58.3797],[16.8284,58.3814],[16.8464,58.3713],[16.8464,58.3696],[16.8356,58.3696],[16.8284,58.3629],[16.832,58.3561],[16.8464,58.346],[16.8716,58.3325],[16.8932,58.3341]]]}},{"type":"Feature","properties":{},"geometry":{"type":"Polygon","coordinates":[[[18.3224,58.9691],[18.3512,58.9792],[18.3584,58.9775],[18.3548,58.9674],[18.3404,58.9572],[18.3188,58.9522],[18.308,58.9471],[18.3008,58.9454],[18.2936,58.9471],[18.29,58.942],[18.3008,58.9336],[18.3152,58.9302],[18.3152,58.9268],[18.29,58.9235],[18.272,58.9184],[18.2396,58.9133],[18.218,58.9049],[18.2072,58.9049],[18.2,58.9083],[18.1928,58.9116],[18.1964,58.9201],[18.2108,58.9353],[18.2252,58.9454],[18.2612,58.9589],[18.2756,58.9606],[18.29,58.9606],[18.3008,58.9623],[18.3044,58.9657],[18.3224,58.9691]]]}},{"type":"Feature","properties":{},"geometry":{"type":"Polygon","coordinates":[[[18.2,59.0096],[18.1964,58.9978],[18.1892,58.9944],[18.182,58.9994],[18.1748,59.0011],[18.1676,58.9978],[18.1604,58.9978],[18.1496,59.0045],[18.146,59.0045],[18.1496,58.9944],[18.1496,58.9859],[18.1496,58.9775],[18.146,58.9691],[18.1316,58.964],[18.1172,58.9674],[18.0992,58.9792],[18.0956,58.9775],[18.0884,58.9758],[18.0704,58.9657],[18.056,58.9589],[18.0524,58.9606],[18.0488,58.9674],[18.0524,58.9707],[18.0596,58.9842],[18.0668,58.991],[18.0776,58.9927],[18.0812,58.9961],[18.0812,59.0028],[18.0812,59.0096],[18.092,59.018],[18.1028,59.0231],[18.1244,59.0214],[18.1496,59.0248],[18.1712,59.0282],[18.218,59.0248],[18.2144,59.0197],[18.1784,59.0113],[18.182,59.0096],[18.1856,59.0113],[18.1928,59.0113],[18.2,59.0096]]]}},{"type":"Feature","properties":{},"geometry":{"type":"Polygon","coordinates":[[[11.0719,59.0788],[11.0755,59.0805],[11.0827,59.0771],[11.0827,59.0687],[11.0755,59.0585],[11.0647,59.0518],[11.0503,59.0467],[11.0503,59.0417],[11.0539,59.0366],[11.0467,59.0265],[11.0323,59.0214],[11.0179,59.0197],[11.0143,59.0214],[11.0107,59.0248],[11.0107,59.0298],[10.9999,59.0298],[10.9927,59.0332],[10.9927,59.0467],[10.9927,59.0619],[10.9927,59.0771],[11.0035,59.0873],[11.0215,59.0906],[11.0359,59.0889],[11.0395,59.0805],[11.0395,59.0737],[11.0467,59.0737],[11.0719,59.0754],[11.0683,59.0771],[11.0719,59.0788]]]}},{"type":"Feature","properties":{},"geometry":{"type":"Polygon","coordinates":[[[10.9099,59.116],[10.9135,59.1109],[10.9135,59.1008],[10.9063,59.0906],[10.8847,59.0721],[10.8775,59.0721],[10.8739,59.0754],[10.8703,59.0771],[10.8559,59.0737],[10.8451,59.0754],[10.8415,59.0805],[10.8379,59.0873],[10.8307,59.0991],[10.8343,59.1041],[10.8415,59.1092],[10.8559,59.116],[10.8667,59.116],[10.8667,59.1126],[10.8667,59.1092],[10.8595,59.1058],[10.8559,59.1025],[10.8559,59.0991],[10.8703,59.1058],[10.8991,59.116],[10.9099,59.116]]]}},{"type":"Feature","properties":{},"geometry":{"type":"Polygon","coordinates":[[[-1.3158,60.0936],[-1.3086,60.0936],[-1.305,60.0869],[-1.3086,60.0768],[-1.3194,60.0666],[-1.3266,60.0514],[-1.3338,60.043],[-1.3374,60.0447],[-1.3374,60.0514],[-1.3338,60.0616],[-1.3338,60.0734],[-1.3338,60.0768],[-1.3374,60.07],[-1.3374,60.0633],[-1.3554,60.0514],[-1.3662,60.0447],[-1.3698,60.0497],[-1.3554,60.0582],[-1.3518,60.07],[-1.3482,60.0835],[-1.3374,60.0936],[-1.341,60.1004],[-1.3482,60.1038],[-1.3446,60.1088],[-1.3266,60.1122],[-1.3194,60.1156],[-1.3158,60.1156],[-1.3158,60.1072],[-1.323,60.0936],[-1.323,60.0886],[-1.3158,60.0936]]]}},{"type":"Feature","properties":{},"geometry":{"type":"Polygon","coordinates":[[[-2.0538,60.1561],[-2.0502,60.1477],[-2.0466,60.1291],[-2.0646,60.1173],[-2.0862,60.124],[-2.1042,60.1325],[-2.1114,60.1375],[-2.1114,60.146],[-2.1042,60.1494],[-2.0862,60.1561],[-2.0646,60.1578],[-2.0538,60.1561]]]}},{"type":"Feature","properties":{},"geometry":{"type":"Polygon","coordinates":[[[-1.0638,60.1646],[-1.0494,60.1696],[-1.0494,60.1629],[-1.053,60.1477],[-1.0602,60.1375],[-1.0674,60.1291],[-1.0746,60.1072],[-1.0854,60.1055],[-1.1142,60.1156],[-1.1214,60.1224],[-1.1178,60.1561],[-1.1358,60.1679],[-1.1358,60.1781],[-1.1142,60.1798],[-1.0962,60.1764],[-1.089,60.1781],[-1.0854,60.1865],[-1.0782,60.1882],[-1.0746,60.1831],[-1.0746,60.173],[-1.071,60.1646],[-1.0638,60.1646]]]}},{"type":"Feature","properties":{},"geometry":{"type":"Polygon","coordinates":[[[-0.9198,60.3858],[-0.9126,60.3875],[-0.9126,60.3824],[-0.9162,60.3773],[-0.9306,60.3689],[-0.9486,60.3554],[-0.9774,60.3402],[-1.0134,60.3334],[-1.035,60.3402],[-1.0278,60.3452],[-1.0242,60.3486],[-1.0206,60.3537],[-1.017,60.3621],[-1.0062,60.3689],[-0.9954,60.3723],[-0.9846,60.3723],[-0.9738,60.3756],[-0.9666,60.3807],[-0.9306,60.3824],[-0.9234,60.3841],[-0.9198,60.3858]]]}},{"type":"Feature","properties":{},"geometry":{"type":"Polygon","coordinates":[[[4.923,60.867],[4.9266,60.8636],[4.9302,60.8619],[4.9302,60.8586],[4.9266,60.8552],[4.9194,60.8552],[4.8978,60.8586],[4.8798,60.8653],[4.8726,60.8755],[4.8726,60.8839],[4.869,60.8873],[4.8654,60.8856],[4.8618,60.8839],[4.8438,60.8907],[4.833,60.8957],[4.8294,60.9025],[4.833,60.9092],[4.8294,60.9143],[4.8258,60.921],[4.8222,60.9194],[4.8186,60.9109],[4.8078,60.9126],[4.8006,60.9177],[4.7898,60.9177],[4.7826,60.9177],[4.7826,60.921],[4.7826,60.9244],[4.7754,60.9295],[4.7826,60.9346],[4.7934,60.9396],[4.8366,60.943],[4.8438,60.9396],[4.8366,60.9329],[4.8258,60.9295],[4.8546,60.9329],[4.869,60.9329],[4.8834,60.9295],[4.8834,60.9261],[4.8762,60.9261],[4.8726,60.9244],[4.8726,60.9177],[4.887,60.9143],[4.8978,60.9075],[4.923,60.8788],[4.923,60.8704],[4.9194,60.8687],[4.923,60.867]]]}},{"type":"Feature","properties":{},"geometry":{"type":"Polygon","coordinates":[[[4.7317,61],[4.7178,60.9903],[4.707,60.9886],[4.7034,60.9937],[4.7007,61],[4.6904,61],[4.689,60.9987],[4.6818,60.997],[4.6771,61]]]}},{"type":"Feature","properties":{},"geometry":{"type":"Polygon","coordinates":[[[-16.3208,19.7282],[-16.31,19.7316],[-16.3028,19.7231],[-16.3136,19.7046],[-16.3316,19.6894],[-16.3424,19.6759],[-16.3604,19.6472],[-16.3928,19.5999],[-16.3964,19.5999],[-16.3928,19.6168],[-16.3568,19.6775],[-16.3208,19.7282]]]}},{"type":"Feature","properties":{},"geometry":{"type":"Polygon","coordinates":[[[-16.4576,20.6147],[-16.4504,20.613],[-16.4468,20.608],[-16.4468,20.5742],[-16.454,20.5708],[-16.4684,20.5759],[-16.4756,20.5944],[-16.4684,20.6096],[-16.4576,20.6147]]]}},{"type":"Feature","properties":{},"geometry":{"type":"Polygon","coordinates":[[[54.3263,24.3735],[54.3335,24.3633],[54.3371,24.3498],[54.3263,24.3211],[54.3083,24.3144],[54.2831,24.3583],[54.2795,24.365],[54.2867,24.365],[54.2975,24.3633],[54.3083,24.3566],[54.3119,24.3549],[54.3119,24.36],[54.3083,24.365],[54.2939,24.3752],[54.2903,24.3853],[54.3047,24.3853],[54.3263,24.3735]]]}},{"type":"Feature","properties":{},"geometry":{"type":"Polygon","coordinates":[[[52.3103,24.539],[52.3319,24.5255],[52.3391,24.5018],[52.3247,24.4799],[52.3139,24.4765],[52.2995,24.4832],[52.2959,24.4883],[52.2887,24.4917],[52.2815,24.4967],[52.2815,24.5103],[52.2923,24.5221],[52.2995,24.5339],[52.3103,24.539]]]}},{"type":"Feature","properties":{},"geometry":{"type":"Polygon","coordinates":[[[37.0282,25.4204],[37.039,25.412],[37.0426,25.4069],[37.039,25.4069],[37.0354,25.4086],[37.0282,25.4086],[37.0282,25.4052],[37.0318,25.3984],[37.0246,25.4001],[37.003,25.412],[36.9994,25.4221],[36.9994,25.4288],[36.9922,25.4305],[36.9778,25.4272],[36.9706,25.4356],[36.967,25.4491],[36.9562,25.4491],[36.9454,25.4424],[36.9454,25.4491],[36.9526,25.4677],[36.9598,25.4778],[36.9742,25.4778],[36.9886,25.4761],[36.9994,25.4694],[37.0102,25.4491],[37.0138,25.4508],[37.0174,25.4575],[37.021,25.4525],[37.0282,25.4204]]]}},{"type":"Feature","properties":{},"geometry":{"type":"Polygon","coordinates":[[[36.8482,25.5335],[36.841,25.5352],[36.8266,25.547],[36.8302,25.5606],[36.841,25.5707],[36.8554,25.569],[36.8662,25.5572],[36.8662,25.5454],[36.8554,25.5369],[36.8482,25.5335]]]}},{"type":"Feature","properties":{},"geometry":{"type":"Polygon","coordinates":[[[36.9022,25.5487],[36.8986,25.5774],[36.8986,25.5842],[36.8986,25.596],[36.9058,25.6028],[36.913,25.6061],[36.9238,25.6028],[36.9274,25.5926],[36.9274,25.5842],[36.9274,25.5757],[36.9202,25.5757],[36.9166,25.5808],[36.913,25.5791],[36.9166,25.5707],[36.9166,25.5673],[36.913,25.569],[36.9202,25.5555],[36.9274,25.5285],[36.9238,25.52],[36.913,25.5352],[36.9058,25.5386],[36.9022,25.5487]]]}},{"type":"Feature","properties":{},"geometry":{"type":"Polygon","coordinates":[[[54.5459,25.927],[54.5531,25.9185],[54.5531,25.9],[54.5423,25.8932],[54.5279,25.8966],[54.5135,25.9033],[54.5099,25.9135],[54.5243,25.9202],[54.5459,25.927]]]}},{"type":"Feature","properties":{},"geometry":{"type":"Polygon","coordinates":[[[55.896,26.6801],[55.9032,26.6683],[55.9032,26.6446],[55.8888,26.6244],[55.8708,26.6125],[55.8528,26.621],[55.8564,26.6446],[55.8672,26.6666],[55.8852,26.6784],[55.896,26.6801]]]}},{"type":"Feature","properties":{},"geometry":{"type":"Polygon","coordinates":[[[53.6387,26.6885],[53.6495,26.6835],[53.6603,26.6683],[53.6459,26.6564],[53.6279,26.6598],[53.6099,26.6666],[53.6027,26.6801],[53.6099,26.6902],[53.6279,26.6919],[53.6387,26.6885]]]}},{"type":"Feature","properties":{},"geometry":{"type":"Polygon","coordinates":[[[34.7313,27.9566],[34.7313,27.9195],[34.7061,27.9077],[34.6809,27.9144],[34.6629,27.9296],[34.6809,27.9583],[34.7313,27.9566]]]}},{"type":"Feature","properties":{},"geometry":{"type":"Polygon","coordinates":[[[12.6235,35.5096],[12.6199,35.508],[12.6235,35.5012],[12.6199,35.4928],[12.6127,35.4894],[12.6019,35.4911],[12.5983,35.4945],[12.5947,35.4945],[12.5551,35.508],[12.5371,35.513],[12.5263,35.5164],[12.5335,35.5215],[12.5551,35.5215],[12.5659,35.5198],[12.6127,35.5147],[12.6199,35.513],[12.6235,35.5113],[12.6235,35.5096]]]}},{"type":"Feature","properties":{},"geometry":{"type":"Polygon","coordinates":[[[27.5673,36.2442],[27.6177,36.2425],[27.6177,36.2374],[27.6177,36.2273],[27.6141,36.2189],[27.6105,36.2172],[27.6033,36.2172],[27.5817,36.2121],[27.5673,36.2155],[27.5493,36.2155],[27.5313,36.2121],[27.5205,36.2172],[27.5169,36.2307],[27.5277,36.2408],[27.5349,36.2425],[27.5493,36.2442],[27.5673,36.2442]]]}},{"type":"Feature","properties":{},"geometry":{"type":"Polygon","coordinates":[[[27.1857,36.6157],[27.1965,36.6072],[27.2073,36.587],[27.1965,36.5684],[27.1749,36.5599],[27.1605,36.5599],[27.1389,36.5633],[27.1281,36.5701],[27.1245,36.5802],[27.1389,36.6005],[27.1677,36.6157],[27.1857,36.6157]]]}},{"type":"Feature","properties":{},"geometry":{"type":"Polygon","coordinates":[[[26.5989,37.3553],[26.6025,37.3502],[26.6061,37.3401],[26.6025,37.3367],[26.5953,37.3418],[26.5881,37.3451],[26.5845,37.3451],[26.5809,37.3468],[26.5737,37.3468],[26.5629,37.3418],[26.5593,37.335],[26.5593,37.3299],[26.5557,37.3266],[26.5485,37.3266],[26.5557,37.3198],[26.5665,37.308],[26.5665,37.2742],[26.5557,37.2708],[26.5449,37.2776],[26.5485,37.2843],[26.5449,37.2877],[26.5341,37.2911],[26.5269,37.3012],[26.5341,37.3249],[26.5377,37.3316],[26.5377,37.3384],[26.5341,37.3468],[26.5341,37.3603],[26.5377,37.3721],[26.5449,37.3738],[26.5557,37.3721],[26.5701,37.3738],[26.5809,37.3705],[26.5917,37.3637],[26.5953,37.3586],[26.5989,37.3553]]]}},{"type":"Feature","properties":{},"geometry":{"type":"Polygon","coordinates":[[[24.7376,37.6136],[24.7376,37.6086],[24.7412,37.595],[24.7196,37.5934],[24.6728,37.6001],[24.6584,37.6069],[24.6764,37.6102],[24.6944,37.6153],[24.7052,37.6254],[24.716,37.6305],[24.734,37.6322],[24.7412,37.6254],[24.7376,37.6136]]]}},{"type":"Feature","properties":{},"geometry":{"type":"Polygon","coordinates":[[[12.0727,37.9682],[12.0763,37.9598],[12.0799,37.9496],[12.0655,37.9513],[12.0475,37.9615],[12.0367,37.9733],[12.0295,37.9851],[12.0367,37.9919],[12.0547,37.9919],[12.0655,37.9868],[12.0727,37.9682]]]}},{"type":"Feature","properties":{},"geometry":{"type":"Polygon","coordinates":[[[20.9468,38.6521],[20.9504,38.6487],[20.954,38.6386],[20.9432,38.6268],[20.9288,38.62],[20.9144,38.6133],[20.9072,38.6099],[20.8964,38.6065],[20.8856,38.5964],[20.8784,38.5845],[20.8712,38.5829],[20.8676,38.593],[20.8712,38.6031],[20.8892,38.6285],[20.9036,38.642],[20.9216,38.6487],[20.9468,38.6521]]]}},{"type":"Feature","properties":{},"geometry":{"type":"Polygon","coordinates":[[[20.7992,38.6656],[20.8064,38.6656],[20.8064,38.6622],[20.8028,38.6572],[20.7956,38.6504],[20.7884,38.6453],[20.7632,38.6386],[20.7596,38.6268],[20.774,38.6183],[20.7812,38.6116],[20.7848,38.6099],[20.792,38.6048],[20.7992,38.5947],[20.7884,38.5997],[20.7524,38.6268],[20.738,38.6521],[20.7452,38.6639],[20.7632,38.6656],[20.7848,38.6757],[20.7884,38.6707],[20.792,38.669],[20.7992,38.6707],[20.7992,38.669],[20.7992,38.6656]]]}},{"type":"Feature","properties":{},"geometry":{"type":"Polygon","coordinates":[[[-9.0415,38.8682],[-9.0343,38.8699],[-9.0343,38.8649],[-9.0415,38.8497],[-9.0559,38.8328],[-9.0739,38.8176],[-9.0811,38.8209],[-9.0703,38.8378],[-9.0631,38.853],[-9.0487,38.8615],[-9.0451,38.8665],[-9.0415,38.8682]]]}},{"type":"Feature","properties":{},"geometry":{"type":"Polygon","coordinates":[[[2.9862,39.1654],[2.9826,39.1384],[2.961,39.1164],[2.9322,39.1181],[2.9142,39.1519],[2.9394,39.1722],[2.979,39.1857],[2.9862,39.1654]]]}},{"type":"Feature","properties":{},"geometry":{"type":"Polygon","coordinates":[[[24.0824,39.3529],[24.0896,39.3495],[24.0932,39.3461],[24.0932,39.3292],[24.0824,39.3056],[24.0644,39.2971],[24.0536,39.3056],[24.0536,39.3123],[24.0608,39.314],[24.0572,39.3191],[24.0464,39.3241],[24.0428,39.3309],[24.0464,39.341],[24.05,39.3512],[24.0572,39.3613],[24.068,39.363],[24.068,39.3529],[24.068,39.3461],[24.0752,39.3495],[24.0824,39.3529]]]}},{"type":"Feature","properties":{},"geometry":{"type":"Polygon","coordinates":[[[27.6465,40.4606],[27.6537,40.4606],[27.6573,40.4572],[27.6573,40.4487],[27.6465,40.447],[27.6321,40.4538],[27.6141,40.4572],[27.5961,40.4572],[27.5817,40.4656],[27.5817,40.4758],[27.5925,40.4842],[27.5997,40.496],[27.6069,40.5061],[27.6393,40.4943],[27.6429,40.4876],[27.6357,40.4791],[27.6357,40.4673],[27.6465,40.4606]]]}},{"type":"Feature","properties":{},"geometry":{"type":"Polygon","coordinates":[[[9.4735,41.2356],[9.4771,41.2289],[9.4807,41.2238],[9.4807,41.217],[9.4699,41.19],[9.4735,41.185],[9.4735,41.1799],[9.4699,41.1714],[9.4627,41.1731],[9.4555,41.1799],[9.4483,41.185],[9.4411,41.1833],[9.4375,41.1866],[9.4483,41.2052],[9.4447,41.212],[9.4447,41.2204],[9.4555,41.2339],[9.4591,41.2424],[9.4663,41.2407],[9.4735,41.2356]]]}},{"type":"Feature","properties":{},"geometry":{"type":"Polygon","coordinates":[[[9.4303,41.2255],[9.4339,41.2204],[9.4339,41.217],[9.3943,41.2103],[9.3763,41.2137],[9.3727,41.2221],[9.3727,41.2305],[9.3763,41.2339],[9.3835,41.2373],[9.3907,41.2407],[9.3979,41.2474],[9.3979,41.2559],[9.4015,41.2576],[9.4087,41.2576],[9.4159,41.2626],[9.4231,41.2609],[9.4267,41.2542],[9.4303,41.2457],[9.4303,41.2373],[9.4303,41.2289],[9.4303,41.2255]]]}},{"type":"Feature","properties":{},"geometry":{"type":"Polygon","coordinates":[[[10.2979,42.345],[10.3051,42.3518],[10.3159,42.3399],[10.3123,42.3247],[10.2943,42.3281],[10.2979,42.345]]]}},{"type":"Feature","properties":{},"geometry":{"type":"Polygon","coordinates":[[[10.0927,42.5966],[10.0963,42.5915],[10.0963,42.5882],[10.0963,42.5831],[10.0963,42.5763],[10.0855,42.573],[10.0711,42.573],[10.0603,42.5763],[10.0495,42.5814],[10.0531,42.5899],[10.0639,42.5915],[10.0711,42.6],[10.0783,42.6135],[10.0855,42.6152],[10.0891,42.6034],[10.0927,42.5966]]]}},{"type":"Feature","properties":{},"geometry":{"type":"Polygon","coordinates":[[[6.2335,43.0221],[6.2407,43.0255],[6.2515,43.0171],[6.2515,43.0019],[6.2299,42.9951],[6.2155,42.99],[6.2011,42.9867],[6.1903,42.99],[6.1651,43.0002],[6.1651,43.0052],[6.1759,43.0086],[6.2047,43.0086],[6.2119,43.012],[6.2155,43.0154],[6.2191,43.0154],[6.2227,43.0154],[6.2335,43.0154],[6.2335,43.0221]]]}},{"type":"Feature","properties":{},"geometry":{"type":"Polygon","coordinates":[[[16.31,43.5084],[16.3352,43.5017],[16.3748,43.4899],[16.3712,43.4848],[16.3316,43.4814],[16.2812,43.4882],[16.2668,43.4865],[16.2596,43.4831],[16.2452,43.4814],[16.2308,43.4831],[16.22,43.4865],[16.2128,43.4899],[16.2128,43.4949],[16.22,43.4983],[16.2236,43.4966],[16.2308,43.4966],[16.2452,43.4949],[16.2524,43.5],[16.2488,43.5084],[16.2632,43.5135],[16.31,43.5084]]]}},{"type":"Feature","properties":{},"geometry":{"type":"Polygon","coordinates":[[[14.7583,44.2919],[14.7727,44.2852],[14.7907,44.2734],[14.7907,44.2666],[14.7763,44.2666],[14.7655,44.2649],[14.7583,44.2599],[14.7475,44.2615],[14.7367,44.2717],[14.7403,44.2801],[14.7511,44.2801],[14.7547,44.2835],[14.7547,44.2903],[14.7583,44.2919]]]}},{"type":"Feature","properties":{},"geometry":{"type":"Polygon","coordinates":[[[14.6143,44.3409],[14.6431,44.3257],[14.6611,44.3088],[14.6575,44.3054],[14.6395,44.3122],[14.5999,44.3392],[14.5963,44.3477],[14.6143,44.3409]]]}},{"type":"Feature","properties":{},"geometry":{"type":"Polygon","coordinates":[[[14.7979,44.3781],[14.8051,44.3679],[14.8123,44.3494],[14.8015,44.3426],[14.7835,44.3477],[14.7727,44.3527],[14.7547,44.3645],[14.7583,44.373],[14.7691,44.3848],[14.7619,44.4152],[14.7655,44.4169],[14.7727,44.4186],[14.7835,44.4186],[14.7943,44.4152],[14.8015,44.4051],[14.8051,44.3949],[14.7979,44.3882],[14.7979,44.3814],[14.7979,44.3781]]]}},{"type":"Feature","properties":{},"geometry":{"type":"Polygon","coordinates":[[[14.2435,44.6617],[14.2651,44.6803],[14.2795,44.6769],[14.2795,44.6685],[14.2759,44.6617],[14.2615,44.66],[14.2579,44.6584],[14.2579,44.6567],[14.2579,44.6533],[14.2579,44.6482],[14.2579,44.6432],[14.2579,44.6364],[14.2579,44.6347],[14.2651,44.6246],[14.2723,44.6128],[14.2651,44.6111],[14.2507,44.6161],[14.2399,44.6195],[14.2327,44.6263],[14.2327,44.6347],[14.2363,44.6415],[14.2435,44.6617]]]}},{"type":"Feature","properties":{},"geometry":{"type":"Polygon","coordinates":[[[50.7443,44.8863],[50.7587,44.8711],[50.7623,44.8644],[50.7407,44.8677],[50.7263,44.8661],[50.7119,44.8593],[50.6975,44.8576],[50.6939,44.8644],[50.7011,44.8745],[50.7011,44.8813],[50.6903,44.8829],[50.6903,44.8897],[50.6939,44.8998],[50.6867,44.9116],[50.6399,44.9336],[50.6255,44.9505],[50.6291,44.9674],[50.6363,44.9674],[50.6435,44.9522],[50.6579,44.9387],[50.6795,44.9353],[50.6939,44.9404],[50.7011,44.9488],[50.7083,44.9539],[50.7155,44.9539],[50.7155,44.9471],[50.7191,44.942],[50.7263,44.9404],[50.7335,44.9302],[50.7371,44.9083],[50.7371,44.8964],[50.7443,44.8863]]]}},{"type":"Feature","properties":{},"geometry":{"type":"Polygon","coordinates":[[[12.3283,45.4587],[12.3463,45.4587],[12.3643,45.4503],[12.3607,45.4385],[12.3535,45.4334],[12.3355,45.4267],[12.3211,45.43],[12.3175,45.4435],[12.3283,45.4587]]]}},{"type":"Feature","properties":{},"geometry":{"type":"Polygon","coordinates":[[[7.9039,54.1802],[7.9003,54.1786],[7.8967,54.1819],[7.8931,54.1836],[7.8895,54.187],[7.8859,54.1904],[7.8787,54.1938],[7.8931,54.1954],[7.9003,54.1904],[7.9039,54.1802]]]}},{"type":"Feature","properties":{},"geometry":{"type":"Polygon","coordinates":[[[7.9111,54.1921],[7.9291,54.1954],[7.9327,54.1904],[7.9183,54.187],[7.9111,54.1921]]]}},{"type":"Feature","properties":{},"geometry":{"type":"Polygon","coordinates":[[[5.7655,59.1176],[5.7763,59.1126],[5.7799,59.1008],[5.7763,59.0805],[5.7511,59.0721],[5.6683,59.1008],[5.5999,59.116],[5.5747,59.1244],[5.5855,59.1278],[5.5927,59.1328],[5.6071,59.1345],[5.6251,59.1312],[5.6359,59.1312],[5.6467,59.1312],[5.6791,59.1227],[5.6971,59.121],[5.7223,59.1261],[5.7403,59.1244],[5.7655,59.1176]]]}},{"type":"Feature","properties":{},"geometry":{"type":"Polygon","coordinates":[[[5.4631,59.2105],[5.4667,59.2038],[5.4667,59.197],[5.4631,59.1835],[5.4523,59.1632],[5.4415,59.1582],[5.4343,59.1616],[5.4307,59.1649],[5.4343,59.1666],[5.4307,59.17],[5.4271,59.1751],[5.4235,59.1784],[5.3947,59.1886],[5.3839,59.1953],[5.3767,59.2071],[5.3767,59.219],[5.3767,59.2274],[5.3839,59.2342],[5.3947,59.2409],[5.4055,59.2426],[5.4127,59.2409],[5.4271,59.2358],[5.4307,59.2325],[5.4379,59.2291],[5.4523,59.2223],[5.4631,59.2105]]]}},{"type":"Feature","properties":{},"geometry":{"type":"Polygon","coordinates":[[[22.4984,59.8775],[22.5092,59.8758],[22.5128,59.8741],[22.5056,59.8691],[22.4444,59.8522],[22.4264,59.8488],[22.4156,59.8522],[22.4156,59.8606],[22.4228,59.8657],[22.4264,59.8657],[22.4336,59.8674],[22.4588,59.8724],[22.4804,59.8741],[22.4876,59.8758],[22.4984,59.8775]]]}},{"type":"Feature","properties":{},"geometry":{"type":"Polygon","coordinates":[[[20.2808,59.9771],[20.3024,59.9991],[20.3384,60.0193],[20.3636,60.0177],[20.3996,60.0092],[20.4356,60.0042],[20.4464,59.9957],[20.3996,59.9805],[20.3672,59.9822],[20.3384,59.9805],[20.324,59.9771],[20.324,59.9619],[20.306,59.9535],[20.2844,59.9586],[20.2808,59.9771]]]}},{"type":"Feature","properties":{},"geometry":{"type":"Polygon","coordinates":[[[21.602,60.2541],[21.6164,60.2557],[21.6272,60.2524],[21.62,60.2439],[21.6092,60.2355],[21.6056,60.2287],[21.602,60.222],[21.5912,60.222],[21.5876,60.222],[21.5768,60.222],[21.5624,60.227],[21.5624,60.2406],[21.5696,60.2557],[21.5876,60.2693],[21.6056,60.2693],[21.6056,60.2608],[21.5984,60.2574],[21.602,60.2541]]]}},{"type":"Feature","properties":{},"geometry":{"type":"Polygon","coordinates":[[[21.0872,60.4803],[21.0944,60.4753],[21.098,60.4634],[21.0872,60.4516],[21.08,60.4482],[21.0656,60.455],[21.0584,60.4668],[21.0656,60.4736],[21.0764,60.4803],[21.0836,60.4803],[21.0872,60.4803]]]}},{"type":"Feature","properties":{},"geometry":{"type":"Polygon","coordinates":[[[4.8474,60.6289],[4.851,60.6205],[4.851,60.6137],[4.8438,60.612],[4.8402,60.607],[4.8438,60.5901],[4.8366,60.5867],[4.8222,60.585],[4.8006,60.5867],[4.7826,60.5935],[4.779,60.5985],[4.7898,60.5968],[4.7898,60.6002],[4.7862,60.612],[4.7862,60.6154],[4.7898,60.6137],[4.7934,60.6137],[4.7934,60.6154],[4.7934,60.6171],[4.7898,60.6306],[4.7898,60.6374],[4.7862,60.6441],[4.7862,60.6492],[4.7862,60.6559],[4.7898,60.6661],[4.8006,60.6678],[4.8114,60.661],[4.8222,60.6559],[4.8222,60.6509],[4.8222,60.6458],[4.8258,60.6441],[4.8294,60.6407],[4.8294,60.6357],[4.8258,60.6306],[4.8294,60.6289],[4.8366,60.6306],[4.8474,60.6289]]]}},{"type":"Feature","properties":{},"geometry":{"type":"Polygon","coordinates":[[[21.26,60.8535],[21.2672,60.8518],[21.2672,60.8383],[21.2636,60.8299],[21.2492,60.8332],[21.2096,60.8451],[21.206,60.8434],[21.2024,60.8451],[21.2024,60.8484],[21.1952,60.8518],[21.188,60.8569],[21.188,60.8603],[21.206,60.8636],[21.2204,60.8586],[21.224,60.8501],[21.2276,60.8468],[21.2348,60.8484],[21.242,60.8484],[21.2456,60.8468],[21.2528,60.8468],[21.26,60.8535]]]}},{"type":"Feature","properties":{},"geometry":{"type":"Polygon","coordinates":[[[52.0043,24.2536],[52.0151,24.257],[52.0259,24.2451],[52.0259,24.2418],[52.0223,24.2384],[52.0259,24.235],[52.0187,24.2198],[52.0079,24.2114],[52.0043,24.2131],[51.9971,24.2164],[51.9935,24.2198],[51.9971,24.2266],[51.9971,24.2367],[52.0043,24.2536]]]}},{"type":"Feature","properties":{},"geometry":{"type":"Polygon","coordinates":[[[51.7235,24.6082],[51.7343,24.5998],[51.7379,24.5913],[51.7379,24.5846],[51.7379,24.5812],[51.7343,24.5727],[51.7307,24.566],[51.7235,24.5694],[51.7235,24.5829],[51.7271,24.5879],[51.7235,24.5862],[51.7235,24.5913],[51.7235,24.5947],[51.7199,24.593],[51.7199,24.5913],[51.7163,24.5913],[51.7199,24.5879],[51.7127,24.593],[51.7127,24.6014],[51.7199,24.6082],[51.7235,24.6082]]]}},{"type":"Feature","properties":{},"geometry":{"type":"Polygon","coordinates":[[[53.0591,24.8936],[53.0807,24.8902],[53.0843,24.8733],[53.0807,24.853],[53.0735,24.8598],[53.0699,24.8632],[53.0627,24.8733],[53.0591,24.8868],[53.0591,24.8936]]]}},{"type":"Feature","properties":{},"geometry":{"type":"Polygon","coordinates":[[[54.2111,25.2499],[54.2327,25.2431],[54.2399,25.2093],[54.2255,25.2144],[54.2147,25.2144],[54.1967,25.2313],[54.2111,25.2499]]]}},{"type":"Feature","properties":{},"geometry":{"type":"Polygon","coordinates":[[[-4.8114,54.0604],[-4.8006,54.0587],[-4.8078,54.0468],[-4.8114,54.0401],[-4.815,54.0435],[-4.8222,54.0435],[-4.8294,54.0502],[-4.8294,54.0553],[-4.8114,54.0604]]]}},{"type":"Feature","properties":{},"geometry":{"type":"Polygon","coordinates":[[[34.5837,27.955],[34.6017,27.9431],[34.6197,27.9279],[34.6197,27.9212],[34.5837,27.9178],[34.5477,27.9195],[34.5189,27.9296],[34.4973,27.9533],[34.4973,27.955],[34.4973,27.9685],[34.4937,27.9887],[34.4901,27.9955],[34.4937,28.0005],[34.4937,28.0022],[34.4973,27.9955],[34.5009,28.0039],[34.5045,28.0107],[34.5117,28.0141],[34.5189,28.0157],[34.5333,28.009],[34.5405,28.0039],[34.5441,27.9955],[34.5189,27.9921],[34.5081,27.987],[34.5045,27.9752],[34.5081,27.9718],[34.5117,27.9668],[34.5297,27.9651],[34.5585,27.9702],[34.5693,27.9735],[34.5729,27.9718],[34.5765,27.9718],[34.5801,27.9651],[34.5837,27.9583],[34.5837,27.955]]]}},{"type":"Feature","properties":{},"geometry":{"type":"Polygon","coordinates":[[[11.2663,34.7734],[11.2735,34.7701],[11.2807,34.7633],[11.3059,34.743],[11.2987,34.7295],[11.1979,34.6941],[11.1475,34.6687],[11.1295,34.6637],[11.1223,34.6806],[11.1367,34.6941],[11.1511,34.7076],[11.1691,34.7278],[11.1727,34.743],[11.1727,34.7481],[11.1727,34.7582],[11.1799,34.7616],[11.1835,34.7515],[11.1979,34.7447],[11.2231,34.7481],[11.2231,34.7701],[11.2159,34.7819],[11.2267,34.7954],[11.2375,34.8038],[11.2447,34.8156],[11.2555,34.8258],[11.2699,34.8173],[11.2987,34.814],[11.3059,34.8055],[11.2771,34.7971],[11.2735,34.792],[11.2699,34.7852],[11.2663,34.7734]]]}},{"type":"Feature","properties":{},"geometry":{"type":"Polygon","coordinates":[[[14.2579,36.0753],[14.2831,36.0686],[14.3155,36.0517],[14.3335,36.0348],[14.3227,36.0264],[14.3047,36.0264],[14.2759,36.0162],[14.2615,36.0128],[14.2399,36.0145],[14.2219,36.0196],[14.2003,36.0264],[14.1859,36.0348],[14.1895,36.0449],[14.1859,36.0567],[14.1823,36.0652],[14.1967,36.0686],[14.2579,36.0753]]]}},{"type":"Feature","properties":{},"geometry":{"type":"Polygon","coordinates":[[[25.3821,36.4789],[25.4181,36.4704],[25.4541,36.4502],[25.4793,36.4249],[25.4901,36.3978],[25.4901,36.3776],[25.4793,36.3573],[25.4649,36.3421],[25.4469,36.3371],[25.4253,36.3387],[25.3785,36.3489],[25.3605,36.3573],[25.3749,36.3624],[25.3965,36.3607],[25.4109,36.3641],[25.4181,36.3708],[25.4289,36.386],[25.4361,36.3911],[25.4289,36.4164],[25.4253,36.4265],[25.4181,36.4333],[25.4181,36.4384],[25.4217,36.4519],[25.4073,36.4586],[25.3677,36.4671],[25.3677,36.4738],[25.3749,36.4755],[25.3785,36.4772],[25.3821,36.4789]]]}},{"type":"Feature","properties":{},"geometry":{"type":"Polygon","coordinates":[[[27.8697,36.5903],[27.8697,36.5785],[27.8733,36.5701],[27.8769,36.5616],[27.8661,36.5566],[27.8625,36.5549],[27.8697,36.5532],[27.8733,36.5498],[27.8733,36.5464],[27.8769,36.5414],[27.8553,36.5312],[27.8445,36.5279],[27.8301,36.5279],[27.8301,36.5346],[27.8337,36.5363],[27.8409,36.5431],[27.8481,36.5481],[27.8049,36.5599],[27.7941,36.5667],[27.8085,36.5751],[27.7617,36.5751],[27.7653,36.5853],[27.7761,36.5954],[27.7869,36.6055],[27.7869,36.6174],[27.7941,36.6174],[27.7941,36.619],[27.8013,36.6241],[27.8013,36.6174],[27.8193,36.6342],[27.8409,36.6444],[27.8625,36.6461],[27.8625,36.6376],[27.8337,36.6309],[27.8229,36.6241],[27.8157,36.6106],[27.8229,36.6123],[27.8301,36.6123],[27.8373,36.6022],[27.8697,36.6241],[27.8733,36.6207],[27.8733,36.619],[27.8769,36.6174],[27.8697,36.614],[27.8697,36.6089],[27.8661,36.6055],[27.8625,36.6022],[27.8697,36.6072],[27.8733,36.6055],[27.8733,36.5988],[27.8697,36.5903]]]}},{"type":"Feature","properties":{},"geometry":{"type":"Polygon","coordinates":[[[25.2741,36.7204],[25.2741,36.722],[25.2777,36.722],[25.2777,36.7237],[25.2813,36.7271],[25.2705,36.7254],[25.2525,36.7271],[25.2561,36.7356],[25.2633,36.7491],[25.2633,36.7626],[25.2633,36.7676],[25.3065,36.7947],[25.3209,36.7811],[25.3353,36.7575],[25.3497,36.7474],[25.3677,36.7389],[25.3821,36.7356],[25.4001,36.7288],[25.4109,36.7119],[25.3965,36.7102],[25.3893,36.7035],[25.3893,36.695],[25.3965,36.6849],[25.3965,36.6781],[25.3749,36.6545],[25.3389,36.668],[25.2741,36.7204]]]}},{"type":"Feature","properties":{},"geometry":{"type":"Polygon","coordinates":[[[12.0007,36.8352],[12.0367,36.8065],[12.0511,36.7896],[12.0547,36.7676],[12.0295,36.7406],[11.9971,36.7457],[11.9611,36.7659],[11.9359,36.7896],[11.9323,36.7963],[11.9251,36.8115],[11.9215,36.8284],[11.9359,36.8352],[11.9395,36.8369],[11.9467,36.8419],[11.9503,36.8419],[11.9575,36.8402],[11.9683,36.8318],[11.9719,36.8284],[11.9791,36.8267],[11.9863,36.8234],[11.9935,36.8251],[12.0007,36.8352]]]}},{"type":"Feature","properties":{},"geometry":{"type":"Polygon","coordinates":[[[24.7052,37.0344],[24.716,37.0209],[24.752,36.9855],[24.7664,36.9568],[24.7664,36.95],[24.7628,36.9449],[24.7484,36.9399],[24.7448,36.9348],[24.7088,36.9044],[24.6944,36.923],[24.68,36.9517],[24.6692,36.9787],[24.6764,36.9939],[24.6764,37.0007],[24.6656,37.0074],[24.6548,37.0243],[24.644,37.0277],[24.644,37.0327],[24.644,37.0361],[24.6512,37.0412],[24.644,37.0429],[24.644,37.0446],[24.644,37.0496],[24.6548,37.0496],[24.68,37.0327],[24.6908,37.0294],[24.698,37.0344],[24.7052,37.0344]]]}},{"type":"Feature","properties":{},"geometry":{"type":"Polygon","coordinates":[[[26.9121,36.9466],[26.9193,36.9584],[26.9265,36.9635],[26.9301,36.9669],[26.9265,36.9821],[26.9301,36.9939],[26.9373,37.004],[26.9445,37.0142],[26.9481,37.0159],[26.9517,37.0209],[26.9553,37.0277],[26.9517,37.0344],[26.9445,37.0412],[26.9337,37.0395],[26.9301,37.0361],[26.9229,37.0344],[26.9157,37.0412],[26.9121,37.0463],[26.9049,37.0631],[26.8977,37.0682],[26.8905,37.0716],[26.8869,37.075],[26.8905,37.0902],[26.9013,37.0766],[26.9877,37.0496],[26.9877,37.0412],[26.9733,37.0412],[26.9805,37.0294],[26.9949,37.0226],[27.0057,37.0159],[27.0057,37.0007],[27.0165,37.0091],[27.0237,37.0125],[27.0309,37.0125],[27.0417,37.0074],[27.0453,36.9956],[27.0381,36.9787],[27.0417,36.9669],[27.0381,36.9601],[27.0345,36.9568],[27.0345,36.9534],[27.0417,36.9534],[27.0417,36.9601],[27.0489,36.9601],[27.0417,36.9449],[27.0237,36.9449],[26.9949,36.9534],[26.9877,36.9466],[26.9877,36.9382],[26.9841,36.9297],[26.9769,36.9264],[26.9661,36.9281],[26.9589,36.9314],[26.9517,36.9314],[26.9445,36.9264],[26.9373,36.9348],[26.9301,36.9433],[26.9229,36.9466],[26.9121,36.9466]]]}},{"type":"Feature","properties":{},"geometry":{"type":"Polygon","coordinates":[[[24.4424,37.178],[24.4352,37.1847],[24.4676,37.2016],[24.4856,37.2067],[24.5,37.1999],[24.5036,37.1999],[24.5108,37.205],[24.5144,37.2067],[24.5216,37.2033],[24.5252,37.1999],[24.5324,37.1864],[24.536,37.1678],[24.536,37.1476],[24.5324,37.1307],[24.5252,37.1442],[24.518,37.1442],[24.518,37.1324],[24.5144,37.1222],[24.5072,37.1155],[24.5,37.1104],[24.4964,37.1138],[24.4928,37.1155],[24.4928,37.1172],[24.4892,37.1222],[24.4928,37.1239],[24.4964,37.1222],[24.5,37.1239],[24.4892,37.1273],[24.482,37.129],[24.4712,37.129],[24.464,37.1239],[24.4604,37.1341],[24.4604,37.1374],[24.4568,37.1357],[24.4496,37.1307],[24.4424,37.1341],[24.4352,37.1341],[24.428,37.1307],[24.4208,37.1239],[24.4208,37.1357],[24.4208,37.1374],[24.4316,37.1442],[24.4244,37.1493],[24.4244,37.1543],[24.428,37.1594],[24.4352,37.1645],[24.4316,37.1729],[24.4352,37.1763],[24.4424,37.178]]]}},{"type":"Feature","properties":{},"geometry":{"type":"Polygon","coordinates":[[[24.3668,37.4127],[24.374,37.438],[24.3956,37.4566],[24.4208,37.4718],[24.4352,37.487],[24.4424,37.487],[24.4424,37.4735],[24.4424,37.465],[24.4352,37.4515],[24.4316,37.4464],[24.4676,37.4279],[24.482,37.4127],[24.4784,37.3907],[24.464,37.3941],[24.4532,37.384],[24.446,37.3654],[24.4424,37.3502],[24.428,37.3384],[24.41,37.3232],[24.3884,37.3147],[24.3668,37.3097],[24.3776,37.3451],[24.3848,37.3603],[24.4028,37.3705],[24.4028,37.3772],[24.3992,37.3789],[24.392,37.3823],[24.3884,37.384],[24.3884,37.3907],[24.3956,37.4009],[24.3956,37.411],[24.3848,37.4161],[24.3668,37.4127]]]}},{"type":"Feature","properties":{},"geometry":{"type":"Polygon","coordinates":[[[24.9428,37.4363],[24.9464,37.4329],[24.9536,37.4296],[24.9608,37.4245],[24.9644,37.4177],[24.9644,37.4076],[24.9644,37.4025],[24.9572,37.3975],[24.896,37.3721],[24.8816,37.3637],[24.8816,37.3738],[24.8816,37.3806],[24.8852,37.3857],[24.8888,37.3907],[24.8888,37.3975],[24.8816,37.3975],[24.86,37.3975],[24.8636,37.4076],[24.8672,37.4144],[24.8744,37.4211],[24.8816,37.4262],[24.878,37.4262],[24.8672,37.4312],[24.8852,37.4346],[24.8996,37.4481],[24.9032,37.465],[24.9032,37.4802],[24.896,37.5022],[24.896,37.5106],[24.9032,37.5106],[24.9284,37.5089],[24.9392,37.5005],[24.9464,37.4853],[24.9536,37.4701],[24.9572,37.46],[24.9536,37.4532],[24.9464,37.4431],[24.9428,37.4363]]]}},{"type":"Feature","properties":{},"geometry":{"type":"Polygon","coordinates":[[[23.4092,37.899],[23.402,37.9057],[23.402,37.9125],[23.4092,37.9226],[23.4236,37.9328],[23.438,37.9395],[23.4668,37.9328],[23.4812,37.9412],[23.492,37.9564],[23.4992,37.9665],[23.4848,37.9665],[23.4776,37.9615],[23.4704,37.9547],[23.4596,37.953],[23.4524,37.9547],[23.4344,37.9598],[23.4236,37.9598],[23.456,37.9733],[23.4452,37.9783],[23.4308,37.9885],[23.4416,37.9885],[23.4524,37.9885],[23.4632,37.9851],[23.4704,37.98],[23.474,37.9885],[23.474,37.9902],[23.4704,37.9935],[23.4776,37.9986],[23.4848,38.002],[23.4956,38.002],[23.5172,37.9986],[23.5316,37.9952],[23.5352,37.9885],[23.5316,37.98],[23.5316,37.975],[23.5352,37.9682],[23.5424,37.9632],[23.546,37.9581],[23.546,37.953],[23.5748,37.953],[23.5388,37.9395],[23.5424,37.9294],[23.5208,37.9142],[23.5172,37.899],[23.5136,37.899],[23.5028,37.9057],[23.492,37.9007],[23.4812,37.8905],[23.4668,37.8838],[23.4524,37.8855],[23.42,37.8922],[23.4092,37.899]]]}},{"type":"Feature","properties":{},"geometry":{"type":"Polygon","coordinates":[[[20.7164,38.392],[20.7272,38.3887],[20.738,38.3836],[20.756,38.3718],[20.7524,38.3718],[20.738,38.3718],[20.7452,38.3448],[20.7488,38.3346],[20.7632,38.3313],[20.7632,38.3228],[20.7344,38.3194],[20.72,38.3161],[20.7056,38.3178],[20.6876,38.3363],[20.6948,38.3431],[20.6804,38.3566],[20.666,38.3718],[20.648,38.4056],[20.6444,38.414],[20.6444,38.436],[20.6408,38.4461],[20.6336,38.4528],[20.6228,38.4579],[20.6156,38.4663],[20.6192,38.4815],[20.6372,38.4731],[20.6444,38.4782],[20.6552,38.5018],[20.6732,38.4967],[20.6732,38.4849],[20.6696,38.4714],[20.6624,38.4613],[20.6768,38.4613],[20.6876,38.4579],[20.6984,38.4528],[20.7092,38.4461],[20.702,38.4258],[20.6948,38.4089],[20.6732,38.3769],[20.684,38.3735],[20.6912,38.3718],[20.7056,38.3701],[20.7164,38.3718],[20.7164,38.3769],[20.702,38.3853],[20.7236,38.3853],[20.7164,38.392]]]}},{"type":"Feature","properties":{},"geometry":{"type":"Polygon","coordinates":[[[8.4547,39.0742],[8.4583,39.0675],[8.4619,39.0658],[8.4691,39.0658],[8.4763,39.0692],[8.4763,39.0709],[8.4799,39.0725],[8.4835,39.0692],[8.4655,39.0573],[8.4583,39.0506],[8.4619,39.0422],[8.4547,39.0286],[8.4475,38.9949],[8.4367,38.9679],[8.4331,38.9628],[8.4223,38.9611],[8.4115,38.9611],[8.4043,38.9662],[8.4043,38.9746],[8.4007,38.9814],[8.3647,39.0286],[8.3503,39.0624],[8.3539,39.0827],[8.3539,39.0911],[8.3467,39.0911],[8.3467,39.0979],[8.3611,39.1181],[8.3863,39.1046],[8.4187,39.1063],[8.4439,39.1029],[8.4547,39.0742]]]}},{"type":"Feature","properties":{},"geometry":{"type":"Polygon","coordinates":[[[23.6684,39.1181],[23.6576,39.1232],[23.6288,39.1468],[23.6216,39.1553],[23.618,39.1688],[23.5856,39.2076],[23.6,39.2144],[23.6036,39.2093],[23.6036,39.2076],[23.6108,39.2076],[23.6144,39.2076],[23.6396,39.1874],[23.6648,39.1705],[23.6972,39.1553],[23.7296,39.1468],[23.726,39.1316],[23.7476,39.1283],[23.7728,39.13],[23.7944,39.1249],[23.7944,39.1181],[23.762,39.0911],[23.7404,39.081],[23.7152,39.0776],[23.708,39.0793],[23.6936,39.0894],[23.6648,39.0928],[23.6576,39.0979],[23.6576,39.1046],[23.6684,39.1114],[23.6684,39.1181]]]}},{"type":"Feature","properties":{},"geometry":{"type":"Polygon","coordinates":[[[23.9348,39.2211],[23.9204,39.1907],[23.8952,39.162],[23.8628,39.1435],[23.834,39.1468],[23.8484,39.1604],[23.8592,39.1688],[23.8736,39.1806],[23.888,39.2178],[23.9384,39.2802],[23.9564,39.2887],[23.9564,39.2853],[23.9564,39.2819],[23.9528,39.2786],[23.9492,39.2752],[23.9708,39.2718],[23.9672,39.2515],[23.9492,39.2296],[23.9348,39.2211]]]}},{"type":"Feature","properties":{},"geometry":{"type":"Polygon","coordinates":[[[13.9447,40.702],[13.9339,40.7054],[13.9195,40.7037],[13.9051,40.7003],[13.8907,40.6936],[13.8835,40.7003],[13.8583,40.7071],[13.8475,40.7155],[13.8547,40.7341],[13.8619,40.7442],[13.8691,40.7493],[13.8655,40.7527],[13.8619,40.7628],[13.8835,40.7628],[13.9447,40.7459],[13.9663,40.7358],[13.9627,40.729],[13.9627,40.7223],[13.9663,40.7155],[13.9591,40.7122],[13.9447,40.702]]]}},{"type":"Feature","properties":{},"geometry":{"type":"Polygon","coordinates":[[[8.2747,41.0566],[8.2495,41.0431],[8.2495,41.0161],[8.2459,40.9941],[8.2099,40.9958],[8.2171,41.0043],[8.2207,41.0144],[8.2243,41.0245],[8.2243,41.033],[8.2279,41.0414],[8.2423,41.0516],[8.2603,41.0651],[8.2747,41.0701],[8.2783,41.082],[8.2747,41.0955],[8.2783,41.1056],[8.2855,41.1073],[8.3035,41.1056],[8.3071,41.109],[8.3071,41.114],[8.3143,41.1191],[8.3251,41.1259],[8.3251,41.1191],[8.3287,41.1123],[8.3323,41.1056],[8.3431,41.0972],[8.3431,41.087],[8.3431,41.0735],[8.3323,41.0651],[8.2747,41.0566]]]}},{"type":"Feature","properties":{},"geometry":{"type":"Polygon","coordinates":[[[17.66,42.7435],[17.678,42.73],[17.732,42.7131],[17.75,42.6945],[17.3864,42.7705],[17.3756,42.7604],[17.354,42.7672],[17.336,42.7807],[17.3252,42.7908],[17.3432,42.7942],[17.3756,42.8026],[17.3936,42.8009],[17.3864,42.8009],[17.3828,42.7975],[17.372,42.7908],[17.3828,42.7925],[17.3936,42.7908],[17.4044,42.7891],[17.4116,42.784],[17.4188,42.7908],[17.4368,42.7824],[17.4872,42.7824],[17.5232,42.7655],[17.5736,42.757],[17.5988,42.7503],[17.5952,42.7486],[17.5952,42.7469],[17.5916,42.7435],[17.6492,42.7384],[17.66,42.7435]]]}},{"type":"Feature","properties":{},"geometry":{"type":"Polygon","coordinates":[[[15.302,43.966],[15.2984,43.9779],[15.2696,43.9998],[15.2624,44.0116],[15.2804,44.0116],[15.2948,44.0049],[15.3488,43.9762],[15.3776,43.9711],[15.3848,43.9694],[15.3884,43.9644],[15.3884,43.9475],[15.392,43.9424],[15.3992,43.9373],[15.41,43.9323],[15.4172,43.9289],[15.428,43.9221],[15.4352,43.912],[15.4424,43.8985],[15.446,43.8867],[15.4388,43.8901],[15.4316,43.8934],[15.4244,43.8934],[15.4136,43.8951],[15.4064,43.8968],[15.4028,43.9002],[15.4028,43.9053],[15.3992,43.9086],[15.3704,43.9137],[15.3596,43.9188],[15.3488,43.9289],[15.356,43.9323],[15.356,43.9356],[15.3452,43.939],[15.3272,43.9492],[15.3092,43.9576],[15.302,43.966]]]}},{"type":"Feature","properties":{},"geometry":{"type":"Polygon","coordinates":[[[15.2552,44.0184],[15.2408,44.0285],[15.2336,44.042],[15.2228,44.0505],[15.212,44.0454],[15.2084,44.0454],[15.2048,44.0505],[15.2048,44.0522],[15.2012,44.0555],[15.1976,44.0589],[15.1904,44.0471],[15.1688,44.0589],[15.1472,44.0758],[15.122,44.0927],[15.086,44.1231],[15.068,44.1332],[15.0716,44.1383],[15.0752,44.1417],[15.0716,44.1467],[15.0608,44.1619],[15.2264,44.0657],[15.248,44.0471],[15.2552,44.0184]]]}},{"type":"Feature","properties":{},"geometry":{"type":"Polygon","coordinates":[[[-2.5794,49.4928],[-2.5578,49.4995],[-2.5398,49.5096],[-2.5182,49.5147],[-2.5002,49.5063],[-2.5074,49.4978],[-2.5218,49.4792],[-2.5254,49.459],[-2.5326,49.4421],[-2.5326,49.4387],[-2.5326,49.437],[-2.5434,49.4303],[-2.5506,49.4269],[-2.5578,49.4269],[-2.565,49.4303],[-2.5722,49.4303],[-2.6694,49.4303],[-2.673,49.4337],[-2.6694,49.4387],[-2.6622,49.4438],[-2.6514,49.4455],[-2.655,49.459],[-2.6514,49.4641],[-2.637,49.4641],[-2.6262,49.4657],[-2.5794,49.4928]]]}},{"type":"Feature","properties":{},"geometry":{"type":"Polygon","coordinates":[[[4.8798,53.2211],[4.9194,53.2532],[4.9878,53.2904],[5.0563,53.314],[5.1031,53.3089],[5.1031,53.3022],[5.0779,53.3022],[5.0671,53.2988],[5.0383,53.2921],[4.959,53.2448],[4.9374,53.2262],[4.9086,53.2127],[4.8798,53.2211]]]}},{"type":"Feature","properties":{},"geometry":{"type":"Polygon","coordinates":[[[5.4235,53.4305],[5.4379,53.4373],[5.5855,53.4542],[5.5603,53.4339],[5.5351,53.4288],[5.4739,53.4271],[5.4775,53.4238],[5.4811,53.417],[5.4811,53.4119],[5.4703,53.4086],[5.4271,53.4069],[5.3839,53.3951],[5.3479,53.39],[5.2075,53.3528],[5.1787,53.3528],[5.1679,53.368],[5.1787,53.3849],[5.2327,53.3967],[5.2507,53.4069],[5.2723,53.4069],[5.4055,53.4221],[5.4235,53.4305]]]}},{"type":"Feature","properties":{},"geometry":{"type":"Polygon","coordinates":[[[5.6755,53.4677],[5.9131,53.4744],[5.9563,53.4609],[5.8555,53.4474],[5.7511,53.4474],[5.7259,53.444],[5.6791,53.4305],[5.6539,53.4339],[5.6359,53.4491],[5.6431,53.4626],[5.6575,53.471],[5.6755,53.4677]]]}},{"type":"Feature","properties":{},"geometry":{"type":"Polygon","coordinates":[[[6.2119,53.5082],[6.3091,53.5149],[6.3379,53.5082],[6.3379,53.5014],[6.3235,53.5014],[6.1543,53.4694],[6.1327,53.4542],[6.1291,53.4592],[6.1255,53.4626],[6.1327,53.4677],[6.1219,53.4812],[6.1471,53.4947],[6.1867,53.5048],[6.2119,53.5082]]]}},{"type":"Feature","properties":{},"geometry":{"type":"Polygon","coordinates":[[[6.7987,53.6044],[6.7771,53.6028],[6.7411,53.5926],[6.7231,53.5909],[6.7231,53.5842],[6.7339,53.5825],[6.7411,53.5791],[6.7483,53.5724],[6.7555,53.5622],[6.7483,53.5656],[6.7339,53.5757],[6.7267,53.5774],[6.7159,53.5757],[6.7015,53.5707],[6.6943,53.5707],[6.6763,53.5757],[6.6619,53.5876],[6.6583,53.5994],[6.6727,53.6044],[6.7483,53.618],[6.7843,53.6196],[6.7987,53.6044]]]}},{"type":"Feature","properties":{},"geometry":{"type":"Polygon","coordinates":[[[8.4979,54.7561],[8.5519,54.7544],[8.5771,54.7459],[8.5951,54.729],[8.5951,54.7223],[8.5843,54.7138],[8.5735,54.6936],[8.5663,54.6868],[8.5519,54.6851],[8.5339,54.6868],[8.5195,54.6902],[8.5123,54.6936],[8.4835,54.6885],[8.4511,54.6936],[8.3935,54.7155],[8.4151,54.7358],[8.4367,54.7493],[8.4655,54.7544],[8.4979,54.7561]]]}},{"type":"Feature","properties":{},"geometry":{"type":"Polygon","coordinates":[[[10.4491,54.8996],[10.4671,54.8911],[10.4851,54.8844],[10.4995,54.8743],[10.4995,54.8591],[10.5067,54.8557],[10.5175,54.8523],[10.4419,54.8422],[10.4203,54.8287],[10.4059,54.8253],[10.3843,54.8303],[10.2115,54.9401],[10.1935,54.9621],[10.1899,54.9773],[10.2043,54.9688],[10.2871,54.9401],[10.3123,54.9283],[10.3375,54.9063],[10.3483,54.8962],[10.3627,54.8928],[10.3807,54.8928],[10.3915,54.8962],[10.3951,54.903],[10.3879,54.9198],[10.4023,54.908],[10.4167,54.8793],[10.4275,54.8726],[10.4455,54.8726],[10.4599,54.8743],[10.4635,54.8827],[10.4491,54.8996]]]}},{"type":"Feature","properties":{},"geometry":{"type":"Polygon","coordinates":[[[12.4183,55.0296],[12.5047,55.0195],[12.5371,55.0026],[12.5551,54.9688],[12.5515,54.957],[12.5443,54.9519],[12.5263,54.9485],[12.5011,54.9485],[12.3859,54.9637],[12.3499,54.9604],[12.3139,54.9502],[12.2815,54.935],[12.2275,54.8928],[12.2095,54.8861],[12.1771,54.8894],[12.1159,54.908],[12.1159,54.9131],[12.1303,54.9131],[12.1231,54.9232],[12.1303,54.9317],[12.1375,54.9367],[12.1483,54.9401],[12.1447,54.9435],[12.1339,54.9519],[12.1303,54.9536],[12.1519,54.9688],[12.1627,54.9722],[12.1771,54.9688],[12.1843,54.9756],[12.1771,54.9891],[12.1915,54.9891],[12.2167,54.9789],[12.2311,54.9756],[12.2419,54.9773],[12.2743,54.984],[12.2851,54.9891],[12.2815,54.9992],[12.2815,55.0077],[12.2851,55.0127],[12.2959,55.0161],[12.2959,55.0228],[12.2599,55.0364],[12.2527,55.0431],[12.2491,55.0532],[12.2527,55.06],[12.2635,55.0651],[12.2815,55.0651],[12.3031,55.0414],[12.3355,55.033],[12.4183,55.0296]]]}},{"type":"Feature","properties":{},"geometry":{"type":"Polygon","coordinates":[[[12.6163,55.6881],[12.6739,55.6054],[12.6739,55.602],[12.6379,55.5784],[12.6235,55.575],[12.6055,55.5699],[12.5875,55.5615],[12.5767,55.5547],[12.5551,55.5497],[12.5335,55.5699],[12.5191,55.597],[12.5191,55.6189],[12.5299,55.6324],[12.5443,55.6409],[12.5551,55.6476],[12.5659,55.6544],[12.5767,55.6662],[12.5947,55.6915],[12.6091,55.7017],[12.6127,55.6949],[12.6127,55.6932],[12.6163,55.6881]]]}},{"type":"Feature","properties":{},"geometry":{"type":"Polygon","coordinates":[[[-6.8203,56.5375],[-6.7663,56.5493],[-6.7411,56.5476],[-6.7303,56.5307],[-6.7447,56.5172],[-6.8023,56.5139],[-6.8059,56.497],[-6.8239,56.4868],[-6.8491,56.4852],[-6.8707,56.4801],[-6.8887,56.4615],[-6.8815,56.4446],[-6.9031,56.4429],[-6.9643,56.4598],[-6.9751,56.4716],[-6.9787,56.4868],[-6.9895,56.5037],[-6.9679,56.5105],[-6.8995,56.5172],[-6.8779,56.5206],[-6.8419,56.5341],[-6.8203,56.5375]]]}},{"type":"Feature","properties":{},"geometry":{"type":"Polygon","coordinates":[[[-6.4603,56.6777],[-6.4675,56.6675],[-6.4819,56.6473],[-6.4891,56.6405],[-6.4963,56.6338],[-6.5035,56.6304],[-6.5143,56.627],[-6.5287,56.627],[-6.5647,56.5983],[-6.6151,56.5746],[-6.6331,56.5713],[-6.6583,56.578],[-6.6691,56.578],[-6.6727,56.5679],[-6.6763,56.5578],[-6.6871,56.5645],[-6.6979,56.5763],[-6.7015,56.5865],[-6.6763,56.5882],[-6.6475,56.6034],[-6.6043,56.6439],[-6.5899,56.6523],[-6.5575,56.6658],[-6.5359,56.6709],[-6.5071,56.6861],[-6.4891,56.6895],[-6.4639,56.6912],[-6.4531,56.6878],[-6.4603,56.6777]]]}},{"type":"Feature","properties":{},"geometry":{"type":"Polygon","coordinates":[[[-7.3927,57.0103],[-7.3891,57.0035],[-7.3855,56.9951],[-7.3819,56.9884],[-7.3747,56.9833],[-7.4035,56.9833],[-7.4107,56.9799],[-7.4179,56.9732],[-7.4287,56.9681],[-7.4359,56.9647],[-7.4431,56.963],[-7.4359,56.9529],[-7.4467,56.9478],[-7.4611,56.9428],[-7.4755,56.9411],[-7.5403,56.9495],[-7.5583,56.9529],[-7.5547,56.963],[-7.5439,56.9732],[-7.5295,56.9765],[-7.5151,56.9816],[-7.5115,56.9917],[-7.5151,57.0035],[-7.5259,57.0103],[-7.5007,57.0204],[-7.4755,57.0238],[-7.4575,57.0323],[-7.4503,57.0593],[-7.4431,57.0593],[-7.4431,57.0576],[-7.4359,57.0525],[-7.4287,57.0508],[-7.4215,57.0508],[-7.4179,57.0475],[-7.4143,57.0441],[-7.4287,57.0272],[-7.4359,57.0238],[-7.4035,57.0154],[-7.3927,57.0103]]]}},{"type":"Feature","properties":{},"geometry":{"type":"Polygon","coordinates":[[[-6.3235,57.0593],[-6.2731,57.0407],[-6.2515,57.0272],[-6.2695,57.0171],[-6.2695,57.0103],[-6.2443,57.0103],[-6.2551,56.9732],[-6.2767,56.9529],[-6.3019,56.9444],[-6.3415,56.9411],[-6.3595,56.9478],[-6.3775,56.9715],[-6.3919,56.9765],[-6.4063,56.9799],[-6.4351,56.9985],[-6.4567,57.0035],[-6.3955,57.0424],[-6.3631,57.0559],[-6.3235,57.0593]]]}},{"type":"Feature","properties":{},"geometry":{"type":"Polygon","coordinates":[[[19.2728,57.9762],[19.3052,57.9762],[19.3196,57.9728],[19.3376,57.9643],[19.334,57.9593],[19.3268,57.9559],[19.3196,57.9559],[19.3088,57.9559],[19.2944,57.9441],[19.2476,57.9525],[19.226,57.9458],[19.2044,57.9356],[19.1612,57.9255],[19.1396,57.9086],[19.154,57.9019],[19.1612,57.8968],[19.1612,57.8901],[19.1612,57.8799],[19.1324,57.8529],[19.1288,57.8461],[19.1144,57.8478],[19.1,57.8529],[19.0856,57.8597],[19.0712,57.8681],[19.0352,57.9052],[19.0388,57.9171],[19.046,57.9238],[19.0676,57.939],[19.0748,57.9492],[19.0784,57.9593],[19.0856,57.9677],[19.1,57.9762],[19.1144,57.9795],[19.1504,57.9795],[19.1648,57.9863],[19.172,57.988],[19.1864,57.9846],[19.2044,57.9829],[19.2224,57.9897],[19.226,57.9745],[19.2404,57.9711],[19.2728,57.9762]]]}},{"type":"Feature","properties":{},"geometry":{"type":"Polygon","coordinates":[[[-2.9538,58.8407],[-2.907,58.8373],[-2.8854,58.8323],[-2.8854,58.8205],[-2.9142,58.8103],[-2.9178,58.8069],[-2.9214,58.7968],[-2.9142,58.7901],[-2.9142,58.785],[-2.925,58.7799],[-2.9142,58.7614],[-2.9106,58.7478],[-2.9178,58.7377],[-2.9394,58.731],[-2.9862,58.758],[-2.9862,58.7647],[-2.9754,58.7715],[-2.9862,58.7867],[-3.015,58.812],[-3.0042,58.8086],[-2.9898,58.8069],[-2.979,58.8086],[-2.9682,58.812],[-2.9682,58.8205],[-3.0366,58.8205],[-3.0366,58.8255],[-2.997,58.8357],[-2.9538,58.8407]]]}},{"type":"Feature","properties":{},"geometry":{"type":"Polygon","coordinates":[[[-2.4462,59.2933],[-2.4246,59.3101],[-2.4102,59.3186],[-2.4066,59.3169],[-2.3958,59.2949],[-2.3922,59.2848],[-2.439,59.2848],[-2.4606,59.2798],[-2.4678,59.2679],[-2.4786,59.2629],[-2.4966,59.2392],[-2.5038,59.2342],[-2.5146,59.2308],[-2.5146,59.2527],[-2.5326,59.251],[-2.5758,59.224],[-2.5722,59.2342],[-2.5686,59.2375],[-2.5686,59.2443],[-2.5902,59.2392],[-2.5974,59.2392],[-2.6046,59.2443],[-2.6406,59.2173],[-2.6622,59.2071],[-2.6802,59.2105],[-2.6802,59.197],[-2.6874,59.1903],[-2.691,59.1919],[-2.6946,59.2038],[-2.6874,59.2173],[-2.6802,59.2223],[-2.673,59.2257],[-2.6586,59.2308],[-2.6514,59.2375],[-2.6334,59.2527],[-2.6262,59.2578],[-2.6118,59.2612],[-2.601,59.2612],[-2.5938,59.2646],[-2.5902,59.2781],[-2.5974,59.2814],[-2.6118,59.2933],[-2.5866,59.2933],[-2.547,59.3051],[-2.5218,59.3068],[-2.5218,59.3],[-2.5362,59.2949],[-2.5506,59.2882],[-2.5758,59.2713],[-2.5686,59.2696],[-2.565,59.2696],[-2.5614,59.2646],[-2.5506,59.2713],[-2.5182,59.2747],[-2.493,59.2899],[-2.4786,59.2916],[-2.4606,59.2899],[-2.4462,59.2933]]]}},{"type":"Feature","properties":{},"geometry":{"type":"Polygon","coordinates":[[[21.4976,60.1359],[21.53,60.1595],[21.5696,60.1696],[21.6128,60.1696],[21.656,60.1561],[21.6488,60.1443],[21.638,60.1392],[21.6128,60.1291],[21.6308,60.1291],[21.638,60.124],[21.6344,60.1156],[21.6272,60.1072],[21.6128,60.1021],[21.5984,60.1021],[21.5732,60.1072],[21.5624,60.1072],[21.5336,60.1021],[21.5228,60.097],[21.5156,60.097],[21.5048,60.1038],[21.494,60.1105],[21.4832,60.1156],[21.4976,60.1207],[21.5192,60.1224],[21.5588,60.1224],[21.548,60.1342],[21.5336,60.1375],[21.4976,60.1359]]]}},{"type":"Feature","properties":{},"geometry":{"type":"Polygon","coordinates":[[[21.7424,60.1899],[21.8,60.1966],[21.854,60.1966],[21.8864,60.1831],[21.8864,60.1764],[21.8756,60.1764],[21.8648,60.1764],[21.854,60.1747],[21.8468,60.1696],[21.854,60.1679],[21.8684,60.1561],[21.7928,60.1561],[21.8252,60.1494],[21.818,60.146],[21.8072,60.1426],[21.7964,60.1409],[21.8,60.1392],[21.8072,60.1359],[21.782,60.124],[21.7532,60.1156],[21.7208,60.1139],[21.6956,60.1224],[21.7028,60.1274],[21.7064,60.1291],[21.7028,60.1426],[21.7172,60.1477],[21.7208,60.1494],[21.7208,60.1561],[21.7064,60.1612],[21.7064,60.1713],[21.7244,60.1831],[21.7424,60.1899]]]}},{"type":"Feature","properties":{},"geometry":{"type":"Polygon","coordinates":[[[19.64,60.2203],[19.6436,60.2135],[19.6616,60.2034],[19.6688,60.1966],[19.6724,60.1899],[19.6724,60.1848],[19.676,60.1663],[19.6724,60.1578],[19.6616,60.1561],[19.6544,60.1578],[19.6472,60.1561],[19.6328,60.1663],[19.6112,60.1882],[19.5932,60.1966],[19.6004,60.1798],[19.604,60.1646],[19.6004,60.1494],[19.586,60.1359],[19.5644,60.1308],[19.5464,60.1342],[19.5284,60.1494],[19.5176,60.1696],[19.514,60.1798],[19.514,60.1831],[19.5176,60.1882],[19.532,60.1933],[19.5356,60.2017],[19.5356,60.2118],[19.5356,60.222],[19.5356,60.2321],[19.5428,60.2372],[19.5608,60.249],[19.568,60.2557],[19.5788,60.2608],[19.5932,60.2608],[19.6076,60.2574],[19.6292,60.2473],[19.6328,60.2406],[19.64,60.2321],[19.64,60.2203]]]}},{"type":"Feature","properties":{},"geometry":{"type":"Polygon","coordinates":[[[21.998,60.3334],[21.98,60.3284],[21.962,60.3284],[21.9404,60.33],[21.9224,60.3334],[21.9188,60.3334],[21.9152,60.33],[21.908,60.3267],[21.9008,60.3267],[21.9008,60.33],[21.9008,60.3385],[21.9008,60.3419],[21.8792,60.3503],[21.8684,60.3537],[21.836,60.3571],[21.8144,60.3638],[21.7928,60.3739],[21.7856,60.3858],[21.7928,60.3976],[21.8072,60.406],[21.8288,60.4094],[21.8468,60.4094],[21.8468,60.4162],[21.8,60.4432],[21.8036,60.4567],[21.8072,60.4668],[21.818,60.4719],[21.8324,60.4719],[21.8468,60.4634],[21.8936,60.4499],[21.9008,60.4398],[21.9044,60.4314],[21.9116,60.4263],[21.9224,60.4246],[21.9332,60.4229],[21.9512,60.4027],[21.9512,60.3959],[21.9224,60.401],[21.908,60.401],[21.8936,60.3959],[21.908,60.3908],[21.9368,60.3824],[21.9512,60.3756],[21.944,60.3689],[21.9764,60.3689],[21.9872,60.3655],[21.998,60.3554],[21.9728,60.3486],[21.962,60.3469],[21.98,60.3419],[21.9872,60.3419],[21.998,60.3419],[21.998,60.3334]]]}},{"type":"Feature","properties":{},"geometry":{"type":"Polygon","coordinates":[[[18.4844,59.0974],[18.488,59.0957],[18.4916,59.0889],[18.488,59.0856],[18.4844,59.0822],[18.4556,59.0569],[18.4376,59.0501],[18.434,59.0433],[18.4304,59.0383],[18.4304,59.0315],[18.4268,59.0265],[18.4232,59.0214],[18.4196,59.0163],[18.4124,59.0113],[18.4052,59.0079],[18.3944,59.0113],[18.3908,59.0113],[18.3872,59.0079],[18.3764,59.0062],[18.3656,59.0096],[18.3548,59.0163],[18.344,59.0265],[18.3404,59.0332],[18.3476,59.0366],[18.3548,59.0366],[18.362,59.04],[18.3584,59.045],[18.3512,59.0535],[18.3512,59.0569],[18.3584,59.0552],[18.3656,59.0585],[18.3764,59.0636],[18.38,59.0704],[18.3728,59.0737],[18.3764,59.0788],[18.416,59.0923],[18.434,59.1041],[18.452,59.1126],[18.4664,59.1176],[18.4808,59.116],[18.4844,59.1058],[18.4844,59.0974]]]}},{"type":"Feature","properties":{},"geometry":{"type":"Polygon","coordinates":[[[18.6572,59.506],[18.6464,59.5043],[18.6392,59.4993],[18.632,59.4891],[18.6248,59.4874],[18.6068,59.4942],[18.6032,59.4925],[18.6032,59.4874],[18.5996,59.4858],[18.596,59.4874],[18.6068,59.4672],[18.6032,59.4554],[18.5924,59.452],[18.5816,59.4554],[18.578,59.4638],[18.5816,59.43],[18.5744,59.4317],[18.5636,59.4283],[18.5564,59.4216],[18.5492,59.4233],[18.5456,59.4283],[18.542,59.4368],[18.5348,59.4469],[18.5276,59.4554],[18.5204,59.4638],[18.5168,59.4739],[18.5132,59.479],[18.5096,59.4824],[18.5132,59.4908],[18.524,59.4959],[18.5384,59.4959],[18.5492,59.4925],[18.5564,59.4824],[18.5564,59.4874],[18.56,59.4908],[18.5636,59.4925],[18.5708,59.4942],[18.578,59.4959],[18.5708,59.4959],[18.5636,59.4959],[18.56,59.4976],[18.5564,59.4993],[18.5492,59.4993],[18.5456,59.5026],[18.5528,59.5094],[18.56,59.5178],[18.5816,59.5297],[18.5924,59.5381],[18.6104,59.5449],[18.632,59.5499],[18.6536,59.5499],[18.6752,59.5449],[18.686,59.5398],[18.686,59.5347],[18.6896,59.533],[18.6932,59.533],[18.74,59.5398],[18.7364,59.5347],[18.6824,59.5212],[18.6572,59.506]]]}},{"type":"Feature","properties":{},"geometry":{"type":"Polygon","coordinates":[[[20.6084,60.0447],[20.612,60.043],[20.6192,60.043],[20.6156,60.0413],[20.6048,60.0396],[20.6012,60.0396],[20.6084,60.0362],[20.6084,60.0295],[20.6048,60.0227],[20.5976,60.016],[20.5868,60.0075],[20.576,60.0058],[20.5508,60.0193],[20.5472,60.016],[20.54,60.0092],[20.5256,60.0058],[20.5112,60.0058],[20.5004,60.0126],[20.504,60.0244],[20.5292,60.0481],[20.5436,60.0565],[20.558,60.0582],[20.5688,60.0565],[20.576,60.0599],[20.5832,60.0599],[20.5868,60.0565],[20.5868,60.0514],[20.5904,60.0514],[20.5976,60.0531],[20.6048,60.0514],[20.6084,60.0481],[20.6084,60.0447]]]}},{"type":"Feature","properties":{},"geometry":{"type":"Polygon","coordinates":[[[20.4248,60.0548],[20.45,60.0649],[20.4608,60.0666],[20.45,60.0396],[20.432,60.0244],[20.4032,60.021],[20.3888,60.0278],[20.4032,60.0413],[20.4248,60.0548]]]}},{"type":"Feature","properties":{},"geometry":{"type":"Polygon","coordinates":[[[20.522,60.0481],[20.5184,60.043],[20.5004,60.0362],[20.4716,60.0413],[20.468,60.0582],[20.4896,60.0616],[20.522,60.0649],[20.5256,60.0649],[20.5148,60.0666],[20.5184,60.07],[20.5328,60.0734],[20.5436,60.0717],[20.5364,60.0649],[20.5256,60.0565],[20.522,60.0481]]]}},{"type":"Feature","properties":{},"geometry":{"type":"Polygon","coordinates":[[[52.5731,24.3448],[52.5875,24.36],[52.6127,24.3735],[52.6343,24.3667],[52.6451,24.3515],[52.6523,24.3245],[52.6487,24.3093],[52.6271,24.284],[52.6091,24.2688],[52.5911,24.2536],[52.5803,24.2671],[52.5695,24.2823],[52.5551,24.3076],[52.5587,24.3262],[52.5731,24.3448]]]}},{"type":"Feature","properties":{},"geometry":{"type":"Polygon","coordinates":[[[54.3839,24.4393],[54.3335,24.4528],[54.3335,24.4697],[54.3767,24.5035],[54.3911,24.5221],[54.3947,24.5221],[54.3911,24.5018],[54.3983,24.4832],[54.4127,24.4714],[54.4523,24.4528],[54.4703,24.436],[54.4703,24.4258],[54.4559,24.4208],[54.4307,24.4258],[54.3839,24.4393]]]}},{"type":"Feature","properties":{},"geometry":{"type":"Polygon","coordinates":[[[36.5458,25.7311],[36.5422,25.7395],[36.5386,25.7598],[36.5422,25.802],[36.5602,25.8358],[36.5854,25.8577],[36.5926,25.8611],[36.5782,25.8493],[36.5674,25.8324],[36.5566,25.8155],[36.5566,25.797],[36.5638,25.7784],[36.5818,25.7615],[36.5926,25.7598],[36.5962,25.7581],[36.5962,25.7514],[36.589,25.7379],[36.5854,25.726],[36.5854,25.7193],[36.589,25.7142],[36.5962,25.7091],[36.607,25.7108],[36.6106,25.7091],[36.607,25.7007],[36.5962,25.6973],[36.5818,25.699],[36.5638,25.7125],[36.553,25.7193],[36.5458,25.7311]]]}},{"type":"Feature","properties":{},"geometry":{"type":"Polygon","coordinates":[[[52.6919,45.4604],[52.6991,45.4419],[52.7027,45.425],[52.7027,45.4047],[52.6775,45.3963],[52.6271,45.4098],[52.5875,45.4334],[52.5623,45.4571],[52.5515,45.479],[52.5659,45.4942],[52.5839,45.5026],[52.5947,45.5094],[52.5983,45.5162],[52.5947,45.5229],[52.5983,45.528],[52.6343,45.5263],[52.6559,45.5212],[52.6739,45.5043],[52.6883,45.4756],[52.6919,45.4604]]]}},{"type":"Feature","properties":{},"geometry":{"type":"Polygon","coordinates":[[[47.9975,45.4672],[47.9975,45.4537],[47.9975,45.452],[47.9975,45.4486],[47.9903,45.4486],[47.9831,45.4537],[47.9795,45.4554],[47.9615,45.4756],[47.9435,45.4993],[47.9291,45.5347],[47.9183,45.5702],[47.9183,45.5786],[47.9147,45.5955],[47.9183,45.609],[47.9147,45.6225],[47.9183,45.6327],[47.9291,45.636],[47.9363,45.636],[47.9471,45.6445],[47.9579,45.6512],[47.9615,45.6394],[47.9615,45.6242],[47.9651,45.6057],[47.9795,45.5837],[47.9831,45.5634],[47.9831,45.5499],[47.9903,45.5364],[47.9975,45.5212],[47.9975,45.4672]]]}},{"type":"Feature","properties":{},"geometry":{"type":"Polygon","coordinates":[[[20.0324,60.0633],[20.0684,60.0734],[20.1008,60.0953],[20.1296,60.0869],[20.162,60.0886],[20.1944,60.0649],[20.2124,60.0362],[20.2232,60.0143],[20.2268,60.0058],[20.2124,59.9906],[20.1872,59.9771],[20.1764,59.9721],[20.1836,59.9923],[20.1728,59.9991],[20.1512,59.9923],[20.1224,59.989],[20.1044,59.9957],[20.1152,60.0058],[20.1224,60.016],[20.1044,60.0278],[20.0792,60.0278],[20.0576,60.0396],[20.0252,60.043],[20.0324,60.0633]]]}},{"type":"Feature","properties":{},"geometry":{"type":"Polygon","coordinates":[[[55.05,25.8864],[55.05,25.8763],[55.0536,25.8645],[55.0464,25.8577],[55.0392,25.8577],[55.032,25.8544],[55.0248,25.8628],[55.0176,25.8594],[55.0176,25.8662],[55.014,25.8712],[55.0104,25.8814],[55.0248,25.8881],[55.0428,25.8932],[55.05,25.8864]]]}},{"type":"Feature","properties":{},"geometry":{"type":"Polygon","coordinates":[[[-25.0473,17.0349],[-25.0545,17.0248],[-25.1106,17],[-25.3137,17],[-25.3137,17.0045],[-25.3281,17.0282],[-25.3317,17.0315],[-25.3497,17.0349],[-25.3533,17.0383],[-25.3605,17.0552],[-25.3569,17.0704],[-25.3317,17.0974],[-25.3173,17.1058],[-25.3029,17.1075],[-25.2885,17.1075],[-25.2813,17.1075],[-25.2705,17.1143],[-25.2453,17.1362],[-25.2273,17.1447],[-25.2021,17.1582],[-25.1805,17.1649],[-25.1193,17.1937],[-25.1013,17.197],[-25.0905,17.1937],[-25.0797,17.1852],[-25.0545,17.1869],[-25.0401,17.1818],[-25.0293,17.1751],[-25.0257,17.1683],[-25.0257,17.1447],[-25.0221,17.1396],[-24.9968,17.1346],[-24.9932,17.1312],[-24.9896,17.1261],[-24.9752,17.1143],[-24.9716,17.1075],[-24.9716,17.0974],[-24.9788,17.0873],[-25.0149,17.0484],[-25.0185,17.0484],[-25.0257,17.0451],[-25.0437,17.0383],[-25.0473,17.0349]]]}},{"type":"Feature","properties":{},"geometry":{"type":"Polygon","coordinates":[[[-15.392,28.0309],[-15.3848,28.0242],[-15.3668,28.0157],[-15.3632,28.009],[-15.3668,27.9938],[-15.374,27.9752],[-15.3776,27.9583],[-15.3632,27.9414],[-15.3632,27.9347],[-15.374,27.9296],[-15.3812,27.9212],[-15.392,27.8992],[-15.3812,27.8857],[-15.3776,27.8671],[-15.3776,27.852],[-15.3956,27.8452],[-15.4064,27.8384],[-15.4388,27.803],[-15.4532,27.7912],[-15.5252,27.7709],[-15.536,27.7658],[-15.5396,27.7658],[-15.5648,27.7388],[-15.5792,27.7338],[-15.59,27.7388],[-15.5972,27.7456],[-15.608,27.7506],[-15.6512,27.7523],[-15.6692,27.7574],[-15.6872,27.7641],[-15.7412,27.8047],[-15.7484,27.8148],[-15.752,27.8216],[-15.7736,27.8317],[-15.7808,27.8384],[-15.7844,27.8435],[-15.8168,27.9009],[-15.8204,27.9212],[-15.8168,27.9414],[-15.8204,27.9533],[-15.8204,27.9685],[-15.8204,27.9837],[-15.8168,27.9955],[-15.806,28.0056],[-15.7664,28.0242],[-15.7484,28.036],[-15.7268,28.0563],[-15.7088,28.0816],[-15.7124,28.1052],[-15.7016,28.1154],[-15.698,28.1323],[-15.7016,28.1525],[-15.7052,28.1677],[-15.6944,28.1677],[-15.6836,28.1677],[-15.6728,28.166],[-15.6656,28.161],[-15.6512,28.1643],[-15.5972,28.1475],[-15.5216,28.1475],[-15.4604,28.1339],[-15.4352,28.1407],[-15.4388,28.1745],[-15.41,28.1795],[-15.4064,28.1778],[-15.3992,28.1643],[-15.3992,28.1576],[-15.41,28.1542],[-15.4172,28.1407],[-15.4136,28.1137],[-15.41,28.0748],[-15.4064,28.0681],[-15.4028,28.0563],[-15.3992,28.0428],[-15.392,28.0309]]]}},{"type":"Feature","properties":{},"geometry":{"type":"Polygon","coordinates":[[[-16.4288,28.1491],[-16.4396,28.1323],[-16.4576,28.1154],[-16.5224,28.058],[-16.5368,28.036],[-16.5476,28.0242],[-16.58,28.0309],[-16.634,28.0124],[-16.6592,28.0039],[-16.6772,27.9972],[-16.6916,28.0005],[-16.7024,28.0141],[-16.706,28.0225],[-16.7024,28.0343],[-16.7132,28.0377],[-16.7204,28.0444],[-16.724,28.0529],[-16.7276,28.0715],[-16.7276,28.0782],[-16.742,28.0934],[-16.7816,28.1272],[-16.7888,28.1441],[-16.796,28.166],[-16.8104,28.1812],[-16.8284,28.1964],[-16.8356,28.2082],[-16.8428,28.2538],[-16.8464,28.2623],[-16.8608,28.2825],[-16.8752,28.3045],[-16.9076,28.3349],[-16.9148,28.3551],[-16.8932,28.3687],[-16.8392,28.3906],[-16.8176,28.3839],[-16.796,28.3687],[-16.7816,28.3653],[-16.7708,28.367],[-16.742,28.3737],[-16.7204,28.3839],[-16.688,28.3923],[-16.6628,28.4007],[-16.6448,28.3957],[-16.6052,28.399],[-16.5836,28.4007],[-16.5656,28.4159],[-16.5404,28.4176],[-16.5296,28.4227],[-16.508,28.4244],[-16.4864,28.4379],[-16.4396,28.475],[-16.4216,28.4902],[-16.4144,28.4987],[-16.4108,28.5139],[-16.4072,28.5206],[-16.3892,28.5291],[-16.382,28.5341],[-16.364,28.5426],[-16.3424,28.546],[-16.3244,28.5527],[-16.3172,28.5713],[-16.2992,28.5662],[-16.202,28.5645],[-16.1408,28.5831],[-16.1192,28.5713],[-16.1264,28.5443],[-16.1588,28.524],[-16.2308,28.4885],[-16.2488,28.4615],[-16.2704,28.443],[-16.2956,28.4176],[-16.3244,28.3974],[-16.3424,28.3906],[-16.3568,28.3805],[-16.3676,28.3619],[-16.3676,28.3416],[-16.3604,28.3248],[-16.3568,28.3146],[-16.3604,28.3045],[-16.3712,28.2977],[-16.3784,28.2876],[-16.3856,28.2657],[-16.418,28.2116],[-16.4288,28.1677],[-16.4288,28.1491]]]}},{"type":"Feature","properties":{},"geometry":{"type":"Polygon","coordinates":[[[-13.9735,28.7351],[-13.9339,28.7503],[-13.8979,28.7537],[-13.8655,28.7435],[-13.8367,28.7148],[-13.8259,28.681],[-13.8223,28.6371],[-13.8295,28.551],[-13.8367,28.5308],[-13.8511,28.4919],[-13.8583,28.4784],[-13.8583,28.4463],[-13.8583,28.4345],[-13.8547,28.4278],[-13.8439,28.4142],[-13.8439,28.4075],[-13.8475,28.3974],[-13.8655,28.3822],[-13.8691,28.3771],[-13.8691,28.367],[-13.8727,28.3585],[-13.8763,28.3484],[-13.8907,28.3281],[-13.9015,28.3112],[-13.9123,28.2775],[-13.9339,28.2437],[-13.9663,28.2285],[-14.0743,28.2133],[-14.1175,28.1998],[-14.1535,28.1795],[-14.1931,28.1711],[-14.2111,28.161],[-14.2435,28.1289],[-14.2723,28.0968],[-14.3011,28.0681],[-14.3443,28.0512],[-14.3695,28.0512],[-14.4091,28.0664],[-14.4271,28.0715],[-14.4955,28.0681],[-14.5063,28.0715],[-14.5027,28.0748],[-14.4991,28.0867],[-14.4955,28.0985],[-14.4955,28.1019],[-14.4883,28.1035],[-14.4559,28.0985],[-14.4343,28.1002],[-14.3983,28.112],[-14.3407,28.1339],[-14.2687,28.1762],[-14.2399,28.2015],[-14.2255,28.2184],[-14.2147,28.2353],[-14.2075,28.2538],[-14.2003,28.3045],[-14.1931,28.3214],[-14.1715,28.3518],[-14.1463,28.4227],[-14.1391,28.4345],[-14.1283,28.443],[-14.0995,28.4869],[-14.0743,28.5358],[-14.0347,28.5882],[-14.0239,28.6371],[-14.0095,28.6675],[-14.0059,28.703],[-13.9987,28.7165],[-13.9879,28.7266],[-13.9735,28.7351]]]}},{"type":"Feature","properties":{},"geometry":{"type":"Polygon","coordinates":[[[-17.7572,28.8178],[-17.7572,28.7992],[-17.75,28.7756],[-17.7428,28.7587],[-17.7212,28.7486],[-17.7212,28.73],[-17.75,28.6996],[-17.7644,28.6777],[-17.7572,28.6574],[-17.7464,28.6219],[-17.7536,28.6034],[-17.7608,28.5764],[-17.7824,28.5493],[-17.804,28.5088],[-17.822,28.475],[-17.8292,28.4548],[-17.8364,28.4548],[-17.8436,28.4649],[-17.8652,28.475],[-17.8724,28.4936],[-17.8796,28.5443],[-17.8904,28.5561],[-17.8976,28.5713],[-17.9192,28.5966],[-17.9264,28.6186],[-17.9624,28.6709],[-17.966,28.6962],[-17.9732,28.7131],[-17.9768,28.7283],[-17.9912,28.7385],[-18.002,28.7503],[-17.9984,28.7807],[-17.9696,28.8128],[-17.9372,28.8398],[-17.912,28.855],[-17.8904,28.8431],[-17.8652,28.8415],[-17.84,28.8347],[-17.8004,28.8499],[-17.7824,28.8415],[-17.7644,28.8296],[-17.7572,28.8178]]]}},{"type":"Feature","properties":{},"geometry":{"type":"Polygon","coordinates":[[[-13.4839,29.24],[-13.4659,29.2433],[-13.4479,29.2332],[-13.4191,29.2096],[-13.4263,29.1893],[-13.4299,29.1724],[-13.4371,29.1589],[-13.4587,29.1471],[-13.4623,29.1319],[-13.4587,29.1184],[-13.4551,29.1049],[-13.4515,29.0863],[-13.4551,29.0795],[-13.4623,29.066],[-13.4659,29.0576],[-13.4659,29.0492],[-13.4659,29.0323],[-13.4659,29.0238],[-13.4803,29.0002],[-13.5091,28.9782],[-13.5415,28.9613],[-13.5883,28.9512],[-13.5991,28.9428],[-13.6063,28.9326],[-13.6207,28.9276],[-13.6351,28.9276],[-13.6567,28.9225],[-13.6747,28.9208],[-13.7107,28.9141],[-13.7359,28.8972],[-13.7575,28.8702],[-13.7755,28.8398],[-13.7791,28.8398],[-13.7899,28.8533],[-13.8115,28.8583],[-13.8583,28.86],[-13.8655,28.8651],[-13.8727,28.8769],[-13.8763,28.8887],[-13.8727,28.8938],[-13.8619,28.8972],[-13.8547,28.9056],[-13.8439,28.9208],[-13.8403,28.9377],[-13.8367,28.9867],[-13.8331,29.0002],[-13.7971,29.0475],[-13.7791,29.0643],[-13.7683,29.0745],[-13.7503,29.0812],[-13.7323,29.0846],[-13.7071,29.0863],[-13.6891,29.0914],[-13.6567,29.1167],[-13.6351,29.1268],[-13.6171,29.1319],[-13.6027,29.1336],[-13.5523,29.1336],[-13.5379,29.1386],[-13.5271,29.1505],[-13.5127,29.1741],[-13.5019,29.2079],[-13.4947,29.2248],[-13.4839,29.24]]]}},{"type":"Feature","properties":{},"geometry":{"type":"Polygon","coordinates":[[[-16.7888,32.6863],[-16.8068,32.6576],[-16.8464,32.6441],[-16.8968,32.6408],[-16.976,32.6475],[-17.1416,32.7049],[-17.1812,32.7252],[-17.2136,32.7505],[-17.2424,32.7792],[-17.2496,32.7961],[-17.2532,32.8147],[-17.246,32.8282],[-17.2316,32.8349],[-17.2244,32.84],[-17.1992,32.8687],[-17.192,32.8721],[-17.1848,32.8738],[-17.1776,32.8721],[-17.1668,32.8687],[-17.156,32.862],[-17.1308,32.8383],[-17.12,32.8349],[-17.1164,32.8333],[-17.0948,32.8282],[-17.0696,32.8147],[-17.0408,32.813],[-17.0156,32.8164],[-16.994,32.8282],[-16.9796,32.8333],[-16.958,32.8383],[-16.9184,32.8417],[-16.904,32.8366],[-16.8716,32.8181],[-16.8608,32.813],[-16.8104,32.7792],[-16.796,32.7742],[-16.7852,32.7725],[-16.7492,32.7708],[-16.7312,32.7674],[-16.7132,32.759],[-16.7024,32.764],[-16.6916,32.7674],[-16.6808,32.764],[-16.6736,32.759],[-16.6916,32.7556],[-16.724,32.7404],[-16.7384,32.7387],[-16.7492,32.7303],[-16.7816,32.6965],[-16.7888,32.6863]]]}},{"type":"Feature","properties":{},"geometry":{"type":"Polygon","coordinates":[[[28.2405,36.4333],[28.2261,36.4181],[28.2369,36.3725],[28.2153,36.3641],[28.2117,36.3573],[28.2045,36.3219],[28.1973,36.3117],[28.1757,36.2898],[28.1721,36.278],[28.1685,36.2492],[28.1649,36.2374],[28.1541,36.2324],[28.1469,36.2256],[28.1361,36.1952],[28.1289,36.1851],[28.1289,36.1868],[28.1109,36.1868],[28.1037,36.1851],[28.1001,36.1817],[28.1001,36.1749],[28.0965,36.1682],[28.0857,36.1648],[28.0605,36.1158],[28.0713,36.1108],[28.0785,36.1074],[28.0857,36.1057],[28.0965,36.104],[28.0929,36.0956],[28.0893,36.0888],[28.0821,36.0821],[28.0749,36.0753],[28.0785,36.0719],[28.0893,36.0551],[28.0389,36.0686],[28.0173,36.0686],[27.9921,36.0618],[27.9489,36.0382],[27.9309,36.0247],[27.8913,35.9723],[27.8625,35.9402],[27.8265,35.9132],[27.7797,35.8896],[27.7401,35.9132],[27.7329,35.9149],[27.7293,35.9217],[27.7113,35.9521],[27.7257,35.9673],[27.7545,36.0365],[27.7617,36.0618],[27.7581,36.0838],[27.7473,36.0956],[27.7329,36.104],[27.7077,36.1277],[27.7077,36.1327],[27.7149,36.1395],[27.7113,36.1446],[27.7041,36.1496],[27.6969,36.1496],[27.6897,36.1496],[27.6825,36.1581],[27.7005,36.1631],[27.7401,36.1851],[27.7617,36.1918],[27.7725,36.1986],[27.7689,36.2053],[27.7761,36.2121],[27.7797,36.2172],[27.7797,36.2239],[27.7797,36.2324],[27.7869,36.2459],[27.7941,36.2543],[27.8049,36.2695],[27.8085,36.2746],[27.8373,36.2813],[27.8409,36.2847],[27.8481,36.2931],[27.8841,36.3219],[27.8913,36.332],[27.8985,36.3404],[27.9597,36.3573],[28.0713,36.4046],[28.0857,36.4147],[28.1181,36.4282],[28.1829,36.4249],[28.2153,36.4553],[28.2225,36.4553],[28.2297,36.4502],[28.2405,36.4384],[28.2405,36.4333]]]}},{"type":"Feature","properties":{},"geometry":{"type":"Polygon","coordinates":[[[-25.1985,37.8652],[-25.1589,37.8517],[-25.1337,37.823],[-25.1337,37.7859],[-25.1553,37.7538],[-25.1949,37.7403],[-25.3281,37.7268],[-25.3713,37.7166],[-25.4217,37.7132],[-25.4649,37.7149],[-25.4901,37.7132],[-25.5045,37.7065],[-25.5333,37.72],[-25.5585,37.7284],[-25.6161,37.7403],[-25.7025,37.7436],[-25.8249,37.8162],[-25.8609,37.8534],[-25.8429,37.9057],[-25.7637,37.9108],[-25.7385,37.9057],[-25.7025,37.8821],[-25.6989,37.8737],[-25.6989,37.8618],[-25.6953,37.8534],[-25.6881,37.8466],[-25.6809,37.8433],[-25.5549,37.8298],[-25.5405,37.8331],[-25.5117,37.8466],[-25.4973,37.85],[-25.4901,37.8483],[-25.4685,37.8348],[-25.4577,37.8298],[-25.4433,37.8365],[-25.3389,37.8618],[-25.1985,37.8652]]]}},{"type":"Feature","properties":{},"geometry":{"type":"Polygon","coordinates":[[[20.7344,38.0628],[20.72,38.0662],[20.7056,38.0763],[20.6804,38.0982],[20.6516,38.1117],[20.6156,38.1202],[20.5796,38.1151],[20.5652,38.0898],[20.5472,38.1016],[20.5112,38.1101],[20.4968,38.1253],[20.4932,38.1337],[20.4896,38.1523],[20.4896,38.159],[20.4716,38.1827],[20.468,38.1928],[20.4824,38.1894],[20.4968,38.1776],[20.5112,38.1725],[20.5112,38.1793],[20.4932,38.1911],[20.4824,38.2063],[20.4572,38.262],[20.4464,38.2755],[20.4356,38.2789],[20.4284,38.262],[20.4284,38.2451],[20.4356,38.2131],[20.4356,38.1928],[20.4248,38.1759],[20.414,38.1675],[20.3996,38.1624],[20.3852,38.1523],[20.3816,38.1523],[20.3744,38.1692],[20.3456,38.1827],[20.3384,38.1996],[20.342,38.208],[20.3492,38.2181],[20.3564,38.2283],[20.3564,38.2367],[20.3528,38.2451],[20.3528,38.2536],[20.36,38.2587],[20.3672,38.262],[20.378,38.2738],[20.3924,38.3009],[20.3996,38.3329],[20.3996,38.3633],[20.4068,38.3498],[20.4068,38.3431],[20.414,38.3431],[20.4284,38.3633],[20.4356,38.3566],[20.4428,38.338],[20.4536,38.3228],[20.4644,38.3313],[20.468,38.3262],[20.4716,38.3144],[20.4788,38.3093],[20.4896,38.3127],[20.5076,38.3279],[20.5292,38.338],[20.54,38.3549],[20.54,38.3735],[20.5292,38.392],[20.5508,38.3853],[20.54,38.4191],[20.5364,38.4258],[20.54,38.4393],[20.5436,38.4495],[20.5436,38.4596],[20.5364,38.468],[20.5364,38.4731],[20.5724,38.4731],[20.6264,38.3515],[20.6264,38.3431],[20.6264,38.3279],[20.6192,38.3194],[20.612,38.3127],[20.5976,38.3026],[20.6084,38.2941],[20.63,38.2587],[20.6444,38.2536],[20.6552,38.262],[20.6696,38.2755],[20.6804,38.2823],[20.6804,38.2789],[20.6768,38.2722],[20.6732,38.2671],[20.6948,38.2654],[20.6984,38.2536],[20.702,38.2401],[20.7092,38.2266],[20.7524,38.1962],[20.7632,38.1708],[20.7992,38.132],[20.8064,38.1151],[20.8064,38.0999],[20.8064,38.083],[20.7956,38.0662],[20.7884,38.0645],[20.7632,38.0695],[20.756,38.0695],[20.7452,38.0645],[20.7344,38.0628]]]}},{"type":"Feature","properties":{},"geometry":{"type":"Polygon","coordinates":[[[26.1633,38.5423],[26.1525,38.5305],[26.1489,38.5103],[26.1453,38.4934],[26.1237,38.4883],[26.1309,38.4782],[26.1345,38.4765],[26.1417,38.4731],[26.1381,38.468],[26.1525,38.468],[26.1561,38.4613],[26.1417,38.4461],[26.1381,38.4309],[26.1381,38.4191],[26.1489,38.3431],[26.1633,38.3026],[26.1381,38.2992],[26.1129,38.284],[26.1021,38.262],[26.1129,38.2367],[26.1129,38.2232],[26.0877,38.2131],[26.0409,38.1996],[26.0337,38.1894],[26.0265,38.1675],[26.0193,38.159],[26.0085,38.1573],[25.9905,38.1641],[25.9761,38.1658],[25.9653,38.1725],[25.9437,38.1945],[25.9365,38.1962],[25.9329,38.1962],[25.9257,38.2029],[25.9149,38.2147],[25.9113,38.2266],[25.9041,38.2249],[25.8933,38.2232],[25.8897,38.2198],[25.8897,38.2283],[25.8897,38.2418],[25.8897,38.2485],[25.8717,38.2401],[25.8645,38.2451],[25.8681,38.2603],[25.8753,38.2755],[25.8861,38.2823],[25.9005,38.2857],[25.9185,38.289],[25.9221,38.2924],[25.9329,38.3026],[25.9581,38.3009],[25.9653,38.3026],[25.9725,38.3144],[25.9725,38.3262],[25.9761,38.338],[25.9905,38.3431],[25.9869,38.3549],[25.9905,38.3785],[25.9869,38.392],[25.9833,38.3887],[25.9833,38.387],[25.9797,38.3853],[25.9725,38.392],[25.9689,38.3988],[25.9581,38.4022],[25.9509,38.4056],[25.9581,38.414],[25.9545,38.4275],[25.9509,38.4427],[25.9437,38.4528],[25.9329,38.463],[25.9221,38.4663],[25.9077,38.468],[25.8897,38.4731],[25.8753,38.4832],[25.8429,38.5153],[25.8357,38.5288],[25.8321,38.544],[25.8393,38.5558],[25.8465,38.566],[25.8501,38.5812],[25.9941,38.6048],[26.0157,38.6014],[26.0625,38.5896],[26.0661,38.5829],[26.1093,38.5423],[26.1093,38.5474],[26.1129,38.5525],[26.1165,38.5558],[26.1237,38.5558],[26.1237,38.5609],[26.1201,38.5626],[26.1165,38.5626],[26.1309,38.5677],[26.1453,38.5643],[26.1561,38.5558],[26.1633,38.5423]]]}},{"type":"Feature","properties":{},"geometry":{"type":"Polygon","coordinates":[[[3.3534,39.7851],[3.3822,39.7784],[3.4398,39.7514],[3.4758,39.7497],[3.4686,39.7395],[3.4686,39.7311],[3.4722,39.7243],[3.4758,39.7159],[3.4722,39.7108],[3.465,39.7058],[3.4614,39.7007],[3.4686,39.6872],[3.4542,39.6602],[3.4434,39.645],[3.429,39.6399],[3.4146,39.6348],[3.4002,39.623],[3.4002,39.6078],[3.4074,39.5926],[3.3642,39.5622],[3.3246,39.5234],[3.2922,39.4761],[3.2814,39.4204],[3.2742,39.4255],[3.267,39.4271],[3.2526,39.3866],[3.2202,39.3596],[3.1302,39.3157],[3.0906,39.2904],[3.0834,39.2802],[3.0798,39.2769],[3.069,39.2718],[3.0618,39.2684],[3.0582,39.2735],[3.0294,39.3039],[3.0222,39.3089],[3.0078,39.314],[3.0006,39.3174],[2.997,39.3275],[2.9934,39.3377],[2.9898,39.3478],[2.9826,39.3512],[2.9754,39.3529],[2.9574,39.363],[2.9502,39.3647],[2.9394,39.3647],[2.9214,39.3596],[2.9142,39.3579],[2.8242,39.363],[2.7882,39.3765],[2.763,39.4001],[2.7522,39.4542],[2.7378,39.4626],[2.7378,39.4778],[2.7558,39.5031],[2.745,39.5234],[2.7162,39.5437],[2.6802,39.5589],[2.655,39.5639],[2.6334,39.5589],[2.5686,39.5318],[2.5542,39.52],[2.5434,39.493],[2.5218,39.4727],[2.493,39.4711],[2.475,39.4964],[2.4714,39.4981],[2.4678,39.5065],[2.4714,39.5116],[2.4822,39.5166],[2.4534,39.5369],[2.4462,39.5285],[2.439,39.5251],[2.4318,39.5285],[2.4246,39.5369],[2.3994,39.5251],[2.3922,39.5234],[2.3814,39.5285],[2.3742,39.547],[2.3562,39.5589],[2.349,39.5757],[2.3526,39.596],[2.3562,39.6112],[2.4282,39.6467],[2.4498,39.65],[2.4678,39.6602],[2.5182,39.7007],[2.5326,39.7058],[2.5506,39.7091],[2.5686,39.7125],[2.5866,39.7243],[2.619,39.7497],[2.6226,39.7547],[2.6298,39.7666],[2.6298,39.7699],[2.637,39.7716],[2.6478,39.7699],[2.6514,39.7699],[2.6766,39.7885],[2.6802,39.7936],[2.6838,39.7969],[2.7054,39.8138],[2.709,39.8189],[2.7162,39.8206],[2.7486,39.8324],[2.763,39.8408],[2.7738,39.8493],[2.7846,39.856],[2.799,39.8594],[2.8026,39.8611],[2.8098,39.8712],[2.8134,39.8729],[2.835,39.8712],[2.8422,39.8729],[2.8746,39.8831],[2.9322,39.9151],[2.9646,39.9202],[3.0186,39.9253],[3.0762,39.9354],[3.1806,39.9692],[3.1914,39.9557],[3.1986,39.959],[3.2022,39.9607],[3.213,39.9557],[3.2022,39.9489],[3.1698,39.9371],[3.1554,39.9337],[3.141,39.9287],[3.1266,39.9168],[3.1158,39.9084],[3.105,39.9135],[3.0978,39.9135],[3.0942,39.8814],[3.1302,39.8763],[3.2058,39.8932],[3.2058,39.8864],[3.195,39.8814],[3.195,39.8746],[3.195,39.8679],[3.1914,39.8594],[3.1878,39.8544],[3.1806,39.851],[3.1662,39.8459],[3.1338,39.8392],[3.1266,39.8324],[3.1266,39.8105],[3.1374,39.7885],[3.1626,39.7699],[3.195,39.7547],[3.2238,39.7497],[3.2922,39.7497],[3.3102,39.7547],[3.339,39.7784],[3.3534,39.7851]]]}},{"type":"Feature","properties":{},"geometry":{"type":"Polygon","coordinates":[[[4.3038,39.9253],[4.3074,39.9101],[4.329,39.8831],[4.3362,39.8679],[4.329,39.8679],[4.3254,39.8729],[4.3182,39.8797],[4.311,39.8848],[4.3038,39.8881],[4.3002,39.8223],[4.2498,39.8172],[4.1778,39.8425],[4.0158,39.9253],[3.9798,39.9354],[3.9402,39.9371],[3.8682,39.9253],[3.8322,39.9354],[3.8358,39.9472],[3.8358,39.9624],[3.8394,39.9759],[3.8502,39.9844],[3.843,39.9894],[3.8214,39.9945],[3.8142,40.0013],[3.8034,40.0131],[3.8034,40.0181],[3.807,40.0232],[3.8106,40.035],[3.8214,40.0469],[3.8898,40.0604],[3.915,40.0519],[4.0122,40.0604],[4.0518,40.0587],[4.0626,40.0604],[4.077,40.0637],[4.095,40.0756],[4.1058,40.0789],[4.1094,40.0671],[4.1166,40.0604],[4.1382,40.0452],[4.1382,40.0435],[4.1346,40.035],[4.1346,40.0283],[4.1418,40.0249],[4.149,40.0283],[4.1562,40.035],[4.167,40.0452],[4.1634,40.0604],[4.1706,40.0654],[4.1778,40.0587],[4.1742,40.0452],[4.1778,40.0384],[4.2066,40.0249],[4.2138,40.0165],[4.2174,40.0131],[4.2282,40.0046],[4.2318,40.003],[4.2462,39.9996],[4.2534,39.9979],[4.2642,39.9861],[4.275,39.9692],[4.2714,39.9557],[4.2534,39.9489],[4.2714,39.9439],[4.2858,39.9439],[4.2966,39.9422],[4.3038,39.9253]]]}},{"type":"Feature","properties":{},"geometry":{"type":"Polygon","coordinates":[[[-4.0986,53.3089],[-4.0698,53.3106],[-4.0554,53.3089],[-4.0446,53.3022],[-4.0626,53.2887],[-4.0986,53.2498],[-4.1202,53.2414],[-4.1454,53.2397],[-4.1706,53.2313],[-4.1958,53.2194],[-4.2138,53.2076],[-4.2174,53.2042],[-4.221,53.2009],[-4.221,53.1975],[-4.221,53.1907],[-4.221,53.1823],[-4.2246,53.1806],[-4.2282,53.1823],[-4.2642,53.1671],[-4.2786,53.1553],[-4.3434,53.1316],[-4.3542,53.13],[-4.365,53.1316],[-4.3938,53.1384],[-4.3938,53.1367],[-4.3974,53.1333],[-4.4082,53.13],[-4.4118,53.1316],[-4.4154,53.1384],[-4.4154,53.1468],[-4.4118,53.1553],[-4.4082,53.1587],[-4.401,53.1637],[-4.3902,53.1739],[-4.3866,53.1823],[-4.3974,53.1874],[-4.4118,53.1823],[-4.4334,53.1637],[-4.4478,53.1587],[-4.4478,53.162],[-4.4802,53.1806],[-4.4838,53.1806],[-4.491,53.1789],[-4.4946,53.1806],[-4.4946,53.1823],[-4.4946,53.1907],[-4.4946,53.1941],[-4.4946,53.1958],[-4.4946,53.2042],[-4.4982,53.211],[-4.5198,53.2228],[-4.5522,53.2617],[-4.5702,53.2752],[-4.5702,53.2836],[-4.5666,53.2937],[-4.563,53.3089],[-4.563,53.3309],[-4.5594,53.363],[-4.5594,53.3782],[-4.5702,53.3934],[-4.5522,53.4001],[-4.4262,53.4271],[-4.4118,53.4271],[-4.3434,53.4204],[-4.3254,53.4187],[-4.2858,53.4069],[-4.275,53.4018],[-4.2714,53.3883],[-4.2678,53.3765],[-4.2642,53.3714],[-4.2678,53.3697],[-4.2534,53.363],[-4.239,53.3579],[-4.2354,53.3579],[-4.2354,53.3528],[-4.2354,53.3461],[-4.2354,53.3393],[-4.2318,53.3376],[-4.2318,53.336],[-4.2138,53.3241],[-4.2102,53.3123],[-4.2066,53.3039],[-4.203,53.2988],[-4.1922,53.2971],[-4.1778,53.2971],[-4.1562,53.3022],[-4.1418,53.3022],[-4.1382,53.3056],[-4.1274,53.314],[-4.1202,53.3174],[-4.1166,53.3157],[-4.1022,53.3106],[-4.0986,53.3089]]]}},{"type":"Feature","properties":{},"geometry":{"type":"Polygon","coordinates":[[[13.6999,54.3913],[13.7251,54.3643],[13.7431,54.3508],[13.7647,54.3457],[13.7539,54.339],[13.7395,54.3305],[13.7287,54.317],[13.7251,54.3001],[13.7251,54.2849],[13.7215,54.2782],[13.7143,54.2782],[13.6891,54.2833],[13.7035,54.2833],[13.7107,54.2866],[13.7143,54.2934],[13.7107,54.3035],[13.7035,54.3035],[13.6963,54.2968],[13.6783,54.2934],[13.6639,54.2934],[13.6495,54.2968],[13.6495,54.3035],[13.6891,54.3136],[13.7035,54.3204],[13.7107,54.3322],[13.6603,54.3305],[13.6351,54.3255],[13.6171,54.317],[13.6711,54.3407],[13.6891,54.3457],[13.6891,54.3525],[13.6639,54.3525],[13.6495,54.3525],[13.6387,54.3491],[13.6279,54.339],[13.6171,54.3407],[13.6099,54.3474],[13.5991,54.3525],[13.4983,54.3457],[13.4803,54.339],[13.4299,54.3103],[13.4191,54.3001],[13.4047,54.2849],[13.3831,54.2816],[13.3579,54.2748],[13.3543,54.2495],[13.3687,54.2562],[13.3687,54.2613],[13.3651,54.2613],[13.3615,54.263],[13.4119,54.2681],[13.4191,54.2664],[13.4263,54.2427],[13.4227,54.2326],[13.4083,54.2275],[13.3795,54.2309],[13.3471,54.2377],[13.3111,54.2512],[13.3183,54.2562],[13.3255,54.2681],[13.3363,54.2833],[13.3219,54.2782],[13.3147,54.2748],[13.3075,54.2697],[13.3111,54.2664],[13.3147,54.263],[13.2931,54.2647],[13.2859,54.263],[13.2751,54.2596],[13.2679,54.2562],[13.2571,54.2596],[13.2499,54.2664],[13.2427,54.2697],[13.2283,54.2714],[13.2103,54.2765],[13.1995,54.2849],[13.2031,54.2968],[13.1887,54.3001],[13.1599,54.2917],[13.1491,54.29],[13.1419,54.2984],[13.1491,54.3052],[13.1635,54.3069],[13.1779,54.3035],[13.1779,54.3103],[13.1167,54.3373],[13.1275,54.3592],[13.1491,54.3778],[13.1743,54.3846],[13.2031,54.3727],[13.2103,54.3795],[13.2247,54.3727],[13.2355,54.3744],[13.2679,54.3863],[13.2499,54.3863],[13.2391,54.393],[13.2355,54.4031],[13.2391,54.4133],[13.2391,54.42],[13.2247,54.42],[13.2175,54.4251],[13.2103,54.4318],[13.2031,54.4335],[13.1563,54.4268],[13.1743,54.447],[13.1815,54.4538],[13.2103,54.4572],[13.2391,54.4656],[13.2607,54.469],[13.2607,54.4757],[13.2679,54.4774],[13.2715,54.4825],[13.2463,54.4876],[13.2319,54.4926],[13.2247,54.5028],[13.2283,54.5045],[13.2319,54.5061],[13.2319,54.5095],[13.2319,54.5163],[13.2031,54.5095],[13.1851,54.5078],[13.1779,54.5129],[13.1743,54.5163],[13.1707,54.5163],[13.1671,54.5197],[13.1635,54.5264],[13.1635,54.5348],[13.1599,54.5399],[13.1527,54.5433],[13.1419,54.5433],[13.1671,54.55],[13.2427,54.5568],[13.2607,54.5534],[13.2643,54.5484],[13.2751,54.545],[13.2895,54.5399],[13.2931,54.5264],[13.2967,54.5197],[13.3039,54.523],[13.3075,54.5348],[13.3003,54.55],[13.3147,54.5619],[13.3327,54.5737],[13.3543,54.5821],[13.3687,54.5855],[13.3579,54.5652],[13.3507,54.5568],[13.3435,54.55],[13.3471,54.55],[13.3543,54.55],[13.3579,54.5484],[13.3615,54.5433],[13.3579,54.5382],[13.3471,54.523],[13.3615,54.523],[13.3759,54.5264],[13.3831,54.5315],[13.3903,54.5433],[13.3831,54.545],[13.3723,54.5484],[13.3615,54.55],[13.3615,54.5568],[13.3759,54.5652],[13.3867,54.5517],[13.4047,54.5382],[13.4155,54.5247],[13.4119,54.5095],[13.4299,54.4926],[13.4551,54.4876],[13.5055,54.4876],[13.4983,54.496],[13.5091,54.5095],[13.5127,54.5129],[13.5199,54.5163],[13.5199,54.523],[13.5127,54.5382],[13.5091,54.545],[13.4983,54.55],[13.4983,54.5568],[13.5055,54.5602],[13.5091,54.5619],[13.5127,54.5636],[13.5199,54.5652],[13.5199,54.5703],[13.5091,54.5703],[13.5019,54.5652],[13.4947,54.5602],[13.4875,54.5568],[13.4767,54.5568],[13.4407,54.5568],[13.4371,54.5602],[13.4299,54.5669],[13.4227,54.5754],[13.4155,54.5771],[13.3975,54.5788],[13.3939,54.5838],[13.3903,54.5906],[13.3831,54.5973],[13.3723,54.6075],[13.3687,54.6125],[13.3543,54.6058],[13.3471,54.6007],[13.3327,54.5872],[13.3075,54.5788],[13.2931,54.5686],[13.2715,54.5602],[13.2535,54.5652],[13.2499,54.5771],[13.2571,54.5956],[13.2715,54.6125],[13.2823,54.6193],[13.2859,54.6243],[13.2895,54.6328],[13.2931,54.6429],[13.2895,54.6463],[13.2463,54.6395],[13.2319,54.6345],[13.2247,54.6345],[13.2247,54.6463],[13.2319,54.653],[13.2427,54.6598],[13.2535,54.6649],[13.3903,54.6885],[13.4191,54.6885],[13.4443,54.6801],[13.4443,54.6733],[13.4299,54.6666],[13.4083,54.6598],[13.3903,54.6514],[13.3831,54.6362],[13.3867,54.6193],[13.3939,54.6041],[13.4083,54.5939],[13.4263,54.5855],[13.4659,54.5771],[13.5955,54.5906],[13.6387,54.5855],[13.6711,54.5669],[13.6783,54.5399],[13.6495,54.5163],[13.6063,54.4994],[13.5847,54.4859],[13.5739,54.4724],[13.5775,54.4555],[13.5883,54.4369],[13.5991,54.4234],[13.6099,54.4133],[13.6315,54.4082],[13.6783,54.4015],[13.6999,54.3913]]]}},{"type":"Feature","properties":{},"geometry":{"type":"Polygon","coordinates":[[[11.8459,54.7324],[11.8351,54.724],[11.8243,54.7223],[11.8135,54.7189],[11.8063,54.7088],[11.8459,54.6986],[11.8423,54.6767],[11.8099,54.6547],[11.7667,54.6463],[11.6119,54.6666],[11.5615,54.6598],[11.5111,54.6463],[11.4751,54.626],[11.4535,54.6277],[11.3599,54.6598],[11.2987,54.6919],[11.1871,54.7324],[11.1367,54.7392],[11.0863,54.7527],[11.0323,54.7611],[11.0107,54.7712],[10.9999,54.7864],[11.0071,54.8033],[11.0323,54.8118],[11.0611,54.8101],[11.0899,54.8101],[11.1079,54.832],[11.0935,54.8354],[11.0791,54.8405],[11.0251,54.8793],[11.0179,54.8861],[11.0179,54.903],[11.0323,54.9198],[11.0755,54.9485],[11.0899,54.9435],[11.2303,54.9621],[11.2555,54.9553],[11.3023,54.9317],[11.3203,54.9283],[11.3383,54.9198],[11.3671,54.881],[11.3923,54.8726],[11.4175,54.8692],[11.5939,54.8118],[11.5867,54.8287],[11.5723,54.8388],[11.5723,54.8472],[11.5939,54.8591],[11.6227,54.8591],[11.6479,54.8658],[11.6551,54.8658],[11.6479,54.8776],[11.6443,54.8894],[11.6479,54.903],[11.6479,54.9131],[11.7271,54.8726],[11.7307,54.8591],[11.7559,54.8405],[11.7703,54.8337],[11.7883,54.832],[11.7775,54.8253],[11.7739,54.8253],[11.7883,54.8067],[11.8387,54.7831],[11.8495,54.7729],[11.8531,54.7561],[11.8567,54.7493],[11.8567,54.7442],[11.8459,54.7324]]]}},{"type":"Feature","properties":{},"geometry":{"type":"Polygon","coordinates":[[[10.6651,55.0651],[10.6219,55.0651],[10.6039,55.0634],[10.5859,55.0583],[10.5679,55.0499],[10.5571,55.0397],[10.5391,55.0296],[10.5175,55.0313],[10.4779,55.0431],[10.4095,55.0465],[10.3879,55.0499],[10.3807,55.0549],[10.3699,55.0583],[10.3627,55.0634],[10.3519,55.0651],[10.3267,55.0634],[10.3123,55.0634],[10.2331,55.0921],[10.2043,55.0938],[10.1971,55.0853],[10.1971,55.0651],[10.1827,55.0701],[10.1575,55.087],[10.1431,55.0921],[10.1215,55.0921],[10.0819,55.087],[10.0675,55.0921],[10.1431,55.1259],[10.1575,55.1394],[10.1395,55.1546],[10.1251,55.1714],[10.1143,55.1833],[10.0927,55.1883],[10.0783,55.1866],[10.0675,55.1816],[10.0567,55.1799],[10.0387,55.1816],[10.0171,55.1951],[10.0027,55.1968],[9.9919,55.1883],[9.9955,55.1731],[10.0279,55.1427],[10.0243,55.1259],[10.0207,55.1242],[9.9847,55.1275],[9.9847,55.1309],[9.9847,55.1343],[9.9847,55.1394],[9.9883,55.1394],[9.9883,55.1427],[9.9883,55.1512],[9.9739,55.1748],[9.9703,55.185],[9.9739,55.1951],[9.9811,55.2052],[9.9811,55.2137],[9.9631,55.2187],[9.9235,55.2238],[9.9127,55.2289],[9.9019,55.2339],[9.8947,55.239],[9.8947,55.2441],[9.8839,55.2542],[9.8803,55.2592],[9.8839,55.266],[9.8947,55.2744],[9.8947,55.2795],[9.8947,55.2913],[9.8839,55.3082],[9.8803,55.315],[9.8839,55.3487],[9.8731,55.3538],[9.8587,55.3538],[9.8299,55.3521],[9.8155,55.3555],[9.8011,55.3623],[9.7795,55.3808],[9.7939,55.3842],[9.8119,55.3859],[9.8299,55.3893],[9.8407,55.3994],[9.7867,55.4146],[9.7939,55.4129],[9.8191,55.4146],[9.8083,55.4247],[9.7903,55.4315],[9.7507,55.4349],[9.7363,55.4382],[9.7039,55.4619],[9.7039,55.4686],[9.7291,55.4619],[9.7579,55.4467],[9.7867,55.4365],[9.8119,55.4416],[9.7147,55.4906],[9.6751,55.4956],[9.6823,55.5058],[9.6931,55.5108],[9.7039,55.5125],[9.7183,55.5176],[9.7543,55.5446],[9.8083,55.5497],[9.8263,55.548],[9.8299,55.5429],[9.8299,55.5345],[9.8407,55.5244],[9.8875,55.5092],[9.9415,55.5193],[10.0387,55.5581],[10.1683,55.5818],[10.2115,55.6003],[10.2367,55.6054],[10.2655,55.6071],[10.2727,55.6054],[10.2727,55.602],[10.2799,55.5885],[10.2799,55.5851],[10.2943,55.5885],[10.2979,55.5953],[10.2943,55.6155],[10.3087,55.6189],[10.3375,55.6105],[10.4059,55.5835],[10.4239,55.5716],[10.4347,55.5598],[10.4455,55.5531],[10.4527,55.5497],[10.4707,55.5497],[10.4887,55.5463],[10.5175,55.5328],[10.5031,55.5379],[10.4851,55.5379],[10.4743,55.5328],[10.4707,55.521],[10.4743,55.5159],[10.4887,55.5092],[10.4923,55.5024],[10.4851,55.494],[10.4779,55.4923],[10.4671,55.4923],[10.4563,55.4889],[10.4203,55.4585],[10.4347,55.4416],[10.4707,55.4433],[10.4923,55.4653],[10.5031,55.4636],[10.5679,55.4821],[10.6039,55.4889],[10.6075,55.4923],[10.6075,55.499],[10.6039,55.5058],[10.5967,55.5092],[10.5895,55.5108],[10.5787,55.5142],[10.5715,55.5193],[10.5679,55.5244],[10.5715,55.5328],[10.5823,55.5294],[10.5967,55.521],[10.6003,55.5176],[10.6147,55.5277],[10.6111,55.5429],[10.6003,55.5615],[10.5931,55.5784],[10.6003,55.5733],[10.6147,55.5649],[10.6147,55.5818],[10.6075,55.6071],[10.6075,55.6122],[10.6291,55.6138],[10.6579,55.5953],[10.7047,55.5497],[10.7047,55.5446],[10.7083,55.5345],[10.7083,55.5277],[10.7155,55.5244],[10.7155,55.521],[10.7371,55.5092],[10.7443,55.4956],[10.7407,55.4872],[10.7335,55.4821],[10.7047,55.4703],[10.6579,55.4602],[10.5895,55.4636],[10.5715,55.4619],[10.5607,55.4551],[10.5535,55.4433],[10.5643,55.4365],[10.5787,55.4365],[10.5931,55.4416],[10.5895,55.4467],[10.5895,55.4501],[10.5967,55.4602],[10.6147,55.4568],[10.6831,55.4484],[10.6975,55.4399],[10.7983,55.3589],[10.8019,55.3504],[10.8271,55.3065],[10.8343,55.2896],[10.8271,55.2896],[10.8163,55.3015],[10.7983,55.3082],[10.7803,55.3048],[10.7731,55.2863],[10.7803,55.2744],[10.8055,55.2508],[10.8127,55.2356],[10.8163,55.2137],[10.8127,55.1951],[10.8055,55.1782],[10.7911,55.1562],[10.7875,55.1495],[10.7875,55.1292],[10.7839,55.1242],[10.7587,55.1056],[10.7479,55.0938],[10.7443,55.0819],[10.7335,55.0718],[10.7191,55.0651],[10.7047,55.0634],[10.6651,55.0651]]]}},{"type":"Feature","properties":{},"geometry":{"type":"Polygon","coordinates":[[[-5.6899,56.4345],[-5.6791,56.4277],[-5.6647,56.4142],[-5.6575,56.4007],[-5.6719,56.394],[-5.7043,56.394],[-5.7187,56.3973],[-5.7151,56.4075],[-5.7223,56.4125],[-5.7295,56.4142],[-5.7331,56.4142],[-5.7439,56.4142],[-5.7403,56.4007],[-5.7511,56.3889],[-5.7835,56.3737],[-5.7835,56.3653],[-5.7691,56.372],[-5.7511,56.3771],[-5.7115,56.3805],[-5.6971,56.3754],[-5.7043,56.3653],[-5.7187,56.3534],[-5.8087,56.3197],[-5.8483,56.3129],[-5.8807,56.3264],[-5.8735,56.3281],[-5.8627,56.3349],[-5.8519,56.3433],[-5.8519,56.3534],[-5.8591,56.3585],[-5.8735,56.3585],[-5.8987,56.3534],[-5.9023,56.3501],[-5.9095,56.3433],[-5.9131,56.3349],[-5.9239,56.3332],[-5.9563,56.3281],[-6.0391,56.3045],[-6.0535,56.2943],[-6.0643,56.2893],[-6.0787,56.291],[-6.0895,56.296],[-6.1039,56.2977],[-6.1111,56.296],[-6.1363,56.2876],[-6.1471,56.2842],[-6.2407,56.2842],[-6.2443,56.2808],[-6.2515,56.2741],[-6.2551,56.2673],[-6.2659,56.264],[-6.2803,56.264],[-6.2983,56.2673],[-6.3271,56.2775],[-6.3451,56.2876],[-6.3595,56.3028],[-6.3667,56.3214],[-6.3559,56.3366],[-6.3343,56.345],[-6.3091,56.3467],[-6.2911,56.345],[-6.2731,56.3349],[-6.2623,56.3197],[-6.2479,56.3112],[-6.2299,56.318],[-6.2299,56.3264],[-6.2371,56.3264],[-6.2407,56.3281],[-6.2443,56.3298],[-6.2515,56.3332],[-6.2335,56.3366],[-6.1867,56.3315],[-6.1723,56.3366],[-6.1543,56.345],[-6.0859,56.3534],[-6.0391,56.3703],[-6.0211,56.3822],[-6.0283,56.3872],[-6.0463,56.3838],[-6.1039,56.3653],[-6.1543,56.3585],[-6.1795,56.3602],[-6.1975,56.3703],[-6.2047,56.3805],[-6.1975,56.3906],[-6.1903,56.3973],[-6.1795,56.4007],[-6.1651,56.4024],[-6.1579,56.4075],[-6.1435,56.4277],[-6.1399,56.4345],[-6.1363,56.4429],[-6.1255,56.448],[-6.1183,56.4497],[-6.0823,56.448],[-6.0211,56.4649],[-6.0103,56.47],[-6.0031,56.4801],[-6.0031,56.4902],[-6.0067,56.497],[-6.0175,56.5037],[-6.0823,56.4852],[-6.1039,56.4835],[-6.1111,56.4801],[-6.1183,56.4767],[-6.1291,56.475],[-6.1363,56.4801],[-6.1543,56.5004],[-6.1615,56.5088],[-6.1759,56.5172],[-6.1939,56.524],[-6.2875,56.5324],[-6.3091,56.5375],[-6.3235,56.5443],[-6.3379,56.5527],[-6.2911,56.5713],[-6.2983,56.5814],[-6.3199,56.5932],[-6.3235,56.6067],[-6.2875,56.6084],[-6.2731,56.6118],[-6.2551,56.6202],[-6.2479,56.6118],[-6.2371,56.6084],[-6.2299,56.6084],[-6.2227,56.6135],[-6.2191,56.6321],[-6.1903,56.6456],[-6.1507,56.6523],[-6.1183,56.654],[-6.1039,56.6489],[-6.0571,56.6405],[-6.0607,56.6354],[-6.0643,56.6253],[-6.0643,56.6202],[-6.0319,56.6186],[-6.0103,56.5983],[-5.9671,56.5443],[-5.9635,56.5375],[-5.9635,56.5307],[-5.9635,56.5257],[-5.9527,56.524],[-5.8519,56.524],[-5.8447,56.5206],[-5.8375,56.5139],[-5.8303,56.5105],[-5.8123,56.5172],[-5.8051,56.5172],[-5.7943,56.5172],[-5.7871,56.5139],[-5.7655,56.4936],[-5.7583,56.4902],[-5.7475,56.4885],[-5.7295,56.4902],[-5.7223,56.4902],[-5.7115,56.4852],[-5.6971,56.475],[-5.6863,56.4649],[-5.6827,56.4514],[-5.6719,56.4497],[-5.6575,56.4514],[-5.6467,56.448],[-5.6539,56.4277],[-5.6611,56.4311],[-5.6683,56.4328],[-5.6899,56.4345]]]}},{"type":"Feature","properties":{},"geometry":{"type":"Polygon","coordinates":[[[17.1236,57.3193],[17.0984,57.3176],[17.0768,57.3058],[17.0408,57.2703],[17.066,57.2416],[17.066,57.2264],[17.0516,57.2011],[17.0516,57.1927],[17.048,57.1876],[17.0444,57.1859],[17.0336,57.1825],[17.0264,57.1808],[17.0228,57.1724],[17.0192,57.1572],[17.0156,57.1488],[16.9724,57.1049],[16.9688,57.0897],[16.9616,57.0626],[16.9436,57.0525],[16.922,57.0458],[16.9004,57.0373],[16.904,57.0289],[16.9112,57.0238],[16.922,57.0204],[16.9328,57.0171],[16.9148,57.0069],[16.9004,56.9968],[16.8716,56.9698],[16.8788,56.9563],[16.886,56.936],[16.8824,56.9157],[16.868,56.9073],[16.8572,56.8972],[16.8428,56.8448],[16.832,56.8262],[16.8284,56.8262],[16.7816,56.8111],[16.7744,56.806],[16.7672,56.7975],[16.7636,56.7874],[16.7636,56.7773],[16.76,56.7671],[16.7564,56.7469],[16.6988,56.6456],[16.688,56.6253],[16.688,56.6017],[16.6844,56.5932],[16.6736,56.5831],[16.6628,56.5746],[16.6556,56.5713],[16.6448,56.5679],[16.6376,56.5595],[16.6304,56.5375],[16.6304,56.5324],[16.6376,56.5291],[16.6376,56.524],[16.634,56.5189],[16.6268,56.5088],[16.6232,56.5037],[16.6232,56.4868],[16.6196,56.475],[16.6124,56.4666],[16.598,56.448],[16.5872,56.4261],[16.5764,56.4058],[16.5692,56.3872],[16.5692,56.3788],[16.5692,56.3568],[16.5656,56.3467],[16.5512,56.3315],[16.5476,56.3214],[16.5404,56.3062],[16.49,56.2403],[16.472,56.2268],[16.4504,56.2184],[16.4288,56.2184],[16.4144,56.2285],[16.4108,56.2386],[16.4144,56.2606],[16.4144,56.2707],[16.4,56.2977],[16.4072,56.3197],[16.4072,56.345],[16.4072,56.3872],[16.4144,56.4024],[16.4072,56.421],[16.3964,56.4396],[16.3928,56.4581],[16.4,56.5443],[16.4036,56.5544],[16.418,56.5865],[16.4432,56.6084],[16.4468,56.6169],[16.454,56.6371],[16.6196,56.8718],[16.6376,56.882],[16.6592,56.887],[16.688,56.887],[16.7168,56.8921],[16.7312,56.9039],[16.7492,56.9411],[16.7924,57.0035],[16.8464,57.0593],[16.8896,57.1184],[16.9076,57.1927],[16.9112,57.2028],[16.9184,57.2079],[16.94,57.2129],[16.9544,57.2214],[16.958,57.2315],[16.9616,57.2872],[16.9652,57.3041],[16.9868,57.3176],[17.0192,57.3446],[17.0372,57.3531],[17.0552,57.3581],[17.066,57.3581],[17.0732,57.343],[17.0804,57.3413],[17.0912,57.3446],[17.0984,57.3531],[17.1056,57.3531],[17.1056,57.348],[17.1056,57.3463],[17.1092,57.343],[17.1092,57.3396],[17.1164,57.3345],[17.12,57.3311],[17.1236,57.3244],[17.1236,57.3193]]]}},{"type":"Feature","properties":{},"geometry":{"type":"Polygon","coordinates":[[[-6.5647,57.3463],[-6.5791,57.3396],[-6.6727,57.3565],[-6.6943,57.3649],[-6.7159,57.3767],[-6.7231,57.3902],[-6.7303,57.4172],[-6.7735,57.4341],[-6.7843,57.4561],[-6.7231,57.4561],[-6.7375,57.4645],[-6.7447,57.4764],[-6.7483,57.4882],[-6.7411,57.5],[-6.7267,57.5118],[-6.7159,57.5135],[-6.7051,57.5101],[-6.6547,57.4679],[-6.6475,57.4595],[-6.6367,57.4527],[-6.6187,57.446],[-6.6079,57.4443],[-6.6115,57.4561],[-6.6115,57.4628],[-6.6079,57.4645],[-6.6043,57.4679],[-6.6007,57.4696],[-6.6151,57.4814],[-6.6187,57.4831],[-6.6223,57.4865],[-6.6295,57.4932],[-6.6331,57.4983],[-6.6295,57.5017],[-6.6223,57.5034],[-6.6187,57.5067],[-6.6115,57.5118],[-6.5935,57.5118],[-6.5647,57.5034],[-6.5755,57.5219],[-6.6007,57.5371],[-6.6295,57.549],[-6.6547,57.5523],[-6.6403,57.5625],[-6.6295,57.576],[-6.6295,57.5912],[-6.6403,57.5996],[-6.6403,57.6081],[-6.6187,57.6064],[-6.6043,57.5996],[-6.5935,57.5912],[-6.5719,57.5827],[-6.5683,57.5743],[-6.5683,57.5658],[-6.5647,57.5591],[-6.5539,57.5523],[-6.5467,57.549],[-6.4999,57.5355],[-6.4891,57.5304],[-6.4783,57.5203],[-6.4639,57.5118],[-6.4531,57.5135],[-6.4387,57.5169],[-6.4207,57.5186],[-6.4423,57.4882],[-6.4351,57.4865],[-6.4135,57.5017],[-6.3991,57.5203],[-6.3883,57.5169],[-6.3127,57.4628],[-6.3127,57.4696],[-6.3163,57.473],[-6.3199,57.4797],[-6.3235,57.4831],[-6.3235,57.4966],[-6.3379,57.5101],[-6.3739,57.5321],[-6.3883,57.5523],[-6.3847,57.5625],[-6.3739,57.5726],[-6.3595,57.5929],[-6.3703,57.5912],[-6.3847,57.5929],[-6.3919,57.5962],[-6.3991,57.5996],[-6.3955,57.6131],[-6.4027,57.6216],[-6.4099,57.6266],[-6.4135,57.6334],[-6.4171,57.6452],[-6.4135,57.6486],[-6.4063,57.6503],[-6.3667,57.6638],[-6.3595,57.6688],[-6.3523,57.6807],[-6.3451,57.6925],[-6.3379,57.6992],[-6.3235,57.6959],[-6.3163,57.6976],[-6.3127,57.6992],[-6.3127,57.7026],[-6.3019,57.6925],[-6.2947,57.6857],[-6.2695,57.6756],[-6.2623,57.6688],[-6.2371,57.6469],[-6.2335,57.6418],[-6.1867,57.6216],[-6.1687,57.6081],[-6.1579,57.5979],[-6.1543,57.5895],[-6.1435,57.5203],[-6.1363,57.4899],[-6.1327,57.4764],[-6.1363,57.4612],[-6.1435,57.4392],[-6.1471,57.4257],[-6.1543,57.4172],[-6.1795,57.4037],[-6.1867,57.3936],[-6.1759,57.4004],[-6.1579,57.4071],[-6.1399,57.4105],[-6.1255,57.4088],[-6.1183,57.397],[-6.1219,57.3885],[-6.1327,57.3801],[-6.1399,57.3733],[-6.1363,57.3581],[-6.1219,57.3463],[-6.1075,57.3396],[-6.1003,57.3328],[-6.1075,57.3227],[-6.1399,57.3126],[-6.1543,57.3058],[-6.0679,57.3126],[-6.0463,57.3075],[-6.0427,57.3007],[-6.0535,57.2906],[-6.0787,57.2839],[-6.0787,57.2771],[-6.0499,57.2788],[-6.0283,57.2855],[-6.0067,57.2872],[-5.9851,57.2737],[-5.9779,57.2703],[-5.9635,57.2687],[-5.9383,57.2703],[-5.9239,57.267],[-5.9131,57.2585],[-5.9059,57.2484],[-5.9023,57.2433],[-5.8879,57.2416],[-5.8771,57.2467],[-5.8699,57.2535],[-5.8663,57.2568],[-5.8231,57.2568],[-5.7943,57.272],[-5.7691,57.2771],[-5.7403,57.2771],[-5.7223,57.2653],[-5.6467,57.2653],[-5.6647,57.2399],[-5.6647,57.2332],[-5.6575,57.2231],[-5.6647,57.2129],[-5.6719,57.2045],[-5.6899,57.1893],[-5.7259,57.1724],[-5.7439,57.169],[-5.7835,57.1657],[-5.7907,57.1589],[-5.7907,57.1369],[-5.8015,57.1234],[-5.8231,57.115],[-5.8411,57.1082],[-5.8519,57.1032],[-5.8591,57.0947],[-5.9203,57.0508],[-5.9347,57.0407],[-5.9527,57.0339],[-6.0067,57.0289],[-6.0211,57.0323],[-6.0319,57.0441],[-6.0283,57.0626],[-5.9995,57.0846],[-6.0031,57.093],[-6.0031,57.0998],[-5.9959,57.1015],[-5.9959,57.1049],[-5.9887,57.1133],[-5.9887,57.1184],[-5.9815,57.1234],[-5.9635,57.142],[-5.9527,57.1488],[-5.9419,57.1555],[-5.8447,57.1808],[-5.8447,57.1876],[-5.8735,57.1792],[-5.9023,57.1758],[-5.9851,57.1741],[-5.9923,57.1775],[-5.9923,57.1825],[-5.9923,57.191],[-5.9959,57.196],[-6.0211,57.218],[-6.0319,57.2264],[-6.0427,57.2298],[-6.0391,57.2197],[-6.0355,57.2112],[-6.0247,57.196],[-6.0355,57.1808],[-6.0391,57.1741],[-6.0499,57.169],[-6.0427,57.1606],[-6.0571,57.1521],[-6.0643,57.142],[-6.0751,57.1319],[-6.0895,57.1268],[-6.1003,57.1353],[-6.1075,57.1538],[-6.1111,57.1741],[-6.1147,57.1876],[-6.1219,57.1944],[-6.1255,57.196],[-6.1327,57.1927],[-6.1399,57.1876],[-6.1471,57.1944],[-6.1543,57.1994],[-6.1651,57.2011],[-6.1759,57.2028],[-6.1759,57.196],[-6.1615,57.1876],[-6.1759,57.1808],[-6.3199,57.1606],[-6.3199,57.169],[-6.3055,57.1741],[-6.2767,57.196],[-6.2767,57.2028],[-6.2947,57.2028],[-6.3127,57.1994],[-6.3307,57.1944],[-6.3451,57.1876],[-6.3631,57.2045],[-6.3811,57.2231],[-6.3703,57.2264],[-6.3595,57.2298],[-6.3523,57.2349],[-6.3451,57.2433],[-6.3919,57.2399],[-6.4099,57.2433],[-6.4567,57.2771],[-6.4567,57.2805],[-6.4639,57.2906],[-6.4675,57.294],[-6.4711,57.299],[-6.4747,57.3007],[-6.4783,57.3041],[-6.4819,57.3126],[-6.4351,57.3294],[-6.4171,57.3345],[-6.3955,57.3328],[-6.3775,57.3244],[-6.3595,57.3126],[-6.3379,57.3007],[-6.3127,57.2974],[-6.3235,57.3109],[-6.3883,57.3396],[-6.3991,57.348],[-6.4063,57.3514],[-6.4171,57.3531],[-6.4279,57.3514],[-6.4495,57.3463],[-6.4639,57.3463],[-6.4495,57.3531],[-6.4495,57.3598],[-6.4567,57.3615],[-6.4747,57.3666],[-6.4675,57.3683],[-6.4675,57.37],[-6.4639,57.3733],[-6.4711,57.3767],[-6.4783,57.3818],[-6.4819,57.3902],[-6.4747,57.4004],[-6.4891,57.3987],[-6.5107,57.3852],[-6.5251,57.3801],[-6.5179,57.3902],[-6.5179,57.3987],[-6.5215,57.4071],[-6.5323,57.4156],[-6.5395,57.4021],[-6.5503,57.3987],[-6.5611,57.3953],[-6.5719,57.3869],[-6.5719,57.3767],[-6.5611,57.3581],[-6.5647,57.3463]]]}},{"type":"Feature","properties":{},"geometry":{"type":"Polygon","coordinates":[[[19.0388,57.8681],[19.0496,57.863],[19.0784,57.8343],[19.0856,57.8259],[19.0136,57.8225],[18.9848,57.8073],[18.9812,57.7702],[18.9704,57.7803],[18.956,57.7854],[18.9488,57.782],[18.9488,57.7702],[18.938,57.7634],[18.9308,57.7516],[18.9308,57.7415],[18.9416,57.7296],[18.902,57.7246],[18.866,57.7229],[18.8516,57.7263],[18.8336,57.7347],[18.8192,57.7364],[18.8084,57.7347],[18.8048,57.7279],[18.8084,57.7195],[18.812,57.7094],[18.7976,57.6756],[18.7796,57.6503],[18.7724,57.6401],[18.7688,57.6351],[18.7652,57.6266],[18.7616,57.6165],[18.7688,57.6148],[18.812,57.6081],[18.8012,57.5912],[18.794,57.5777],[18.7904,57.5642],[18.7904,57.549],[18.7832,57.5355],[18.7688,57.5203],[18.7616,57.5084],[18.776,57.4983],[18.7688,57.4814],[18.7724,57.473],[18.7868,57.4679],[18.8048,57.4696],[18.7976,57.4645],[18.7904,57.4493],[18.83,57.4392],[18.8696,57.4358],[18.8732,57.4392],[18.8732,57.446],[18.8804,57.4493],[18.8912,57.446],[18.9092,57.4392],[18.9128,57.4358],[18.92,57.4291],[18.9272,57.4189],[18.9308,57.4037],[18.9272,57.3919],[18.9092,57.3869],[18.8804,57.3869],[18.8768,57.3885],[18.8624,57.3936],[18.8588,57.3936],[18.8516,57.3919],[18.8408,57.3835],[18.8336,57.3801],[18.8012,57.3767],[18.7688,57.3649],[18.74,57.348],[18.7184,57.3294],[18.6788,57.3109],[18.668,57.2974],[18.6752,57.2771],[18.6824,57.2754],[18.704,57.2771],[18.7112,57.2737],[18.7148,57.2433],[18.6788,57.2332],[18.6788,57.2298],[18.5924,57.218],[18.5636,57.2096],[18.5636,57.2028],[18.578,57.2028],[18.578,57.196],[18.5564,57.1927],[18.4304,57.1538],[18.4052,57.1437],[18.3872,57.1268],[18.4556,57.1268],[18.4304,57.1167],[18.3584,57.0964],[18.344,57.0829],[18.3368,57.0306],[18.3476,57.0187],[18.3656,57.012],[18.4016,57.0035],[18.344,57.0035],[18.344,56.9968],[18.3584,56.99],[18.3332,56.9765],[18.3224,56.9698],[18.3116,56.9478],[18.2972,56.9411],[18.2036,56.9157],[18.1712,56.9124],[18.1388,56.9225],[18.2036,56.9867],[18.2072,56.9951],[18.2036,57.0052],[18.2,57.0171],[18.2144,57.0255],[18.2504,57.0339],[18.2648,57.0407],[18.272,57.0542],[18.2828,57.0812],[18.29,57.093],[18.2648,57.0846],[18.2432,57.0694],[18.2216,57.061],[18.2,57.066],[18.2,57.0728],[18.2144,57.0812],[18.2252,57.0947],[18.2288,57.1082],[18.2144,57.1133],[18.218,57.1184],[18.2252,57.1285],[18.2288,57.1336],[18.1856,57.1454],[18.1604,57.2298],[18.0992,57.2585],[18.1028,57.2788],[18.1172,57.2974],[18.1532,57.3142],[18.1676,57.3311],[18.1712,57.3514],[18.1676,57.3666],[18.1784,57.3801],[18.1784,57.3852],[18.1676,57.3885],[18.1604,57.3936],[18.1568,57.3987],[18.146,57.4088],[18.146,57.4139],[18.146,57.4257],[18.1424,57.4324],[18.1316,57.446],[18.1208,57.4645],[18.1136,57.4882],[18.1136,57.5118],[18.128,57.549],[18.1604,57.5777],[18.326,57.6722],[18.4628,57.8039],[18.4988,57.8259],[18.5492,57.8394],[18.5636,57.8377],[18.578,57.8326],[18.596,57.831],[18.6104,57.836],[18.614,57.8428],[18.6212,57.858],[18.6248,57.8681],[18.6392,57.8867],[18.6572,57.9019],[18.6788,57.9137],[18.7004,57.9221],[18.7256,57.9238],[18.7436,57.9188],[18.758,57.9069],[18.7688,57.8884],[18.7688,57.8833],[18.7688,57.8782],[18.7652,57.8749],[18.7616,57.8715],[18.7652,57.8647],[18.7688,57.863],[18.7724,57.8597],[18.776,57.8563],[18.7796,57.8478],[18.7832,57.8394],[18.8048,57.8259],[18.812,57.8512],[18.8264,57.863],[18.8444,57.8732],[18.8516,57.8917],[18.848,57.8968],[18.8408,57.9052],[18.8372,57.912],[18.8516,57.9154],[18.9128,57.9221],[18.9128,57.9154],[18.8984,57.8985],[18.9164,57.8884],[18.9416,57.8884],[18.9416,57.9019],[18.956,57.9086],[18.9776,57.912],[18.9956,57.912],[19.01,57.9086],[19.0028,57.9019],[19.0064,57.8934],[19.0136,57.8816],[19.0244,57.8715],[19.0388,57.8681]]]}},{"type":"Feature","properties":{},"geometry":{"type":"Polygon","coordinates":[[[-6.9535,57.7431],[-6.9751,57.733],[-6.9823,57.7347],[-7.0327,57.7668],[-7.0399,57.7702],[-7.1011,57.8107],[-7.1119,57.8158],[-7.1191,57.8225],[-7.1263,57.831],[-7.1263,57.8377],[-7.1083,57.8394],[-7.0975,57.8377],[-7.0903,57.8326],[-7.0831,57.8259],[-7.0795,57.8124],[-6.9967,57.8529],[-6.9859,57.8647],[-6.9607,57.8681],[-6.9139,57.8681],[-6.9643,57.8884],[-6.9643,57.8951],[-6.9103,57.9103],[-6.8815,57.9137],[-6.8527,57.9103],[-6.8311,57.9019],[-6.8419,57.9069],[-6.8527,57.912],[-6.8599,57.9154],[-6.8635,57.9188],[-6.8671,57.9221],[-6.8455,57.9272],[-6.8383,57.9289],[-6.8383,57.9356],[-6.8959,57.9356],[-6.9103,57.939],[-6.9355,57.9542],[-6.9535,57.9559],[-7.0111,57.9559],[-7.0363,57.961],[-7.0435,57.9762],[-7.0579,57.9711],[-7.0651,57.9711],[-7.1119,57.9897],[-7.0975,57.9981],[-7.0831,58.0066],[-7.0723,58.0116],[-7.0507,58.0116],[-7.0507,58.0167],[-7.0543,58.0201],[-7.0579,58.0218],[-7.0579,58.0251],[-7.0291,58.0268],[-6.9967,58.0336],[-6.9355,58.0522],[-7.0291,58.0386],[-7.0579,58.0386],[-7.0543,58.0471],[-7.0471,58.0522],[-7.0363,58.0538],[-7.0255,58.0522],[-7.0255,58.0589],[-7.0507,58.0589],[-7.0435,58.0623],[-7.0363,58.0657],[-7.0291,58.0724],[-7.0255,58.0792],[-7.0687,58.0623],[-7.0759,58.0623],[-7.1047,58.0944],[-7.1119,58.0994],[-7.1083,58.1113],[-7.1119,58.1163],[-7.1227,58.118],[-7.1263,58.1248],[-7.1227,58.1366],[-7.1119,58.145],[-7.1119,58.1552],[-7.1047,58.1568],[-7.1011,58.1602],[-7.0975,58.1636],[-7.0939,58.1687],[-7.1011,58.1704],[-7.1083,58.1737],[-7.1119,58.1754],[-7.1119,58.1822],[-7.0363,58.1839],[-7.0183,58.1889],[-7.0435,58.1957],[-7.0543,58.2007],[-7.0579,58.2126],[-7.0543,58.2261],[-7.0507,58.2328],[-7.0327,58.2447],[-7.0147,58.2379],[-6.9787,58.2278],[-6.9679,58.2261],[-6.9607,58.2295],[-6.9067,58.2159],[-6.9067,58.2092],[-6.9355,58.2109],[-6.9319,58.1974],[-6.9103,58.1805],[-6.8959,58.172],[-6.8995,58.1568],[-6.8887,58.1366],[-6.8743,58.1163],[-6.8599,58.1062],[-6.8599,58.1163],[-6.8635,58.1214],[-6.8599,58.1349],[-6.8671,58.1416],[-6.8815,58.1585],[-6.8887,58.1687],[-6.8779,58.172],[-6.8743,58.1788],[-6.8743,58.1856],[-6.8707,58.1889],[-6.8239,58.1957],[-6.8167,58.1991],[-6.7987,58.2024],[-6.7735,58.1957],[-6.7483,58.1822],[-6.7375,58.1687],[-6.7087,58.1889],[-6.7339,58.1974],[-6.7447,58.2024],[-6.7483,58.2092],[-6.7519,58.2244],[-6.7555,58.2311],[-6.7627,58.2311],[-6.7771,58.2295],[-6.7843,58.2311],[-6.7843,58.2328],[-6.7879,58.2413],[-6.7915,58.2447],[-6.8023,58.2531],[-6.8095,58.2582],[-6.8131,58.2649],[-6.8059,58.2666],[-6.8023,58.2683],[-6.7987,58.2717],[-6.7915,58.2717],[-6.7951,58.2784],[-6.8023,58.2835],[-6.8095,58.2852],[-6.8203,58.2852],[-6.7375,58.324],[-6.7159,58.3392],[-6.7051,58.3358],[-6.6943,58.3392],[-6.6907,58.3426],[-6.6799,58.346],[-6.6475,58.346],[-6.6223,58.351],[-6.5575,58.3679],[-6.5503,58.373],[-6.5251,58.3916],[-6.3451,58.4625],[-6.2947,58.4979],[-6.2659,58.5114],[-6.2443,58.5114],[-6.2227,58.4996],[-6.2047,58.4811],[-6.1939,58.4625],[-6.1867,58.4456],[-6.1687,58.4304],[-6.1651,58.4203],[-6.1867,58.4152],[-6.1939,58.4084],[-6.2155,58.3679],[-6.2083,58.3612],[-6.1939,58.3561],[-6.1831,58.3544],[-6.1687,58.3544],[-6.1687,58.346],[-6.1903,58.3409],[-6.2335,58.3223],[-6.2515,58.3122],[-6.2443,58.3038],[-6.2479,58.297],[-6.2551,58.2936],[-6.2659,58.2919],[-6.2803,58.2886],[-6.2875,58.275],[-6.3163,58.2683],[-6.3199,58.2615],[-6.3163,58.2514],[-6.3199,58.2447],[-6.3271,58.2396],[-6.3379,58.2379],[-6.3667,58.2379],[-6.3487,58.221],[-6.3091,58.2143],[-6.2695,58.2159],[-6.2443,58.2227],[-6.1939,58.2514],[-6.1795,58.2548],[-6.1615,58.2582],[-6.1507,58.2582],[-6.1615,58.2514],[-6.1615,58.2447],[-6.1543,58.2447],[-6.1579,58.2396],[-6.1651,58.2328],[-6.1687,58.2311],[-6.1651,58.2261],[-6.1615,58.2159],[-6.1867,58.2092],[-6.1939,58.2058],[-6.2011,58.2024],[-6.2119,58.1923],[-6.2155,58.1889],[-6.2335,58.1839],[-6.2479,58.1856],[-6.2767,58.1957],[-6.2947,58.1991],[-6.3379,58.1957],[-6.3559,58.1991],[-6.3847,58.2092],[-6.3991,58.2092],[-6.3775,58.1737],[-6.3667,58.1619],[-6.3739,58.1568],[-6.3775,58.1535],[-6.3775,58.1484],[-6.3739,58.1416],[-6.3919,58.1332],[-6.4423,58.1281],[-6.4747,58.1045],[-6.4891,58.0994],[-6.4999,58.1011],[-6.5143,58.1062],[-6.5251,58.1062],[-6.5503,58.0927],[-6.6043,58.0859],[-6.6187,58.0859],[-6.6187,58.0792],[-6.5827,58.0792],[-6.4531,58.0961],[-6.4207,58.1062],[-6.4063,58.1062],[-6.3955,58.1011],[-6.3847,58.091],[-6.3775,58.0792],[-6.3811,58.0657],[-6.3775,58.064],[-6.3667,58.0589],[-6.3739,58.0522],[-6.3811,58.0488],[-6.3919,58.0471],[-6.3991,58.0454],[-6.3883,58.042],[-6.3775,58.0386],[-6.3667,58.0386],[-6.3523,58.0386],[-6.3703,58.0268],[-6.3847,58.0167],[-6.4027,58.0066],[-6.4243,58.0032],[-6.5179,58.0133],[-6.5395,58.0167],[-6.5467,58.0167],[-6.5503,58.0099],[-6.5431,58.0049],[-6.5215,58.0015],[-6.5035,57.9931],[-6.4711,57.9863],[-6.4567,57.9762],[-6.4567,57.9694],[-6.4639,57.966],[-6.4819,57.9492],[-6.4891,57.9424],[-6.5071,57.9356],[-6.5215,57.9373],[-6.5323,57.9407],[-6.5503,57.9424],[-6.5503,57.9356],[-6.5467,57.934],[-6.5431,57.9306],[-6.5359,57.9289],[-6.5359,57.9221],[-6.5611,57.9154],[-6.5791,57.9171],[-6.5935,57.9255],[-6.6079,57.9356],[-6.6151,57.9492],[-6.6223,57.9542],[-6.6295,57.9559],[-6.6367,57.9508],[-6.6295,57.9407],[-6.6187,57.9289],[-6.6115,57.9221],[-6.6187,57.9154],[-6.6511,57.9238],[-6.6619,57.9289],[-6.6655,57.934],[-6.6727,57.9458],[-6.7015,57.9762],[-6.7087,57.9897],[-6.7087,58.0032],[-6.6943,58.0302],[-6.6655,58.0454],[-6.6295,58.0505],[-6.5935,58.0522],[-6.5935,58.0589],[-6.6871,58.0589],[-6.6871,58.0522],[-6.6943,58.0403],[-6.7159,58.0251],[-6.7447,58.0099],[-6.7627,58.0032],[-6.7519,57.9931],[-6.7303,57.9627],[-6.7195,57.9559],[-6.7051,57.9525],[-6.6943,57.9458],[-6.6835,57.9356],[-6.6727,57.9289],[-6.6799,57.9272],[-6.6835,57.9238],[-6.6871,57.9221],[-6.6943,57.9221],[-6.6907,57.9154],[-6.6799,57.912],[-6.6727,57.9103],[-6.6691,57.9086],[-6.6655,57.9019],[-6.6619,57.8799],[-6.7447,57.8917],[-6.7771,57.9019],[-6.7879,57.8985],[-6.7915,57.8934],[-6.7987,57.8867],[-6.8059,57.8799],[-6.7951,57.8765],[-6.7735,57.8715],[-6.7627,57.8681],[-6.7411,57.8445],[-6.7375,57.8394],[-6.7411,57.831],[-6.7555,57.8259],[-6.7735,57.8242],[-6.7915,57.8259],[-6.7915,57.8191],[-6.7843,57.8191],[-6.7843,57.8124],[-6.8059,57.8141],[-6.8527,57.8326],[-6.8599,57.8259],[-6.8527,57.8242],[-6.8455,57.8158],[-6.8383,57.8124],[-6.8491,57.8022],[-6.8599,57.7955],[-6.8887,57.7854],[-6.8815,57.7837],[-6.8779,57.7803],[-6.8743,57.7786],[-6.8923,57.7668],[-6.9535,57.7431]]]}},{"type":"Feature","properties":{},"geometry":{"type":"Polygon","coordinates":[[[20.2088,60.2254],[20.2232,60.2102],[20.2304,60.2051],[20.2196,60.2017],[20.2088,60.2017],[20.2016,60.2],[20.1908,60.1933],[20.1872,60.1865],[20.1764,60.173],[20.1728,60.1696],[20.162,60.1679],[20.1548,60.1696],[20.1476,60.1747],[20.1368,60.1764],[20.0972,60.1764],[20.0864,60.1815],[20.09,60.1966],[20.0972,60.2102],[20.1008,60.2203],[20.1224,60.2304],[20.1728,60.2321],[20.1872,60.2456],[20.1476,60.2456],[20.1116,60.2389],[20.0828,60.2237],[20.0648,60.1899],[20.0576,60.1899],[20.0612,60.2152],[20.0468,60.227],[20.0324,60.2372],[20.0252,60.2557],[20.036,60.2726],[20.0576,60.2929],[20.0612,60.3098],[20.0252,60.3132],[20.0252,60.3064],[20.0324,60.2946],[20.0252,60.276],[20.0036,60.2676],[19.9748,60.2794],[19.9784,60.2608],[19.9928,60.2422],[20.0144,60.2254],[20.0288,60.2169],[20.0216,60.2102],[20.0144,60.2017],[20.0144,60.1933],[20.018,60.1831],[19.964,60.195],[19.9496,60.2051],[19.9532,60.2102],[19.9568,60.2135],[19.9532,60.2254],[19.928,60.222],[19.9136,60.2186],[19.9172,60.2085],[19.928,60.1966],[19.9424,60.1865],[19.9604,60.1798],[19.9856,60.173],[19.9964,60.1663],[20.0036,60.1595],[20.0108,60.1561],[20.0216,60.1578],[20.0288,60.1629],[20.036,60.1696],[20.0432,60.1764],[20.0324,60.1443],[20.0288,60.1291],[20.0288,60.1156],[20.0324,60.1122],[20.0396,60.1088],[20.0468,60.1055],[20.0504,60.097],[20.0432,60.0869],[20.0324,60.0869],[20.0072,60.0936],[19.9676,60.092],[19.9496,60.0835],[19.9532,60.07],[19.9568,60.0531],[19.9496,60.0481],[19.9388,60.0497],[19.9424,60.0599],[19.9244,60.092],[19.91,60.1004],[19.8848,60.1004],[19.874,60.097],[19.8704,60.0903],[19.8668,60.0852],[19.8596,60.0801],[19.8452,60.0784],[19.8308,60.0801],[19.8236,60.0835],[19.8236,60.0936],[19.8056,60.1004],[19.7876,60.097],[19.7732,60.0869],[19.7624,60.0734],[19.748,60.1021],[19.712,60.146],[19.694,60.1696],[19.6868,60.2],[19.6832,60.2118],[19.6724,60.2169],[19.6688,60.2254],[19.6472,60.2659],[19.6652,60.2659],[19.6832,60.2642],[19.6904,60.2557],[19.6868,60.2389],[19.6976,60.249],[19.7012,60.2608],[19.7084,60.2693],[19.7192,60.2726],[19.7336,60.2743],[19.7696,60.2861],[19.7624,60.2912],[19.7588,60.2963],[19.748,60.3064],[19.7696,60.303],[19.7768,60.2997],[19.784,60.303],[19.7876,60.303],[19.7948,60.2997],[19.7804,60.2709],[19.766,60.249],[19.7696,60.2406],[19.7768,60.2338],[19.784,60.2254],[19.7912,60.2],[19.7984,60.1933],[19.8128,60.1899],[19.82,60.1966],[19.8236,60.2085],[19.82,60.222],[19.8164,60.2321],[19.8344,60.227],[19.8524,60.2169],[19.8596,60.2456],[19.8812,60.2591],[19.8848,60.2726],[19.8848,60.2929],[19.892,60.3064],[19.8992,60.2912],[19.8992,60.2845],[19.8992,60.276],[19.9064,60.2726],[19.9172,60.2726],[19.928,60.2777],[19.9352,60.2828],[19.9316,60.2997],[19.9244,60.3148],[19.9136,60.325],[19.8992,60.3334],[19.892,60.3402],[19.8884,60.3452],[19.8848,60.3452],[19.8776,60.3368],[19.8668,60.3199],[19.856,60.3132],[19.8488,60.3165],[19.8344,60.3334],[19.82,60.3469],[19.802,60.3537],[19.7768,60.3554],[19.7912,60.3604],[19.802,60.3689],[19.8092,60.379],[19.8164,60.3891],[19.838,60.401],[19.8596,60.406],[19.8812,60.406],[19.9064,60.4027],[19.9136,60.3891],[19.9172,60.3706],[19.928,60.3571],[19.9712,60.3621],[19.9964,60.3571],[20.018,60.3469],[20.036,60.3334],[20.0288,60.3537],[20.0252,60.3604],[20.0396,60.3588],[20.072,60.3503],[20.0828,60.352],[20.0936,60.3554],[20.1044,60.3503],[20.126,60.3334],[20.1764,60.3233],[20.1908,60.3132],[20.18,60.2861],[20.198,60.2895],[20.2016,60.2929],[20.216,60.2861],[20.2376,60.2811],[20.2772,60.2794],[20.2412,60.2456],[20.2376,60.2321],[20.2088,60.2254]]]}},{"type":"Feature","properties":{},"geometry":{"type":"Polygon","coordinates":[[[-1.0962,60.4162],[-1.089,60.433],[-1.071,60.4449],[-1.053,60.4499],[-1.035,60.4499],[-1.0494,60.433],[-1.1178,60.3908],[-1.125,60.3841],[-1.125,60.3756],[-1.1178,60.3739],[-1.1106,60.379],[-1.0998,60.3891],[-1.0962,60.3908],[-1.0818,60.3959],[-1.0674,60.3959],[-1.0638,60.3858],[-1.0638,60.3807],[-1.0638,60.3689],[-1.071,60.3588],[-1.0782,60.3554],[-1.1574,60.3503],[-1.1718,60.3469],[-1.1502,60.3368],[-1.0998,60.3317],[-1.0746,60.3216],[-1.1214,60.2963],[-1.1358,60.2929],[-1.1394,60.2912],[-1.1394,60.2861],[-1.1358,60.2794],[-1.1358,60.276],[-1.1286,60.2743],[-1.1214,60.2794],[-1.1178,60.2794],[-1.1106,60.276],[-1.0962,60.2743],[-1.089,60.2726],[-1.1286,60.2524],[-1.1466,60.249],[-1.1646,60.2507],[-1.1754,60.2642],[-1.1826,60.2726],[-1.1934,60.2726],[-1.2006,60.2676],[-1.197,60.2608],[-1.1934,60.2557],[-1.1862,60.2507],[-1.1862,60.2456],[-1.1934,60.2456],[-1.2042,60.2439],[-1.2186,60.2389],[-1.2186,60.2321],[-1.179,60.2321],[-1.1862,60.2254],[-1.1898,60.2186],[-1.2006,60.2051],[-1.1826,60.2186],[-1.1718,60.222],[-1.1574,60.2254],[-1.1862,60.1916],[-1.1934,60.1764],[-1.1754,60.1882],[-1.1538,60.1933],[-1.143,60.1882],[-1.1574,60.1696],[-1.125,60.1561],[-1.125,60.1494],[-1.1502,60.1494],[-1.1502,60.1426],[-1.143,60.1426],[-1.143,60.1359],[-1.161,60.1409],[-1.1718,60.1359],[-1.1826,60.1291],[-1.2006,60.1291],[-1.1862,60.1224],[-1.1898,60.1139],[-1.1934,60.1088],[-1.2042,60.1072],[-1.2114,60.1072],[-1.2114,60.1004],[-1.2042,60.1004],[-1.1862,60.0936],[-1.2006,60.0835],[-1.1934,60.07],[-1.1754,60.0599],[-1.1646,60.0599],[-1.1718,60.0464],[-1.1862,60.0379],[-1.2042,60.0362],[-1.2186,60.0396],[-1.215,60.0261],[-1.1934,59.9974],[-1.2006,59.9856],[-1.215,59.9873],[-1.2474,59.9974],[-1.2438,59.9771],[-1.2438,59.9552],[-1.2546,59.9366],[-1.269,59.9231],[-1.2726,59.9282],[-1.2762,59.9299],[-1.2654,59.918],[-1.2618,59.9079],[-1.2654,59.8961],[-1.2762,59.8826],[-1.2654,59.8741],[-1.2618,59.8657],[-1.2654,59.8589],[-1.2762,59.8539],[-1.2798,59.8589],[-1.2942,59.8741],[-1.3014,59.864],[-1.3122,59.8657],[-1.3122,59.8724],[-1.3014,59.8826],[-1.3014,59.8893],[-1.3158,59.8961],[-1.3482,59.8927],[-1.3626,59.8961],[-1.377,59.9079],[-1.359,59.9214],[-1.3626,59.9366],[-1.3554,59.9451],[-1.3446,59.9501],[-1.3338,59.9518],[-1.323,59.9518],[-1.323,59.9569],[-1.341,59.967],[-1.3482,59.9704],[-1.3482,59.9771],[-1.323,59.9771],[-1.3302,59.9957],[-1.3194,60.0109],[-1.3014,60.0278],[-1.287,60.0751],[-1.2726,60.0953],[-1.2618,60.1156],[-1.269,60.1426],[-1.2726,60.146],[-1.2798,60.1443],[-1.2834,60.146],[-1.2906,60.1561],[-1.287,60.1595],[-1.287,60.1646],[-1.269,60.1848],[-1.2798,60.1848],[-1.2942,60.1798],[-1.2978,60.1764],[-1.3086,60.1764],[-1.3122,60.1815],[-1.3086,60.1882],[-1.2942,60.2152],[-1.287,60.2254],[-1.2762,60.2338],[-1.269,60.2389],[-1.269,60.2456],[-1.287,60.2456],[-1.3014,60.2355],[-1.3302,60.2051],[-1.3446,60.227],[-1.359,60.2439],[-1.377,60.2541],[-1.4094,60.2591],[-1.4094,60.2507],[-1.3914,60.2473],[-1.377,60.2372],[-1.3626,60.2254],[-1.3482,60.2118],[-1.3554,60.1966],[-1.377,60.2068],[-1.3842,60.2102],[-1.3986,60.2118],[-1.3986,60.1933],[-1.4058,60.1798],[-1.413,60.1764],[-1.4202,60.1899],[-1.431,60.1848],[-1.4346,60.1747],[-1.4382,60.1629],[-1.4454,60.1561],[-1.4562,60.1561],[-1.4958,60.1696],[-1.4958,60.173],[-1.5174,60.1848],[-1.521,60.1831],[-1.5282,60.1933],[-1.5282,60.1983],[-1.521,60.2051],[-1.5102,60.2102],[-1.4778,60.2135],[-1.467,60.2169],[-1.4778,60.222],[-1.503,60.2439],[-1.5066,60.2355],[-1.5138,60.222],[-1.5246,60.2118],[-1.5354,60.2102],[-1.5426,60.2203],[-1.5498,60.2304],[-1.5642,60.227],[-1.593,60.2169],[-1.6146,60.2152],[-1.6254,60.2169],[-1.629,60.2203],[-1.6326,60.2254],[-1.6326,60.2304],[-1.6398,60.2321],[-1.6614,60.2338],[-1.6686,60.2389],[-1.6794,60.2659],[-1.6902,60.2845],[-1.6866,60.2912],[-1.6722,60.2997],[-1.6578,60.3064],[-1.6398,60.3115],[-1.6182,60.3148],[-1.6038,60.3132],[-1.5894,60.3064],[-1.5786,60.298],[-1.5642,60.2929],[-1.5498,60.2929],[-1.557,60.3064],[-1.521,60.2997],[-1.521,60.3064],[-1.5282,60.3064],[-1.5282,60.3132],[-1.4814,60.3165],[-1.467,60.3081],[-1.467,60.2794],[-1.4598,60.2794],[-1.449,60.2845],[-1.4454,60.2861],[-1.4526,60.2912],[-1.4562,60.303],[-1.4598,60.3064],[-1.4382,60.3064],[-1.4418,60.3115],[-1.4454,60.3216],[-1.4238,60.3267],[-1.395,60.3216],[-1.3734,60.3081],[-1.3626,60.2861],[-1.3482,60.298],[-1.3374,60.3064],[-1.3626,60.3216],[-1.3446,60.3469],[-1.3374,60.3436],[-1.3302,60.3419],[-1.3158,60.3419],[-1.3266,60.352],[-1.3086,60.3554],[-1.2618,60.3554],[-1.2834,60.3638],[-1.3122,60.3672],[-1.3374,60.3739],[-1.3446,60.3959],[-1.3626,60.3841],[-1.3734,60.3807],[-1.3842,60.3824],[-1.395,60.3891],[-1.3986,60.3993],[-1.395,60.4094],[-1.3842,60.4162],[-1.3842,60.4229],[-1.4166,60.4229],[-1.4274,60.4246],[-1.4382,60.4314],[-1.4346,60.4432],[-1.4382,60.4601],[-1.4454,60.4921],[-1.4598,60.4736],[-1.4706,60.4618],[-1.4814,60.4567],[-1.4958,60.4601],[-1.4994,60.4685],[-1.4922,60.4786],[-1.4814,60.4854],[-1.4994,60.4854],[-1.5174,60.482],[-1.5318,60.4837],[-1.5498,60.4921],[-1.557,60.4803],[-1.5714,60.477],[-1.6074,60.4786],[-1.611,60.4837],[-1.6038,60.4955],[-1.5966,60.5073],[-1.5858,60.5124],[-1.5606,60.5107],[-1.557,60.5124],[-1.5498,60.5192],[-1.5498,60.5259],[-1.5498,60.5327],[-1.5498,60.5394],[-1.539,60.5496],[-1.5282,60.5563],[-1.5138,60.558],[-1.4994,60.5462],[-1.4886,60.5259],[-1.4562,60.509],[-1.4166,60.5023],[-1.3842,60.5124],[-1.395,60.5175],[-1.4094,60.5192],[-1.4346,60.5192],[-1.4418,60.5225],[-1.4526,60.531],[-1.4634,60.5377],[-1.4814,60.5394],[-1.4706,60.5462],[-1.4562,60.5631],[-1.4526,60.5681],[-1.4418,60.5681],[-1.4094,60.58],[-1.4202,60.5867],[-1.4238,60.5884],[-1.4166,60.5952],[-1.413,60.6002],[-1.4166,60.6036],[-1.4202,60.6087],[-1.395,60.6137],[-1.3662,60.612],[-1.341,60.6053],[-1.3158,60.5935],[-1.3122,60.5985],[-1.3086,60.6019],[-1.3266,60.6103],[-1.323,60.6205],[-1.3014,60.6424],[-1.2906,60.6239],[-1.2906,60.6154],[-1.2942,60.6087],[-1.2906,60.6002],[-1.2942,60.5935],[-1.2978,60.5901],[-1.3086,60.5884],[-1.3014,60.5648],[-1.3086,60.5546],[-1.323,60.5462],[-1.3374,60.5327],[-1.3158,60.5327],[-1.3194,60.5276],[-1.3266,60.5259],[-1.3374,60.5259],[-1.3302,60.5242],[-1.3266,60.5209],[-1.323,60.5192],[-1.3158,60.5192],[-1.3374,60.4854],[-1.3266,60.4871],[-1.3158,60.4888],[-1.3086,60.4921],[-1.3014,60.4989],[-1.2942,60.4921],[-1.3086,60.477],[-1.3122,60.4702],[-1.3086,60.4651],[-1.3086,60.4567],[-1.3266,60.4533],[-1.3518,60.4179],[-1.3698,60.4094],[-1.3698,60.4027],[-1.359,60.401],[-1.3446,60.4027],[-1.3338,60.4043],[-1.323,60.4094],[-1.323,60.428],[-1.2978,60.4381],[-1.233,60.4432],[-1.2798,60.4618],[-1.2942,60.4719],[-1.2834,60.4786],[-1.2726,60.4837],[-1.2618,60.482],[-1.2618,60.4651],[-1.251,60.4702],[-1.2294,60.4888],[-1.2258,60.4955],[-1.2186,60.4972],[-1.2006,60.4921],[-1.1862,60.482],[-1.1934,60.4719],[-1.179,60.4685],[-1.1682,60.4634],[-1.161,60.455],[-1.1574,60.4432],[-1.1646,60.4398],[-1.1646,60.4364],[-1.1502,60.4314],[-1.1646,60.4263],[-1.1862,60.4314],[-1.197,60.4263],[-1.2042,60.4195],[-1.215,60.4145],[-1.2258,60.4111],[-1.2222,60.4094],[-1.2078,60.4111],[-1.1862,60.4162],[-1.1898,60.4145],[-1.2006,60.4094],[-1.2006,60.4027],[-1.1646,60.4128],[-1.1538,60.4077],[-1.1502,60.3891],[-1.143,60.3891],[-1.1394,60.3993],[-1.1358,60.3993],[-1.1322,60.3976],[-1.125,60.4027],[-1.1214,60.4077],[-1.1178,60.4162],[-1.1106,60.4229],[-1.1034,60.4314],[-1.0998,60.428],[-1.0998,60.4246],[-1.0962,60.4162]]]}},{"type":"Feature","properties":{},"geometry":{"type":"Polygon","coordinates":[[[23.2292,58.5047],[23.2544,58.4996],[23.2868,58.4878],[23.3192,58.4726],[23.3336,58.4557],[23.3264,58.4422],[23.2616,58.4659],[23.2364,58.4557],[23.2508,58.454],[23.2616,58.4523],[23.2724,58.4456],[23.2796,58.4372],[23.2364,58.4405],[23.2148,58.4456],[23.1968,58.4557],[23.1932,58.4608],[23.1896,58.4675],[23.1824,58.4743],[23.1716,58.4777],[23.1572,58.4777],[23.1536,58.476],[23.15,58.4692],[23.1464,58.4659],[23.1428,58.4523],[23.1392,58.4456],[23.132,58.4388],[23.1248,58.4355],[23.1104,58.4287],[23.1032,58.4304],[23.0924,58.4321],[23.0852,58.4304],[23.0816,58.4186],[23.0816,58.4118],[23.0816,58.4068],[23.0852,58.4],[23.0852,58.3949],[23.0636,58.3848],[23.042,58.3713],[23.0204,58.3629],[22.9772,58.3814],[22.9556,58.3814],[22.9484,58.373],[22.97,58.3595],[22.9016,58.3122],[22.8872,58.3071],[22.8692,58.3054],[22.8548,58.2987],[22.826,58.2784],[22.8116,58.2734],[22.79,58.2717],[22.7432,58.2734],[22.7216,58.27],[22.7108,58.2582],[22.7576,58.243],[22.7216,58.2261],[22.6676,58.221],[22.6532,58.2447],[22.6388,58.2497],[22.6208,58.2531],[22.6028,58.2514],[22.5848,58.248],[22.5704,58.2396],[22.5632,58.2345],[22.5596,58.2379],[22.5488,58.248],[22.5344,58.2548],[22.5272,58.248],[22.5164,58.2311],[22.5092,58.2278],[22.5056,58.2244],[22.5056,58.2227],[22.4984,58.2227],[22.4984,58.2261],[22.4912,58.2413],[22.4912,58.2447],[22.4768,58.2447],[22.4588,58.2413],[22.4444,58.2345],[22.4336,58.2261],[22.4228,58.221],[22.4084,58.2244],[22.3976,58.2278],[22.3868,58.2261],[22.3796,58.2227],[22.3616,58.2176],[22.3544,58.2159],[22.322,58.2058],[22.2968,58.1923],[22.2824,58.1822],[22.2752,58.1788],[22.2716,58.1737],[22.2716,58.1366],[22.2644,58.1146],[22.2572,58.0927],[22.2284,58.0522],[22.2212,58.0437],[22.2104,58.0353],[22.1996,58.0268],[22.1996,58.0167],[22.2032,57.9947],[22.1888,57.9846],[22.0484,57.9154],[22.016,57.9137],[21.9908,57.9356],[21.9944,57.9475],[21.9908,57.9576],[21.98,57.966],[21.9656,57.9694],[21.9656,57.9711],[21.962,57.9745],[21.962,57.9795],[21.962,57.9846],[21.9908,57.9829],[21.998,57.9846],[22.0052,57.9914],[22.016,58.0116],[22.0196,58.0218],[22.0592,58.0522],[22.0772,58.0741],[22.0844,58.0825],[22.0952,58.0859],[22.1096,58.0842],[22.124,58.0792],[22.1348,58.0775],[22.1492,58.0792],[22.1528,58.0859],[22.16,58.1079],[22.1636,58.1163],[22.2032,58.1484],[22.1816,58.1602],[22.142,58.1687],[22.0736,58.1754],[22.052,58.1872],[22.016,58.2345],[21.9944,58.2447],[21.9296,58.2447],[21.8972,58.2514],[21.8684,58.2649],[21.8504,58.2818],[21.8432,58.2936],[21.8432,58.3021],[21.854,58.3071],[21.908,58.2987],[21.8972,58.3139],[21.8792,58.3291],[21.872,58.3409],[21.8936,58.346],[21.9116,58.3392],[21.9296,58.3274],[21.944,58.319],[21.962,58.3274],[21.9548,58.3443],[21.9692,58.3544],[21.9908,58.3578],[22.0124,58.3544],[22.0016,58.3662],[21.9908,58.3865],[21.9476,58.4321],[21.926,58.4473],[21.9008,58.4692],[21.8864,58.4777],[21.8576,58.4912],[21.8324,58.5114],[21.8864,58.4979],[21.9008,58.4979],[21.9152,58.5013],[21.9188,58.5047],[21.9188,58.5098],[21.9296,58.5182],[21.9656,58.5182],[21.9944,58.5131],[22.0196,58.4996],[22.0628,58.4574],[22.07,58.4473],[22.0736,58.4321],[22.0736,58.427],[22.0772,58.4236],[22.0844,58.422],[22.088,58.422],[22.0988,58.4253],[22.0988,58.4355],[22.0916,58.449],[22.0988,58.476],[22.1024,58.4878],[22.1132,58.4979],[22.1276,58.5047],[22.16,58.5131],[22.1708,58.5216],[22.1816,58.5351],[22.1888,58.5435],[22.196,58.5452],[22.214,58.5469],[22.214,58.5435],[22.2176,58.5385],[22.2212,58.5334],[22.2248,58.5283],[22.2248,58.5165],[22.2284,58.5098],[22.2428,58.5047],[22.2716,58.5013],[22.2824,58.5216],[22.2824,58.5503],[22.2896,58.5689],[22.322,58.5841],[22.4624,58.5925],[22.5488,58.6296],[22.5848,58.6347],[22.5956,58.6296],[22.6136,58.606],[22.6244,58.6009],[22.6316,58.5976],[22.6424,58.5891],[22.6496,58.5874],[22.6568,58.5891],[22.6748,58.5976],[22.682,58.6009],[22.7036,58.5976],[22.718,58.5908],[22.736,58.5874],[22.7576,58.5925],[22.79,58.6145],[22.8116,58.6229],[22.8476,58.6128],[22.898,58.6195],[22.9232,58.6178],[22.9448,58.6094],[22.988,58.6009],[23.0348,58.5841],[23.0924,58.5705],[23.1104,58.5554],[23.1248,58.5351],[23.132,58.5283],[23.15,58.5216],[23.1896,58.5098],[23.2292,58.5047]]]}},{"type":"Feature","properties":{},"geometry":{"type":"Polygon","coordinates":[[[22.2932,58.8948],[22.2284,58.8863],[22.196,58.888],[22.0628,58.9251],[22.0448,58.937],[22.0556,58.9522],[22.0952,58.9555],[22.1672,58.9505],[22.4624,58.9707],[22.4444,58.9775],[22.4408,58.9842],[22.4552,58.9876],[22.4768,58.9809],[22.4876,58.9809],[22.4876,59.0163],[22.5056,59.0248],[22.5272,59.0265],[22.5452,59.0298],[22.5596,59.0383],[22.574,59.0535],[22.5776,59.0619],[22.5776,59.0704],[22.5776,59.0788],[22.5884,59.0873],[22.5992,59.0889],[22.6388,59.0873],[22.6424,59.0873],[22.6676,59.0856],[22.6964,59.0788],[22.7144,59.0704],[22.6928,59.0417],[22.7,59.0248],[22.7216,59.0113],[22.736,59.0045],[22.8368,59.0079],[22.934,58.9842],[22.9484,58.9707],[22.952,58.9606],[22.9484,58.9454],[22.9484,58.937],[22.9592,58.9268],[22.9808,58.9184],[22.988,58.9116],[22.9952,58.9066],[23.0096,58.8981],[23.0168,58.8914],[23.0168,58.888],[23.0204,58.8812],[23.0168,58.8711],[23.0204,58.8644],[23.0276,58.8627],[23.0348,58.8627],[23.0384,58.861],[23.042,58.8407],[23.0348,58.8306],[23.0204,58.8289],[22.9772,58.8441],[22.9664,58.8458],[22.9556,58.8475],[22.9484,58.8441],[22.9484,58.8373],[22.9412,58.834],[22.9304,58.8407],[22.9124,58.8357],[22.8944,58.8357],[22.88,58.8323],[22.8656,58.8205],[22.8764,58.8205],[22.8836,58.8171],[22.8872,58.812],[22.8872,58.8036],[22.8872,58.7901],[22.8836,58.7884],[22.8728,58.7884],[22.862,58.7816],[22.844,58.7766],[22.8152,58.7766],[22.79,58.7816],[22.7792,58.7918],[22.79,58.8019],[22.8116,58.8103],[22.826,58.8188],[22.8188,58.8289],[22.8008,58.8306],[22.7792,58.8238],[22.754,58.8154],[22.736,58.8069],[22.7144,58.7816],[22.682,58.7242],[22.6532,58.7023],[22.61,58.6904],[22.556,58.6871],[22.502,58.6955],[22.4624,58.7158],[22.4732,58.7191],[22.4804,58.7242],[22.4984,58.7377],[22.484,58.7478],[22.466,58.7664],[22.448,58.7867],[22.4444,58.8036],[22.4444,58.8272],[22.4408,58.8407],[22.43,58.8525],[22.3832,58.8829],[22.3544,58.8914],[22.3256,58.8964],[22.2932,58.8948]]]}},{"type":"Feature","properties":{},"geometry":{"type":"Polygon","coordinates":[[[41.845,17],[41.845,17.0012],[41.8522,17.0096],[41.8594,17.013],[41.863,17.0045],[41.8954,17.0012],[41.8989,17]]]}},{"type":"Feature","properties":{},"geometry":{"type":"Polygon","coordinates":[[[58.9056,20.6265],[58.9092,20.6046],[58.9128,20.5877],[58.9452,20.5353],[58.9524,20.5201],[58.9488,20.5083],[58.9416,20.5016],[58.902,20.4746],[58.8624,20.4526],[58.8444,20.4374],[58.8192,20.4036],[58.8084,20.38],[58.7976,20.331],[58.7868,20.3141],[58.7868,20.304],[58.7868,20.3023],[58.7904,20.2939],[58.7904,20.2871],[58.7868,20.2804],[58.7508,20.2483],[58.7328,20.2246],[58.7256,20.2145],[58.7148,20.2128],[58.704,20.2111],[58.6896,20.2078],[58.686,20.201],[58.6824,20.1909],[58.6752,20.1791],[58.6644,20.1706],[58.6536,20.1706],[58.6464,20.1791],[58.6428,20.1875],[58.6392,20.2179],[58.6356,20.25],[58.6392,20.2669],[58.6392,20.2686],[58.6356,20.277],[58.6428,20.3564],[58.65,20.3682],[58.6608,20.3834],[58.6644,20.3884],[58.6824,20.4003],[58.6896,20.4036],[58.6932,20.4053],[58.6932,20.407],[58.6968,20.4256],[58.7004,20.4307],[58.7184,20.4374],[58.7328,20.4374],[58.7508,20.4408],[58.7688,20.4509],[58.776,20.4627],[58.7796,20.4678],[58.7832,20.4796],[58.7868,20.4813],[58.7904,20.5201],[58.794,20.5387],[58.8048,20.5539],[58.8516,20.613],[58.8696,20.6502],[58.884,20.6823],[58.8912,20.6941],[58.9056,20.6974],[58.92,20.6823],[58.92,20.6806],[58.9164,20.6637],[58.9092,20.6451],[58.9056,20.6265]]]}},{"type":"Feature","properties":{},"geometry":{"type":"Polygon","coordinates":[[[56.2128,27.0026],[56.2308,26.9992],[56.256,26.9891],[56.274,26.9773],[56.2812,26.9739],[56.2884,26.9553],[56.2704,26.9469],[56.256,26.9384],[56.1948,26.9249],[56.1732,26.9063],[56.148,26.8624],[56.1372,26.8439],[56.0976,26.8067],[56.0904,26.7932],[56.0796,26.7848],[56.0436,26.7679],[56.0328,26.7594],[56.0256,26.7544],[55.9752,26.7122],[55.9464,26.697],[55.9248,26.7054],[55.9032,26.7257],[55.878,26.7426],[55.8096,26.7122],[55.7916,26.6987],[55.7736,26.6885],[55.752,26.6885],[55.7052,26.6953],[55.6872,26.6902],[55.6656,26.6818],[55.6116,26.6463],[55.554,26.626],[55.5216,26.6041],[55.5036,26.5956],[55.4424,26.5889],[55.3956,26.5771],[55.3776,26.5669],[55.3704,26.5636],[55.3668,26.5653],[55.3596,26.5653],[55.3488,26.5686],[55.338,26.5686],[55.3344,26.5602],[55.3308,26.5534],[55.32,26.5484],[55.3092,26.545],[55.2984,26.5433],[55.2948,26.5467],[55.2912,26.5484],[55.284,26.5602],[55.2804,26.5838],[55.2876,26.6024],[55.2876,26.6142],[55.284,26.6193],[55.2732,26.6497],[55.284,26.6598],[55.3308,26.6446],[55.3416,26.6497],[55.3488,26.648],[55.3524,26.648],[55.4064,26.6733],[55.5396,26.7122],[55.5576,26.7155],[55.572,26.7189],[55.5756,26.7206],[55.6188,26.7459],[55.6404,26.7611],[55.7052,26.7831],[55.716,26.7831],[55.7376,26.7831],[55.7484,26.7831],[55.7556,26.7865],[55.7628,26.7932],[55.7736,26.7966],[55.77,26.8033],[55.7664,26.8101],[55.7808,26.827],[55.7844,26.8456],[55.7808,26.8895],[55.7736,26.9063],[55.7556,26.9215],[55.7412,26.9334],[55.734,26.9401],[55.7592,26.9536],[55.896,26.9063],[55.9356,26.9148],[56.04,26.9756],[56.1732,27.0026],[56.2128,27.0026]]]}},{"type":"Feature","properties":{},"geometry":{"type":"Polygon","coordinates":[[[48.3539,29.7094],[48.3323,29.679],[48.3035,29.6452],[48.2675,29.6165],[48.2279,29.5996],[48.2207,29.6013],[48.1847,29.6047],[48.1631,29.63],[48.1271,29.7026],[48.0839,29.7685],[48.0803,29.7736],[48.0731,29.7803],[48.0551,29.7904],[48.0443,29.8006],[48.0659,29.8124],[48.0767,29.8175],[48.0983,29.831],[48.1091,29.8327],[48.1127,29.8394],[48.1199,29.8732],[48.1019,29.8799],[48.0947,29.8799],[48.0839,29.8799],[48.0947,29.8951],[48.1091,29.8934],[48.1343,29.8799],[48.1451,29.8782],[48.1595,29.8799],[48.1667,29.8867],[48.1595,29.9019],[48.1775,29.9086],[48.1955,29.9171],[48.1991,29.9255],[48.1811,29.9357],[48.1703,29.9357],[48.1559,29.9306],[48.1487,29.9357],[48.1415,29.9424],[48.1415,29.9525],[48.1379,29.9627],[48.1415,29.9694],[48.1235,29.9694],[48.1199,29.9711],[48.1163,29.9745],[48.1199,29.9812],[48.1343,29.9897],[48.1487,29.9948],[48.1631,29.9964],[48.1775,29.9914],[48.1883,29.9829],[48.3431,29.7904],[48.3611,29.755],[48.3539,29.7094]]]}},{"type":"Feature","properties":{},"geometry":{"type":"Polygon","coordinates":[[[26.3217,35.3155],[26.3109,35.2969],[26.2965,35.2851],[26.2821,35.2749],[26.2677,35.2597],[26.2857,35.2091],[26.3001,35.1854],[26.3217,35.1973],[26.3109,35.1821],[26.2965,35.1669],[26.2857,35.15],[26.2929,35.1365],[26.2857,35.1179],[26.2785,35.0993],[26.2677,35.0841],[26.2569,35.0723],[26.2497,35.0639],[26.2425,35.0385],[26.2353,35.0335],[26.2245,35.0318],[26.2137,35.0284],[26.2065,35.0233],[26.1489,35.0031],[26.1345,34.9997],[26.1057,34.9997],[26.1021,35.0014],[26.0877,35.0149],[26.0805,35.02],[26.0589,35.0233],[26.0373,35.0216],[26.0193,35.0216],[26.0013,35.0301],[25.9941,35.0368],[25.9833,35.0385],[25.9761,35.0368],[25.9689,35.0301],[25.9617,35.0284],[25.9257,35.0335],[25.8825,35.0267],[25.8069,35.0065],[25.6017,35.0132],[25.5369,34.9963],[25.5225,34.9896],[25.5045,34.9845],[25.4145,34.9929],[25.3461,34.9913],[25.3281,34.9879],[25.3029,34.9845],[25.2957,34.9811],[25.2813,34.9727],[25.2237,34.9541],[25.2093,34.9507],[25.1517,34.9558],[25.1301,34.9507],[25.1229,34.9474],[25.1157,34.9406],[25.1085,34.9372],[25.0977,34.9372],[25.0905,34.9406],[25.0869,34.944],[25.0761,34.944],[25.0581,34.944],[25.0437,34.9406],[25.0185,34.9322],[25.0041,34.9372],[24.9824,34.9389],[24.7376,34.9322],[24.7376,34.9372],[24.752,34.9457],[24.7556,34.9575],[24.752,34.9963],[24.7556,35.0081],[24.7592,35.0267],[24.7592,35.0419],[24.7556,35.052],[24.7484,35.0656],[24.7412,35.0774],[24.734,35.0824],[24.7304,35.0841],[24.7232,35.0892],[24.7196,35.0943],[24.7088,35.0959],[24.6188,35.0976],[24.5936,35.101],[24.5792,35.1095],[24.5756,35.1095],[24.5648,35.1061],[24.554,35.1145],[24.5324,35.1365],[24.518,35.1449],[24.5,35.1517],[24.482,35.1567],[24.464,35.15],[24.4028,35.1753],[24.4028,35.1854],[24.4028,35.1905],[24.2948,35.1821],[24.2192,35.1905],[24.212,35.1939],[24.2084,35.199],[24.2048,35.204],[24.2048,35.2057],[24.1976,35.2057],[24.1904,35.2023],[24.1868,35.199],[24.1832,35.1973],[24.1112,35.1973],[24.0932,35.204],[24.086,35.204],[24.0788,35.1939],[24.0752,35.1956],[24.05,35.1905],[24.032,35.1973],[24.0032,35.226],[23.9888,35.2327],[23.9024,35.231],[23.8592,35.2361],[23.8268,35.253],[23.8196,35.2479],[23.8124,35.2445],[23.8052,35.2445],[23.798,35.2462],[23.7836,35.2344],[23.7116,35.2361],[23.6828,35.226],[23.6684,35.2378],[23.6108,35.2344],[23.5856,35.2395],[23.582,35.2445],[23.5856,35.2547],[23.582,35.2597],[23.5712,35.2631],[23.5604,35.2648],[23.5532,35.2665],[23.546,35.2732],[23.5388,35.2817],[23.5316,35.2884],[23.5172,35.2935],[23.5244,35.3003],[23.5208,35.302],[23.5172,35.3036],[23.5172,35.307],[23.5316,35.3138],[23.5388,35.3155],[23.546,35.3155],[23.546,35.3188],[23.546,35.3205],[23.5496,35.3222],[23.5532,35.3222],[23.546,35.329],[23.5424,35.3357],[23.5424,35.3459],[23.546,35.356],[23.5388,35.3746],[23.5496,35.3965],[23.564,35.4185],[23.5748,35.4354],[23.5712,35.4404],[23.5676,35.4472],[23.5604,35.4522],[23.5604,35.459],[23.5712,35.4843],[23.5784,35.4928],[23.5784,35.5012],[23.5676,35.5063],[23.5676,35.513],[23.5712,35.5181],[23.5712,35.5198],[23.5712,35.5232],[23.5676,35.5282],[23.582,35.5519],[23.5856,35.5637],[23.582,35.5755],[23.6,35.6025],[23.6036,35.6127],[23.6072,35.5924],[23.6072,35.5519],[23.6144,35.535],[23.6216,35.5248],[23.6252,35.5215],[23.6324,35.5215],[23.6396,35.5198],[23.6396,35.5147],[23.6396,35.5113],[23.6432,35.5063],[23.6504,35.5029],[23.6576,35.5012],[23.6828,35.4995],[23.7044,35.5029],[23.7188,35.513],[23.7296,35.5299],[23.7296,35.5536],[23.726,35.5738],[23.7152,35.5924],[23.7116,35.6076],[23.7224,35.6177],[23.7152,35.6346],[23.7116,35.6481],[23.7152,35.6616],[23.726,35.6751],[23.7404,35.6869],[23.7512,35.6869],[23.7584,35.6802],[23.78,35.6718],[23.78,35.6633],[23.7692,35.6532],[23.7692,35.6414],[23.78,35.6093],[23.7764,35.5839],[23.78,35.5755],[23.798,35.5451],[23.816,35.535],[23.9024,35.5265],[23.9276,35.5215],[23.9456,35.5248],[23.9996,35.5198],[24.0248,35.5215],[24.0356,35.5232],[24.0464,35.5282],[24.05,35.535],[24.0536,35.5451],[24.0572,35.5536],[24.068,35.5552],[24.0932,35.5536],[24.0824,35.5907],[24.1148,35.6008],[24.1616,35.5975],[24.1832,35.5856],[24.2048,35.5417],[24.2012,35.535],[24.194,35.5316],[24.1868,35.5181],[24.1832,35.513],[24.1724,35.5096],[24.1652,35.508],[24.1436,35.5063],[24.104,35.5147],[24.0824,35.5147],[24.068,35.5063],[24.0716,35.4978],[24.0896,35.4894],[24.1076,35.4826],[24.1364,35.4742],[24.1688,35.4556],[24.1868,35.4522],[24.2048,35.4539],[24.2228,35.4607],[24.2408,35.4708],[24.2516,35.4793],[24.2624,35.4337],[24.266,35.4151],[24.2624,35.3779],[24.266,35.3695],[24.2732,35.3644],[24.2948,35.3644],[24.302,35.3594],[24.3416,35.3475],[24.428,35.3695],[24.464,35.3627],[24.4856,35.3729],[24.5684,35.3847],[24.5936,35.3914],[24.6548,35.4185],[24.6764,35.4235],[24.698,35.4269],[24.7196,35.4269],[24.8204,35.4134],[24.842,35.4033],[24.8492,35.41],[24.8672,35.4168],[24.896,35.4252],[24.9572,35.4033],[24.9644,35.41],[24.968,35.4117],[24.968,35.4151],[24.9716,35.4252],[25.0185,35.4151],[25.0293,35.4033],[25.0473,35.405],[25.0545,35.4033],[25.0545,35.3982],[25.0509,35.3914],[25.0473,35.3864],[25.0473,35.3796],[25.0545,35.356],[25.0761,35.3442],[25.1085,35.3425],[25.1517,35.3442],[25.1805,35.3509],[25.1985,35.3492],[25.2021,35.3475],[25.2057,35.3425],[25.2129,35.3374],[25.2201,35.3357],[25.2525,35.3357],[25.3065,35.3425],[25.3317,35.3374],[25.3461,35.3357],[25.3605,35.3425],[25.3677,35.3357],[25.3749,35.3425],[25.3929,35.329],[25.4073,35.3121],[25.4253,35.3003],[25.4541,35.2935],[25.4829,35.2969],[25.6377,35.3459],[25.6593,35.3492],[25.6701,35.3475],[25.6917,35.3374],[25.7061,35.3357],[25.7673,35.3357],[25.7601,35.3222],[25.7493,35.3104],[25.7241,35.2935],[25.7313,35.2884],[25.7277,35.2783],[25.7241,35.2716],[25.7277,35.2648],[25.7385,35.2597],[25.7385,35.2766],[25.7421,35.2851],[25.7493,35.2834],[25.7601,35.2749],[25.7529,35.2682],[25.7529,35.2648],[25.7601,35.2597],[25.7529,35.253],[25.7493,35.2564],[25.7457,35.2564],[25.7385,35.2547],[25.7313,35.2462],[25.7349,35.2378],[25.7277,35.226],[25.7205,35.2108],[25.7241,35.1905],[25.7133,35.1821],[25.7133,35.1736],[25.7205,35.1635],[25.7241,35.1534],[25.7277,35.1331],[25.7385,35.1314],[25.7529,35.1331],[25.7709,35.1263],[25.7817,35.1179],[25.7961,35.1145],[25.8177,35.1162],[25.8321,35.123],[25.8465,35.15],[25.8609,35.1567],[25.8681,35.1567],[25.8717,35.1584],[25.8825,35.1652],[25.8969,35.1821],[25.8969,35.1854],[25.9077,35.1871],[25.9401,35.1888],[25.9797,35.1956],[25.9869,35.1973],[26.0157,35.2141],[26.0265,35.2226],[26.0337,35.226],[26.0445,35.2277],[26.0481,35.226],[26.0553,35.2277],[26.0589,35.2327],[26.0661,35.2327],[26.0805,35.2243],[26.1201,35.2158],[26.1093,35.2057],[26.1309,35.1956],[26.1561,35.1973],[26.1777,35.2074],[26.1993,35.2192],[26.1921,35.2209],[26.1921,35.2226],[26.1921,35.226],[26.2173,35.2479],[26.2389,35.2682],[26.2605,35.2851],[26.2929,35.2884],[26.2857,35.3003],[26.2965,35.3003],[26.3001,35.3003],[26.3001,35.3036],[26.2965,35.3121],[26.2929,35.3155],[26.3217,35.3155]]]}},{"type":"Feature","properties":{},"geometry":{"type":"Polygon","coordinates":[[[34.5441,35.6785],[34.5801,35.6903],[34.5909,35.692],[34.5873,35.6886],[34.5837,35.6853],[34.5801,35.6819],[34.5801,35.6785],[34.5765,35.6498],[34.5729,35.643],[34.5657,35.6414],[34.5405,35.638],[34.5369,35.6346],[34.4397,35.5839],[34.3533,35.5215],[34.1373,35.4151],[34.1085,35.3948],[34.0869,35.3695],[34.0689,35.3374],[34.0581,35.3239],[34.0437,35.3155],[34.0185,35.3138],[33.9933,35.3188],[33.9717,35.3205],[33.9501,35.3121],[33.9249,35.2783],[33.9105,35.2597],[33.9069,35.2429],[33.8997,35.1652],[33.9141,35.1567],[33.9537,35.123],[33.9609,35.1128],[33.9681,35.0993],[33.9789,35.0875],[34.0113,35.0639],[34.0221,35.0571],[34.0365,35.047],[34.0509,35.0335],[34.0617,35.0065],[34.0725,34.9879],[34.0869,34.9727],[34.0977,34.9659],[34.0869,34.9642],[34.0581,34.9659],[34.0329,34.9727],[34.0221,34.9828],[34.0113,34.9879],[33.9573,34.9811],[33.9105,34.971],[33.8997,34.9659],[33.8925,34.9575],[33.8853,34.949],[33.8745,34.9406],[33.8637,34.9372],[33.8457,34.9423],[33.8205,34.9642],[33.8025,34.9727],[33.7809,34.9761],[33.7593,34.9794],[33.7161,34.9777],[33.7017,34.9727],[33.6801,34.9659],[33.6549,34.944],[33.6477,34.9322],[33.6405,34.9153],[33.6333,34.8984],[33.6333,34.8798],[33.6333,34.8612],[33.6333,34.8528],[33.6225,34.8494],[33.6153,34.846],[33.6117,34.8275],[33.6045,34.8224],[33.5901,34.8173],[33.5577,34.8173],[33.5433,34.8156],[33.5361,34.8072],[33.5253,34.7954],[33.5145,34.7852],[33.5001,34.7802],[33.4677,34.7751],[33.4389,34.7633],[33.4137,34.7582],[33.3993,34.7734],[33.3993,34.7447],[33.3705,34.7312],[33.2949,34.7177],[33.2805,34.7126],[33.2733,34.7076],[33.2589,34.7008],[33.2445,34.6974],[33.1725,34.7059],[33.1005,34.6974],[33.0861,34.6941],[33.0717,34.6873],[33.0249,34.6519],[33.0141,34.635],[33.0105,34.6248],[33.0105,34.5978],[33.0285,34.5742],[33.0285,34.5691],[32.9421,34.5691],[32.9421,34.5742],[32.9457,34.5944],[32.9169,34.64],[32.9133,34.6569],[32.8557,34.6687],[32.8341,34.6704],[32.8125,34.6687],[32.7621,34.6535],[32.7477,34.6502],[32.7081,34.6451],[32.6649,34.6519],[32.6253,34.667],[32.5749,34.6924],[32.5569,34.6991],[32.5353,34.7042],[32.4921,34.7076],[32.4741,34.7126],[32.4597,34.7211],[32.4201,34.7481],[32.4129,34.7532],[32.4057,34.7819],[32.4021,34.7869],[32.4021,34.7971],[32.3805,34.8494],[32.3697,34.8562],[32.3481,34.868],[32.3373,34.8764],[32.3301,34.8866],[32.3229,34.8984],[32.3229,34.9119],[32.3301,34.9237],[32.3121,34.9507],[32.3085,34.9609],[32.3085,34.9828],[32.3049,35.0014],[32.2833,35.0318],[32.2761,35.047],[32.2725,35.0723],[32.2761,35.0909],[32.2869,35.0976],[32.3085,35.0858],[32.3373,35.0588],[32.3517,35.0487],[32.3733,35.0419],[32.4129,35.0436],[32.4489,35.0588],[32.4813,35.0824],[32.5029,35.1095],[32.5173,35.1399],[32.5281,35.1567],[32.5425,35.1669],[32.5461,35.1719],[32.5497,35.1753],[32.5533,35.1787],[32.5605,35.177],[32.5677,35.1719],[32.5749,35.1702],[32.5857,35.1719],[32.6001,35.1787],[32.6181,35.1854],[32.6397,35.1871],[32.6505,35.1888],[32.6613,35.1871],[32.6901,35.1838],[32.7117,35.1821],[32.7441,35.1787],[32.7765,35.1702],[32.8017,35.1567],[32.8269,35.1483],[32.8665,35.1567],[32.8917,35.1753],[32.9133,35.2006],[32.9277,35.2327],[32.9349,35.2699],[32.9349,35.3374],[32.9313,35.3661],[32.9205,35.3982],[32.9457,35.3948],[32.9853,35.3746],[33.0069,35.3695],[33.0681,35.3594],[33.1401,35.3627],[33.2625,35.3492],[33.2805,35.3425],[33.4281,35.329],[33.6585,35.3594],[33.7413,35.3982],[33.7845,35.4168],[33.8349,35.41],[33.8889,35.4235],[34.0365,35.4708],[34.0761,35.4945],[34.1301,35.5113],[34.1805,35.5536],[34.2093,35.5586],[34.2669,35.5721],[34.3209,35.5856],[34.3605,35.6076],[34.5441,35.6785]]]}},{"type":"Feature","properties":{},"geometry":{"type":"Polygon","coordinates":[[[15.5288,38.3026],[15.5576,38.3009],[15.6152,38.2806],[15.6512,38.2755],[15.6476,38.2671],[15.644,38.262],[15.6332,38.2603],[15.626,38.262],[15.5828,38.2401],[15.5684,38.2266],[15.5648,38.2147],[15.5612,38.1996],[15.5756,38.1996],[15.5288,38.1371],[15.5,38.0847],[15.392,37.9767],[15.302,37.8652],[15.284,37.8331],[15.266,37.8112],[15.2408,37.796],[15.212,37.7622],[15.2084,37.747],[15.2084,37.7369],[15.2192,37.7183],[15.2192,37.7065],[15.2156,37.6964],[15.2012,37.6845],[15.1976,37.6761],[15.1976,37.6558],[15.1832,37.6254],[15.1796,37.6035],[15.1652,37.568],[15.1148,37.5224],[15.0968,37.4937],[15.0932,37.4768],[15.0896,37.46],[15.0932,37.3603],[15.0968,37.3434],[15.104,37.3299],[15.1112,37.3215],[15.1796,37.2911],[15.2192,37.2843],[15.2372,37.2742],[15.2516,37.2573],[15.2624,37.2337],[15.2444,37.2455],[15.2372,37.2421],[15.23,37.2303],[15.2192,37.2202],[15.2228,37.2371],[15.2156,37.2455],[15.2048,37.2455],[15.194,37.2404],[15.1976,37.2269],[15.1832,37.2067],[15.194,37.1763],[15.2156,37.156],[15.2336,37.1645],[15.248,37.1594],[15.248,37.1526],[15.23,37.1493],[15.2336,37.1357],[15.248,37.1189],[15.266,37.1104],[15.2876,37.1087],[15.302,37.102],[15.3092,37.0868],[15.302,37.0631],[15.2876,37.0682],[15.2804,37.0615],[15.284,37.0479],[15.2912,37.0412],[15.3128,37.0446],[15.32,37.0395],[15.3308,37.0277],[15.3308,37.0108],[15.3236,37.0091],[15.3128,37.0125],[15.3092,37.0175],[15.302,37.0159],[15.2696,37.0007],[15.2732,36.9939],[15.266,36.9888],[15.2624,36.9872],[15.2696,36.9804],[15.2696,36.9736],[15.2444,36.972],[15.2264,36.9652],[15.212,36.9568],[15.1976,36.9534],[15.176,36.9433],[15.158,36.9247],[15.1076,36.82],[15.1076,36.8082],[15.0932,36.7997],[15.1004,36.7795],[15.1184,36.7474],[15.1364,36.6883],[15.1328,36.6748],[15.1148,36.6596],[15.0932,36.6545],[15.0752,36.6596],[15.0536,36.6714],[15.0392,36.6883],[15.032,36.6933],[15.0212,36.7001],[15.0068,36.7035],[14.9995,36.7018],[14.9923,36.6967],[14.9815,36.6883],[14.9563,36.6984],[14.9203,36.7204],[14.8807,36.7305],[14.8483,36.7254],[14.7799,36.7001],[14.7763,36.7085],[14.7727,36.7102],[14.7619,36.7068],[14.7439,36.7187],[14.6863,36.7254],[14.6719,36.744],[14.6575,36.7541],[14.5999,36.7727],[14.5819,36.7811],[14.5675,36.7778],[14.4883,36.793],[14.4775,36.8048],[14.3947,36.9449],[14.3695,36.9736],[14.2795,37.0446],[14.2075,37.0817],[14.1247,37.1121],[14.0887,37.1172],[13.9771,37.1104],[13.9663,37.1087],[13.9483,37.0986],[13.9375,37.0952],[13.8943,37.1003],[13.8331,37.1391],[13.7935,37.1526],[13.7503,37.1594],[13.7143,37.1712],[13.6819,37.1898],[13.5991,37.2573],[13.5703,37.2742],[13.5343,37.2827],[13.4875,37.2877],[13.4515,37.2995],[13.4227,37.3147],[13.3723,37.3468],[13.3291,37.3671],[13.3111,37.3806],[13.3003,37.3857],[13.2895,37.389],[13.2787,37.3941],[13.2535,37.4312],[13.2463,37.4363],[13.2247,37.4464],[13.2139,37.4583],[13.2067,37.4633],[13.1959,37.4667],[13.1887,37.4701],[13.1779,37.4836],[13.1743,37.487],[13.0519,37.5005],[13.0375,37.4954],[13.0267,37.4937],[13.0159,37.4971],[13.0087,37.5072],[13.0051,37.5275],[13.0015,37.5359],[12.9727,37.5579],[12.9439,37.568],[12.8611,37.5765],[12.7819,37.5748],[12.6991,37.563],[12.6595,37.5646],[12.6379,37.5815],[12.5947,37.6373],[12.5767,37.6525],[12.5623,37.6575],[12.5227,37.6575],[12.5047,37.666],[12.4903,37.6828],[12.4759,37.7031],[12.4651,37.72],[12.4615,37.7352],[12.4579,37.747],[12.4579,37.7605],[12.4471,37.7707],[12.4363,37.7825],[12.4255,37.7977],[12.4291,37.8095],[12.4435,37.8162],[12.4471,37.8112],[12.4615,37.8196],[12.4651,37.823],[12.4615,37.8264],[12.4687,37.8534],[12.4723,37.8534],[12.4759,37.872],[12.4795,37.8804],[12.4759,37.8855],[12.4687,37.8973],[12.4651,37.9057],[12.4651,37.9125],[12.4651,37.9142],[12.4687,37.9159],[12.4903,37.9547],[12.4975,37.98],[12.5047,37.9969],[12.5047,38.0104],[12.4939,38.0223],[12.5227,38.0307],[12.5479,38.0543],[12.5767,38.0712],[12.6091,38.0628],[12.6379,38.0797],[12.6523,38.0915],[12.6559,38.1067],[12.6631,38.1168],[12.6775,38.1151],[12.6919,38.1117],[12.7063,38.1101],[12.7243,38.1253],[12.7243,38.1506],[12.7207,38.1759],[12.7315,38.1928],[12.7387,38.181],[12.7495,38.1827],[12.7603,38.181],[12.7675,38.1624],[12.7891,38.1168],[12.8179,38.078],[12.8287,38.0695],[12.8575,38.0594],[12.8683,38.051],[12.8683,38.0425],[12.9007,38.0273],[12.9439,38.0324],[13.0267,38.0628],[13.0627,38.083],[13.0699,38.0915],[13.0699,38.0949],[13.0699,38.1016],[13.0699,38.1134],[13.0663,38.1236],[13.0555,38.132],[13.0555,38.1421],[13.0879,38.1658],[13.0843,38.1742],[13.0879,38.1827],[13.1023,38.1894],[13.1131,38.1928],[13.1239,38.1911],[13.1563,38.1793],[13.1779,38.1759],[13.2067,38.1759],[13.2319,38.1844],[13.2391,38.2063],[13.2535,38.2029],[13.2643,38.2046],[13.2787,38.2097],[13.2967,38.2147],[13.3111,38.2198],[13.3183,38.2198],[13.3219,38.2181],[13.3255,38.2114],[13.3255,38.2046],[13.3291,38.1996],[13.3651,38.1793],[13.3723,38.1725],[13.3723,38.1405],[13.3759,38.132],[13.3903,38.1033],[13.5127,38.1101],[13.5415,38.0949],[13.5379,38.0763],[13.5415,38.0678],[13.5487,38.056],[13.5559,38.0493],[13.5883,38.0391],[13.6207,38.0155],[13.6495,38.0003],[13.6963,37.9935],[13.7107,37.9885],[13.7071,37.9851],[13.7071,37.9834],[13.7035,37.98],[13.7251,37.9817],[13.7899,37.9733],[13.8115,37.9783],[13.8583,37.9969],[13.8979,38.0037],[13.9123,38.0121],[13.9231,38.0223],[13.9375,38.029],[14.0059,38.0374],[14.0203,38.0493],[14.0635,38.0307],[14.0815,38.0239],[14.1067,38.0223],[14.1211,38.0223],[14.1499,38.029],[14.2723,38.0155],[14.3299,38.0172],[14.3839,38.029],[14.4307,38.0493],[14.4631,38.0374],[14.5099,38.0442],[14.6359,38.0814],[14.6683,38.0999],[14.6971,38.1219],[14.7331,38.1573],[14.7439,38.1607],[14.7763,38.159],[14.7979,38.1607],[14.8735,38.1759],[14.8879,38.1827],[14.8987,38.186],[14.9059,38.1877],[14.9347,38.186],[14.9455,38.181],[14.9635,38.1641],[14.9707,38.159],[14.9815,38.159],[15.0068,38.1523],[15.0392,38.154],[15.05,38.1523],[15.0536,38.1489],[15.0644,38.1354],[15.068,38.132],[15.0896,38.1286],[15.104,38.1337],[15.122,38.1405],[15.176,38.1556],[15.2048,38.1827],[15.2408,38.2418],[15.2372,38.2485],[15.2372,38.2502],[15.2372,38.2536],[15.2408,38.262],[15.2372,38.2654],[15.2444,38.2654],[15.248,38.2536],[15.2408,38.2299],[15.2444,38.2164],[15.2588,38.2097],[15.2732,38.208],[15.2912,38.2063],[15.32,38.2114],[15.3992,38.2333],[15.4208,38.2451],[15.4352,38.2536],[15.4712,38.2671],[15.5144,38.2975],[15.5288,38.3026]]]}},{"type":"Feature","properties":{},"geometry":{"type":"Polygon","coordinates":[[[9.7939,40.5568],[9.8191,40.5365],[9.8263,40.5298],[9.8263,40.5197],[9.8155,40.5028],[9.8119,40.4926],[9.8083,40.4707],[9.8011,40.4555],[9.7795,40.4268],[9.7615,40.3913],[9.7507,40.3778],[9.7291,40.3728],[9.7111,40.366],[9.7003,40.3525],[9.6823,40.3238],[9.6715,40.312],[9.6463,40.2968],[9.6355,40.2833],[9.6247,40.263],[9.6247,40.2478],[9.6283,40.2056],[9.6319,40.1955],[9.6535,40.1448],[9.6643,40.1313],[9.6787,40.1262],[9.6895,40.1212],[9.7111,40.0958],[9.7327,40.084],[9.7291,40.0688],[9.6931,39.9928],[9.6859,39.9607],[9.6967,39.9337],[9.7039,39.9371],[9.7111,39.9405],[9.7147,39.9405],[9.7183,39.9337],[9.7147,39.9253],[9.7075,39.9219],[9.7003,39.9219],[9.6967,39.9202],[9.6895,39.9067],[9.6859,39.8949],[9.6823,39.8831],[9.6895,39.8712],[9.6823,39.8712],[9.6823,39.8662],[9.6895,39.8628],[9.6931,39.8594],[9.6967,39.8577],[9.6967,39.8527],[9.6859,39.8392],[9.6751,39.8189],[9.6715,39.7936],[9.6679,39.7699],[9.6715,39.7564],[9.6751,39.7328],[9.6751,39.7176],[9.6751,39.7075],[9.6643,39.6906],[9.6643,39.6771],[9.6607,39.6703],[9.6571,39.6635],[9.6499,39.6517],[9.6499,39.6382],[9.6571,39.5943],[9.6535,39.5673],[9.6283,39.5014],[9.6463,39.4846],[9.6391,39.4525],[9.6139,39.4001],[9.6031,39.3562],[9.5995,39.341],[9.6031,39.3258],[9.6103,39.3174],[9.6355,39.3039],[9.6355,39.2971],[9.6067,39.2887],[9.5815,39.2667],[9.5671,39.238],[9.5743,39.2144],[9.5671,39.2043],[9.5671,39.1992],[9.5743,39.1941],[9.5815,39.1874],[9.5779,39.1789],[9.5671,39.1587],[9.5671,39.1485],[9.5563,39.1401],[9.5383,39.1333],[9.5239,39.1249],[9.5203,39.1046],[9.5095,39.108],[9.5059,39.1114],[9.5059,39.1164],[9.5131,39.1249],[9.4951,39.1333],[9.4807,39.135],[9.4663,39.1316],[9.4519,39.1249],[9.4411,39.1249],[9.4375,39.1333],[9.4303,39.1384],[9.4087,39.1468],[9.3835,39.1688],[9.3763,39.1722],[9.3691,39.1772],[9.3439,39.1958],[9.3367,39.2009],[9.3259,39.2026],[9.3115,39.2076],[9.3007,39.2144],[9.2935,39.2211],[9.2863,39.2144],[9.2719,39.2211],[9.2539,39.2245],[9.2179,39.2279],[9.1963,39.2211],[9.1819,39.2076],[9.1711,39.1941],[9.1675,39.1874],[9.1387,39.1941],[9.1135,39.211],[9.0739,39.2482],[9.0631,39.2431],[9.0559,39.2482],[9.0487,39.2566],[9.0379,39.2617],[9.0235,39.265],[9.0127,39.2634],[9.0127,39.26],[9.0271,39.2566],[9.0271,39.2482],[9.0199,39.2397],[9.0271,39.2363],[9.0343,39.233],[9.0379,39.2279],[9.0487,39.2262],[9.0739,39.2296],[9.0811,39.2245],[9.0811,39.2161],[9.0775,39.2127],[9.0379,39.1789],[9.0271,39.1654],[9.0199,39.1468],[9.0163,39.1232],[9.0199,39.1046],[9.0235,39.0861],[9.0307,39.0692],[9.0379,39.0641],[9.0451,39.059],[9.0451,39.0506],[9.0307,39.0303],[9.0199,38.9949],[9.0271,38.9949],[9.0163,38.9898],[9.0127,38.9915],[9.0055,38.9949],[8.9947,38.9831],[8.8939,38.902],[8.8867,38.9003],[8.8759,38.8986],[8.8723,38.8952],[8.8615,38.8817],[8.8543,38.8784],[8.8399,38.88],[8.8291,38.8885],[8.8039,38.9054],[8.8039,38.8851],[8.7895,38.9037],[8.7679,38.9206],[8.7391,38.9307],[8.7175,38.9324],[8.6959,38.9256],[8.6671,38.9104],[8.6527,38.8919],[8.6563,38.8716],[8.6419,38.8649],[8.6347,38.8716],[8.6419,38.8902],[8.6347,38.8952],[8.6167,38.8952],[8.5987,38.8986],[8.5987,38.9054],[8.6167,38.9223],[8.6167,38.9476],[8.6023,38.9645],[8.5807,38.9611],[8.5735,39.0134],[8.5591,39.0573],[8.5519,39.0573],[8.5447,39.0506],[8.5195,39.0607],[8.5051,39.0624],[8.5087,39.0675],[8.5195,39.0827],[8.5051,39.0911],[8.4835,39.081],[8.4835,39.0844],[8.4763,39.0911],[8.4727,39.108],[8.4655,39.1198],[8.4547,39.1249],[8.4439,39.1181],[8.4367,39.1283],[8.4403,39.1536],[8.4367,39.1654],[8.4295,39.1739],[8.4187,39.1772],[8.4115,39.1755],[8.4151,39.1654],[8.4079,39.1688],[8.4043,39.1739],[8.4007,39.1806],[8.4007,39.1907],[8.3971,39.2009],[8.3935,39.2043],[8.3863,39.2043],[8.3791,39.2076],[8.3719,39.2228],[8.3719,39.2313],[8.3755,39.238],[8.4259,39.2836],[8.4331,39.3022],[8.4151,39.3241],[8.4187,39.3393],[8.3827,39.3596],[8.3755,39.3782],[8.3791,39.3883],[8.3971,39.4035],[8.4007,39.412],[8.4043,39.4271],[8.4043,39.4356],[8.3899,39.4626],[8.3863,39.466],[8.3863,39.4694],[8.3935,39.4812],[8.4223,39.5082],[8.4367,39.5251],[8.4511,39.5589],[8.4619,39.5774],[8.4547,39.5842],[8.4655,39.5977],[8.4619,39.618],[8.4511,39.6585],[8.4475,39.7041],[8.4439,39.7142],[8.4439,39.721],[8.4475,39.7311],[8.4439,39.7564],[8.4475,39.7632],[8.4583,39.7598],[8.4691,39.7547],[8.5015,39.7159],[8.5159,39.7024],[8.5375,39.6956],[8.5663,39.7007],[8.5159,39.7142],[8.5051,39.721],[8.5051,39.7378],[8.5195,39.7547],[8.5339,39.7716],[8.5447,39.7834],[8.5375,39.7834],[8.5339,39.7767],[8.5303,39.7699],[8.5267,39.7666],[8.5195,39.7632],[8.5303,39.7733],[8.5411,39.7885],[8.5483,39.8071],[8.5519,39.8206],[8.5555,39.8527],[8.5519,39.8645],[8.5447,39.878],[8.5231,39.8983],[8.4943,39.9118],[8.4619,39.9135],[8.4367,39.8983],[8.4439,39.8932],[8.4439,39.8983],[8.4511,39.8999],[8.4547,39.8983],[8.4619,39.8983],[8.4511,39.8932],[8.4439,39.8831],[8.4367,39.8577],[8.4295,39.8662],[8.4367,39.8763],[8.4295,39.8848],[8.4187,39.8915],[8.4043,39.9033],[8.4007,39.9033],[8.3971,39.905],[8.3935,39.9135],[8.3935,39.9202],[8.3971,39.927],[8.4007,39.9337],[8.4007,39.9405],[8.3935,39.9776],[8.3935,39.9878],[8.4079,40.0097],[8.4079,40.0215],[8.3935,40.0367],[8.3791,40.03],[8.3755,40.0333],[8.3863,40.0418],[8.4007,40.0502],[8.4043,40.0502],[8.4331,40.0502],[8.4511,40.0553],[8.4583,40.057],[8.4691,40.0621],[8.4799,40.0739],[8.4871,40.0891],[8.4907,40.1043],[8.4835,40.1178],[8.4691,40.1448],[8.4619,40.1634],[8.4583,40.2157],[8.4763,40.263],[8.4763,40.2917],[8.4619,40.3153],[8.4403,40.3322],[8.4151,40.3457],[8.4079,40.3373],[8.3863,40.3525],[8.3827,40.3711],[8.3935,40.4234],[8.3899,40.442],[8.3791,40.469],[8.3647,40.4926],[8.3503,40.5028],[8.3323,40.5112],[8.3251,40.5315],[8.3179,40.5551],[8.3107,40.5788],[8.2927,40.5956],[8.2675,40.594],[8.2171,40.5703],[8.1955,40.5788],[8.2063,40.5973],[8.2171,40.6125],[8.1919,40.6176],[8.1775,40.6058],[8.1667,40.5872],[8.1631,40.5636],[8.1523,40.5771],[8.1487,40.594],[8.1415,40.6193],[8.1415,40.6243],[8.1595,40.6328],[8.1739,40.6412],[8.1847,40.6564],[8.1883,40.6801],[8.1919,40.6801],[8.1955,40.6851],[8.1991,40.6919],[8.1919,40.6936],[8.1775,40.6953],[8.1739,40.697],[8.1667,40.702],[8.1523,40.7189],[8.1451,40.7257],[8.1343,40.729],[8.2099,40.8658],[8.2171,40.881],[8.2171,40.8996],[8.2099,40.9148],[8.1919,40.9199],[8.1775,40.9283],[8.1811,40.9452],[8.1919,40.9638],[8.2027,40.9756],[8.2099,40.9756],[8.2135,40.9638],[8.2207,40.9621],[8.2279,40.9621],[8.2351,40.9553],[8.2351,40.9469],[8.2315,40.935],[8.2279,40.9215],[8.2315,40.9097],[8.2783,40.8658],[8.3107,40.8506],[8.4223,40.8388],[8.4763,40.827],[8.5015,40.8253],[8.5195,40.827],[8.5987,40.8523],[8.6167,40.8658],[8.6347,40.881],[8.6419,40.8962],[8.7103,40.9199],[8.7355,40.9215],[8.7499,40.9199],[8.7643,40.9131],[8.8219,40.9469],[8.8399,40.9621],[8.8759,41.0077],[8.8867,41.0161],[8.8867,41.0195],[8.8867,41.0212],[8.8795,41.0229],[8.9119,41.033],[8.9227,41.0364],[8.9299,41.0431],[8.9407,41.0617],[8.9479,41.0651],[8.9587,41.0701],[8.9767,41.082],[8.9911,41.0972],[9.0055,41.1225],[9.0235,41.1292],[9.0919,41.136],[9.1063,41.1394],[9.1351,41.1596],[9.1423,41.1529],[9.1567,41.1681],[9.1639,41.185],[9.1639,41.2255],[9.1711,41.2424],[9.1891,41.2508],[9.2107,41.2559],[9.2323,41.2626],[9.2323,41.2542],[9.2395,41.2491],[9.2467,41.2474],[9.2575,41.2491],[9.2683,41.2373],[9.2683,41.2018],[9.2791,41.1951],[9.2755,41.2002],[9.2719,41.2052],[9.2755,41.212],[9.2791,41.2221],[9.2863,41.2221],[9.2899,41.2086],[9.2899,41.2052],[9.2863,41.2018],[9.2863,41.1951],[9.3007,41.1968],[9.3043,41.1985],[9.3115,41.2018],[9.3151,41.1968],[9.3331,41.1883],[9.3367,41.212],[9.3511,41.2069],[9.3871,41.1799],[9.3871,41.1883],[9.3979,41.1833],[9.4051,41.1816],[9.4123,41.1799],[9.4231,41.1799],[9.4231,41.1748],[9.4159,41.1714],[9.4159,41.1681],[9.4123,41.1647],[9.4087,41.1596],[9.4195,41.1563],[9.4267,41.1495],[9.4339,41.1411],[9.4411,41.1326],[9.4375,41.1259],[9.4375,41.1157],[9.4411,41.0921],[9.4555,41.1123],[9.4591,41.1208],[9.4699,41.1259],[9.4663,41.1309],[9.4663,41.1343],[9.4627,41.1377],[9.4555,41.1411],[9.4699,41.1461],[9.4807,41.1461],[9.4951,41.1427],[9.5095,41.1411],[9.5131,41.1427],[9.5167,41.1495],[9.5239,41.1495],[9.5311,41.1411],[9.5239,41.1326],[9.5347,41.1275],[9.5419,41.1225],[9.5455,41.1208],[9.5527,41.1259],[9.5599,41.1259],[9.5599,41.1225],[9.5635,41.1208],[9.5671,41.1191],[9.5635,41.1073],[9.5635,41.0972],[9.5563,41.087],[9.5455,41.0769],[9.5455,41.082],[9.5419,41.087],[9.5383,41.0921],[9.5203,41.0313],[9.5131,41.0161],[9.5311,41.0161],[9.5239,41.0313],[9.5419,41.0364],[9.5527,41.0347],[9.5563,41.0245],[9.5527,41.0093],[9.5563,41.0093],[9.5599,41.011],[9.5599,41.0144],[9.5599,41.0161],[9.5671,41.011],[9.5671,41.0093],[9.5743,41.0093],[9.5887,41.0212],[9.6175,41.0195],[9.6427,41.011],[9.6643,41.0026],[9.6499,40.9908],[9.6355,40.9925],[9.6211,40.9992],[9.6031,41.0026],[9.5887,40.9958],[9.5815,40.9806],[9.5779,40.9621],[9.5671,40.9486],[9.5707,40.935],[9.5563,40.9317],[9.5131,40.935],[9.5095,40.93],[9.5131,40.9283],[9.5059,40.9266],[9.5131,40.9148],[9.5203,40.9148],[9.5275,40.9199],[9.5383,40.9199],[9.5491,40.9165],[9.5671,40.908],[9.5743,40.9063],[9.5923,40.9097],[9.6067,40.9182],[9.6211,40.9232],[9.6427,40.9199],[9.6355,40.9114],[9.6319,40.9047],[9.6247,40.9013],[9.6139,40.8996],[9.6139,40.8928],[9.6499,40.8793],[9.6571,40.8759],[9.6571,40.8641],[9.6643,40.8591],[9.6715,40.8591],[9.6823,40.8658],[9.6895,40.8557],[9.7003,40.8506],[9.7111,40.8472],[9.7255,40.8456],[9.6895,40.8354],[9.6823,40.8304],[9.6895,40.8168],[9.6895,40.8101],[9.6751,40.8135],[9.6607,40.8084],[9.6571,40.8],[9.6679,40.7898],[9.6715,40.8016],[9.6751,40.7881],[9.7039,40.7594],[9.7111,40.7459],[9.7147,40.7274],[9.7435,40.6801],[9.7471,40.6666],[9.7543,40.6058],[9.7579,40.5956],[9.7615,40.5872],[9.7687,40.5838],[9.7831,40.5821],[9.7867,40.5754],[9.7867,40.5669],[9.7939,40.5568]]]}},{"type":"Feature","properties":{},"geometry":{"type":"Polygon","coordinates":[[[8.5663,42.2082],[8.5735,42.2201],[8.5663,42.2251],[8.5519,42.2285],[8.5447,42.2336],[8.5483,42.242],[8.5591,42.2437],[8.5879,42.2437],[8.5951,42.2471],[8.6023,42.2504],[8.6095,42.2538],[8.6527,42.2606],[8.6635,42.2656],[8.6743,42.2707],[8.6815,42.2724],[8.6851,42.2724],[8.6887,42.2724],[8.6887,42.2808],[8.6743,42.2893],[8.6707,42.291],[8.6347,42.3045],[8.6311,42.3079],[8.6311,42.3146],[8.6239,42.3197],[8.6095,42.3095],[8.6059,42.3112],[8.6023,42.3146],[8.5987,42.3214],[8.6059,42.3247],[8.6347,42.3383],[8.6131,42.3518],[8.5915,42.3518],[8.5519,42.3383],[8.5591,42.3467],[8.5519,42.3551],[8.5483,42.3653],[8.5483,42.3771],[8.5519,42.3872],[8.5591,42.3822],[8.5699,42.3822],[8.5807,42.3855],[8.5879,42.3923],[8.5987,42.3872],[8.6023,42.3923],[8.6023,42.4007],[8.6059,42.4075],[8.6131,42.4126],[8.6131,42.4159],[8.6203,42.4193],[8.6527,42.4227],[8.6599,42.4294],[8.6599,42.4396],[8.6599,42.4514],[8.6707,42.4649],[8.6779,42.4717],[8.6707,42.4767],[8.6599,42.4767],[8.6563,42.4801],[8.6599,42.4852],[8.6671,42.5105],[8.6815,42.5206],[8.6959,42.5274],[8.7175,42.5308],[8.7103,42.5409],[8.7175,42.5628],[8.7103,42.5713],[8.7103,42.5797],[8.7175,42.5763],[8.7211,42.5763],[8.7211,42.5747],[8.7247,42.5662],[8.7391,42.573],[8.7499,42.5696],[8.7607,42.5611],[8.7715,42.5578],[8.7859,42.5628],[8.8003,42.5713],[8.8075,42.5848],[8.8111,42.6],[8.8039,42.6067],[8.8435,42.6084],[8.9083,42.6321],[9.0199,42.6506],[9.0487,42.6625],[9.0523,42.681],[9.1063,42.7266],[9.1171,42.7317],[9.1423,42.7351],[9.1639,42.7351],[9.1747,42.7334],[9.1855,42.7334],[9.2359,42.7233],[9.2575,42.7131],[9.2647,42.7081],[9.2719,42.703],[9.2755,42.6945],[9.2863,42.6743],[9.2935,42.6743],[9.3295,42.7199],[9.3439,42.7486],[9.3331,42.7705],[9.3403,42.7908],[9.3367,42.8077],[9.3223,42.8246],[9.3043,42.8398],[9.3331,42.8668],[9.3331,42.8752],[9.3259,42.8854],[9.3259,42.8938],[9.3295,42.9039],[9.3367,42.9107],[9.3619,42.9293],[9.3583,42.9343],[9.3547,42.936],[9.3583,42.9411],[9.3619,42.9495],[9.3511,42.958],[9.3439,42.9732],[9.3403,42.99],[9.3475,43.0036],[9.3619,43.012],[9.4051,43.012],[9.4231,43.0171],[9.4339,43.0036],[9.4447,42.9985],[9.4627,42.99],[9.4627,42.9833],[9.4555,42.9748],[9.4555,42.963],[9.4591,42.9529],[9.4699,42.9428],[9.4663,42.9242],[9.4843,42.833],[9.4843,42.8026],[9.4519,42.7081],[9.4519,42.6962],[9.4483,42.6827],[9.4519,42.654],[9.4483,42.6506],[9.4447,42.649],[9.4447,42.6456],[9.4411,42.6405],[9.4447,42.6371],[9.4483,42.6354],[9.4555,42.6338],[9.4591,42.6253],[9.4627,42.6202],[9.4627,42.6152],[9.4555,42.6067],[9.4663,42.6017],[9.4663,42.5949],[9.4699,42.5865],[9.4771,42.5797],[9.4843,42.5747],[9.5131,42.5662],[9.5095,42.5797],[9.5059,42.5865],[9.4879,42.6118],[9.5203,42.5814],[9.5275,42.5628],[9.5311,42.5443],[9.5311,42.4868],[9.5347,42.4565],[9.5455,42.4345],[9.5383,42.4227],[9.5347,42.4075],[9.5311,42.3923],[9.5311,42.3737],[9.5383,42.3535],[9.5563,42.3146],[9.5599,42.2944],[9.5527,42.1694],[9.5599,42.1458],[9.5563,42.139],[9.5563,42.1204],[9.5527,42.1137],[9.5455,42.1035],[9.5203,42.085],[9.5095,42.0715],[9.4915,42.0478],[9.4231,41.9735],[9.4087,41.9617],[9.4015,41.9533],[9.4015,41.9178],[9.3943,41.8486],[9.4015,41.7793],[9.4015,41.7067],[9.3979,41.7017],[9.3907,41.6983],[9.3799,41.6932],[9.3727,41.6831],[9.3655,41.6746],[9.3799,41.6746],[9.3763,41.6561],[9.3727,41.6459],[9.3619,41.6409],[9.3547,41.6409],[9.3439,41.6409],[9.3439,41.6341],[9.3475,41.6189],[9.3331,41.624],[9.3187,41.6274],[9.3043,41.6274],[9.2935,41.6257],[9.2935,41.6172],[9.2827,41.6071],[9.2791,41.5987],[9.2935,41.5919],[9.3259,41.602],[9.3439,41.6037],[9.3547,41.5953],[9.3511,41.5818],[9.3403,41.57],[9.3259,41.5615],[9.3079,41.5581],[9.3007,41.5531],[9.2935,41.5429],[9.2827,41.5328],[9.2647,41.5311],[9.2683,41.5244],[9.2683,41.5176],[9.2683,41.5092],[9.2647,41.5024],[9.2755,41.499],[9.2791,41.4923],[9.2755,41.4821],[9.2647,41.4754],[9.2719,41.4686],[9.2539,41.4636],[9.2287,41.4501],[9.2107,41.4484],[9.2107,41.4416],[9.2215,41.4349],[9.2251,41.4281],[9.2215,41.4197],[9.2107,41.4129],[9.2107,41.4078],[9.2215,41.4112],[9.2395,41.423],[9.2503,41.4281],[9.2467,41.4129],[9.2395,41.396],[9.2287,41.3808],[9.2215,41.3724],[9.2071,41.3656],[9.1927,41.369],[9.1675,41.3859],[9.1531,41.391],[9.1207,41.3943],[9.0955,41.4028],[9.1063,41.4298],[9.1135,41.4332],[9.1207,41.4349],[9.1063,41.445],[9.0811,41.4534],[9.0667,41.4619],[9.0811,41.4754],[9.0811,41.4821],[9.0667,41.4788],[9.0379,41.4619],[9.0307,41.4686],[9.0343,41.4703],[9.0343,41.472],[9.0379,41.472],[9.0379,41.4754],[9.0271,41.4737],[9.0235,41.472],[9.0199,41.4686],[9.0127,41.4754],[9.0019,41.4838],[8.9767,41.4889],[8.9515,41.4923],[8.9371,41.4889],[8.9263,41.4957],[8.9155,41.5024],[8.9083,41.5075],[8.8831,41.5109],[8.8795,41.5142],[8.8795,41.5193],[8.8723,41.5227],[8.8651,41.526],[8.8579,41.526],[8.8471,41.526],[8.8399,41.5311],[8.8543,41.5379],[8.8543,41.5446],[8.8399,41.548],[8.8327,41.5514],[8.8255,41.5497],[8.8111,41.5531],[8.7967,41.5564],[8.7931,41.5615],[8.7967,41.5801],[8.7931,41.5868],[8.7787,41.5919],[8.7859,41.6054],[8.7931,41.6257],[8.8003,41.6392],[8.8183,41.6324],[8.8723,41.651],[8.8795,41.6578],[8.8867,41.6713],[8.8975,41.678],[8.9119,41.6831],[8.9227,41.6949],[8.8975,41.6949],[8.8363,41.7084],[8.8111,41.7101],[8.7895,41.7118],[8.7751,41.7219],[8.7859,41.7422],[8.7607,41.7422],[8.7175,41.7304],[8.6959,41.7287],[8.6995,41.7337],[8.7031,41.7422],[8.6887,41.7422],[8.6779,41.7439],[8.6671,41.7473],[8.6563,41.7506],[8.6671,41.7557],[8.6959,41.7574],[8.7103,41.7641],[8.7175,41.7726],[8.7211,41.7827],[8.7211,41.7912],[8.7103,41.7962],[8.7103,41.8047],[8.7319,41.8047],[8.7535,41.8097],[8.7859,41.8249],[8.7787,41.8334],[8.7715,41.8401],[8.7607,41.8435],[8.7499,41.8452],[8.7823,41.8536],[8.7931,41.8587],[8.7895,41.8621],[8.7859,41.8688],[8.7823,41.8739],[8.7787,41.8722],[8.7895,41.8874],[8.7931,41.8874],[8.7931,41.8925],[8.8039,41.9009],[8.8039,41.9077],[8.7931,41.9144],[8.7859,41.9229],[8.7823,41.9296],[8.7751,41.933],[8.7643,41.9347],[8.7427,41.933],[8.7103,41.9195],[8.6887,41.9144],[8.6491,41.911],[8.6311,41.9094],[8.6131,41.9009],[8.6059,41.9144],[8.6203,41.9313],[8.6131,41.9448],[8.5879,41.9685],[8.6347,41.9718],[8.6563,41.9786],[8.6671,41.9972],[8.6563,42.0022],[8.6635,42.014],[8.6851,42.0259],[8.7067,42.0309],[8.7103,42.0326],[8.7391,42.0444],[8.7427,42.0444],[8.7463,42.0563],[8.7391,42.063],[8.7247,42.0715],[8.7067,42.1002],[8.6995,42.1086],[8.6887,42.112],[8.6599,42.1052],[8.6563,42.1086],[8.6491,42.1221],[8.6311,42.1306],[8.6059,42.1339],[8.5879,42.1339],[8.5915,42.1424],[8.5951,42.1458],[8.5879,42.1508],[8.5771,42.1542],[8.5699,42.1542],[8.5591,42.1542],[8.5699,42.1559],[8.5771,42.1593],[8.5951,42.1677],[8.5951,42.1745],[8.5663,42.1745],[8.5663,42.1812],[8.5771,42.1846],[8.5807,42.1947],[8.5771,42.2049],[8.5663,42.2082]]]}},{"type":"Feature","properties":{},"geometry":{"type":"Polygon","coordinates":[[[12.0403,54.8928],[12.0583,54.8945],[12.0799,54.8979],[12.0979,54.8979],[12.1123,54.8894],[12.1411,54.8641],[12.1699,54.8439],[12.1699,54.8388],[12.0799,54.7966],[12.0655,54.7864],[12.0295,54.7442],[12.0223,54.7358],[12.0115,54.7307],[11.9863,54.7121],[11.9755,54.7088],[11.9611,54.6936],[11.9611,54.6632],[11.9719,54.6058],[11.9683,54.5703],[11.9503,54.5686],[11.9287,54.5838],[11.9251,54.5973],[11.9107,54.6091],[11.8783,54.6463],[11.8675,54.6598],[11.8711,54.6801],[11.8819,54.697],[11.9107,54.7223],[11.8891,54.724],[11.8747,54.729],[11.8711,54.7392],[11.8819,54.7561],[11.8711,54.7611],[11.8639,54.7662],[11.8567,54.7763],[11.8099,54.805],[11.8063,54.8101],[11.8027,54.8185],[11.7991,54.8253],[11.7991,54.832],[11.7991,54.8371],[11.7919,54.8439],[11.7775,54.8557],[11.7595,54.8624],[11.7487,54.8726],[11.7451,54.8928],[11.7451,54.9114],[11.7415,54.9249],[11.7307,54.935],[11.7127,54.9401],[11.7127,54.9485],[11.7487,54.9654],[11.7595,54.9688],[11.7739,54.9654],[11.7919,54.9519],[11.8027,54.9485],[11.8135,54.9519],[11.8387,54.9654],[11.8423,54.9654],[11.8495,54.9587],[11.8639,54.9637],[11.8819,54.9756],[11.8819,54.9823],[11.8711,54.9891],[11.8531,55.0195],[11.8423,55.0296],[11.7739,55.0482],[11.7559,55.0499],[11.7487,55.0532],[11.7379,55.0617],[11.7271,55.0651],[11.6659,55.0668],[11.6479,55.0718],[11.6299,55.0819],[11.6155,55.0921],[11.6695,55.0853],[11.7739,55.0566],[11.8279,55.0499],[11.8063,55.0735],[11.7451,55.1005],[11.7163,55.1259],[11.8027,55.1343],[11.8099,55.1394],[11.8063,55.1461],[11.7847,55.1579],[11.7271,55.1546],[11.7127,55.1681],[11.7271,55.1765],[11.7343,55.1883],[11.7343,55.2001],[11.7163,55.2086],[11.6947,55.2086],[11.6767,55.2001],[11.6623,55.1883],[11.6479,55.1816],[11.6371,55.1816],[11.6011,55.1917],[11.5255,55.2018],[11.5075,55.2086],[11.4931,55.2035],[11.4247,55.2221],[11.4103,55.2204],[11.3815,55.212],[11.3671,55.2086],[11.2987,55.2086],[11.2987,55.2018],[11.3203,55.1951],[11.2843,55.1951],[11.2627,55.2001],[11.2447,55.2153],[11.2375,55.2424],[11.2519,55.2356],[11.2663,55.2356],[11.2807,55.2424],[11.2879,55.2559],[11.2771,55.2508],[11.2663,55.2491],[11.2411,55.2491],[11.2375,55.2542],[11.2411,55.2778],[11.2339,55.2846],[11.2159,55.2896],[11.1619,55.3183],[11.1511,55.3285],[11.1619,55.3302],[11.1763,55.3319],[11.1871,55.3352],[11.1907,55.3454],[11.1835,55.3504],[11.1691,55.3521],[11.1511,55.3538],[11.1439,55.3521],[11.1367,55.3471],[11.1295,55.3386],[11.1223,55.3319],[11.1079,55.3319],[11.1007,55.3369],[11.0863,55.3589],[11.0863,55.3656],[11.1151,55.3639],[11.1295,55.3656],[11.1403,55.369],[11.1475,55.3758],[11.1583,55.3808],[11.1727,55.3859],[11.1835,55.3859],[11.2051,55.3926],[11.2159,55.4045],[11.2123,55.4163],[11.2015,55.4214],[11.2051,55.4315],[11.1979,55.4534],[11.1763,55.4889],[11.1655,55.5024],[11.1511,55.5108],[11.1367,55.5159],[11.1151,55.5176],[11.0971,55.5092],[11.0863,55.5075],[11.0791,55.5125],[11.0827,55.526],[11.0899,55.5345],[11.0971,55.5362],[11.1115,55.5379],[11.1367,55.5429],[11.1475,55.5581],[11.1439,55.5767],[11.1331,55.5953],[11.0863,55.6274],[11.0395,55.6442],[10.9315,55.6594],[10.9315,55.6679],[11.0863,55.6594],[11.0719,55.6763],[11.0071,55.6915],[10.9855,55.7017],[10.9747,55.7101],[10.9675,55.7185],[10.9603,55.7236],[10.9423,55.7287],[10.8919,55.732],[10.8739,55.7371],[10.8739,55.7422],[11.0323,55.7287],[11.0647,55.732],[11.1295,55.7456],[11.1619,55.7489],[11.1619,55.7422],[11.1511,55.7439],[11.1403,55.7439],[11.1295,55.7405],[11.1223,55.7371],[11.1367,55.7185],[11.1619,55.705],[11.1943,55.7],[11.2195,55.7084],[11.1763,55.7287],[11.1907,55.7371],[11.1979,55.7304],[11.2159,55.7287],[11.2519,55.7287],[11.2699,55.732],[11.3023,55.7472],[11.3383,55.7506],[11.3527,55.7557],[11.3635,55.7658],[11.3671,55.7793],[11.3707,55.7878],[11.3743,55.8013],[11.3743,55.808],[11.3707,55.8165],[11.3563,55.83],[11.3491,55.8384],[11.3743,55.8283],[11.3995,55.8266],[11.4211,55.8317],[11.4427,55.8452],[11.4787,55.8418],[11.5039,55.8688],[11.5111,55.9077],[11.4787,55.9414],[11.4499,55.9482],[11.3851,55.9516],[11.3059,55.9685],[11.2807,55.9786],[11.2735,55.9972],[11.3995,55.9617],[11.4283,55.9651],[11.5795,55.9516],[11.6011,55.9414],[11.6407,55.9431],[11.7127,55.9549],[11.7487,55.9685],[11.7667,55.9701],[11.7811,55.9617],[11.7739,55.9516],[11.7487,55.933],[11.7379,55.9212],[11.7487,55.911],[11.7451,55.9043],[11.7271,55.9026],[11.7127,55.9077],[11.7127,55.911],[11.7163,55.9212],[11.6875,55.9195],[11.6731,55.9161],[11.6623,55.9077],[11.7127,55.8587],[11.7307,55.83],[11.7163,55.8114],[11.7019,55.8097],[11.6695,55.8148],[11.6551,55.8114],[11.6371,55.7962],[11.6263,55.7912],[11.6083,55.7912],[11.6083,55.7827],[11.6227,55.7793],[11.6731,55.7827],[11.6875,55.7861],[11.7019,55.7928],[11.7199,55.7979],[11.7379,55.7979],[11.7451,55.7895],[11.7559,55.7726],[11.7631,55.7574],[11.7631,55.7489],[11.6839,55.7405],[11.6659,55.7371],[11.6587,55.7304],[11.6695,55.7236],[11.6839,55.7219],[11.7307,55.7236],[11.7379,55.7253],[11.7451,55.7304],[11.7631,55.7219],[11.7883,55.7017],[11.7955,55.6881],[11.7955,55.6831],[11.7883,55.6763],[11.7811,55.6594],[11.7991,55.6696],[11.8099,55.6797],[11.8531,55.7304],[11.8531,55.732],[11.8567,55.732],[11.8531,55.7405],[11.8423,55.7523],[11.8423,55.7557],[11.8459,55.7675],[11.8531,55.7827],[11.8675,55.8047],[11.8855,55.8131],[11.9179,55.8199],[11.9359,55.8249],[11.9539,55.8536],[11.9323,55.8857],[11.9107,55.9161],[11.9179,55.9347],[11.9359,55.933],[11.9683,55.9127],[11.9899,55.9077],[11.9971,55.9026],[11.9971,55.8925],[11.9935,55.8823],[11.9935,55.8739],[11.9971,55.8604],[12.0007,55.857],[12.0043,55.8536],[12.0115,55.8452],[12.0295,55.8165],[12.0475,55.776],[12.0511,55.7371],[12.0259,55.7152],[11.9899,55.7236],[11.9719,55.7219],[11.9647,55.705],[11.9575,55.6932],[11.9215,55.6746],[11.9107,55.6594],[11.9287,55.6578],[11.9575,55.6645],[11.9827,55.6797],[11.9863,55.6949],[12.0007,55.6983],[12.0187,55.6949],[12.0331,55.6865],[12.0403,55.6746],[12.0079,55.6797],[12.0043,55.678],[12.0115,55.6696],[12.0259,55.6628],[12.0619,55.6544],[12.0691,55.6746],[12.0907,55.7067],[12.0943,55.7287],[12.0547,55.8384],[12.0547,55.8739],[12.0511,55.8874],[12.0259,55.9414],[12.0115,55.9549],[11.9935,55.96],[11.9719,55.96],[11.8927,55.9431],[11.8639,55.9397],[11.8495,55.9482],[11.8639,55.9735],[11.9179,55.9972],[12.0115,56.0309],[12.1663,56.1035],[12.2455,56.1289],[12.3283,56.1272],[12.4147,56.0985],[12.4867,56.0985],[12.5047,56.0934],[12.5407,56.0748],[12.5695,56.0681],[12.6235,56.0444],[12.6091,56.0276],[12.5659,55.9972],[12.5515,55.9803],[12.5263,55.9397],[12.5119,55.9279],[12.5119,55.9212],[12.5407,55.8975],[12.5551,55.8823],[12.5623,55.8705],[12.5659,55.8519],[12.5767,55.83],[12.5911,55.8097],[12.6019,55.7979],[12.5983,55.7878],[12.5947,55.7743],[12.5947,55.7523],[12.5875,55.7354],[12.5875,55.7287],[12.5875,55.7236],[12.5911,55.7185],[12.6019,55.7084],[12.5803,55.6932],[12.5407,55.6493],[12.5047,55.6341],[12.4975,55.6223],[12.4867,55.6105],[12.4651,55.6054],[12.4471,55.6088],[12.4363,55.6138],[12.4219,55.6189],[12.4039,55.6189],[12.3319,55.5953],[12.3103,55.5835],[12.2491,55.5463],[12.1987,55.4872],[12.2239,55.4349],[12.2743,55.4095],[12.2923,55.4062],[12.3535,55.4045],[12.3679,55.3994],[12.4111,55.3791],[12.4363,55.3639],[12.4435,55.3487],[12.4471,55.3319],[12.4507,55.3167],[12.4651,55.2896],[12.4507,55.2795],[12.4435,55.2761],[12.3931,55.2559],[12.1843,55.2272],[12.1663,55.217],[12.1411,55.2086],[12.1195,55.1917],[12.1087,55.1714],[12.1159,55.1546],[12.1087,55.1444],[12.0979,55.141],[12.0907,55.1427],[12.0799,55.1461],[12.0871,55.1681],[12.0763,55.1816],[12.0547,55.185],[12.0367,55.1782],[12.0295,55.1731],[12.0187,55.1714],[12.0151,55.1681],[12.0115,55.1579],[12.0187,55.1529],[12.0475,55.1394],[12.1303,55.136],[12.1699,55.1292],[12.1771,55.1056],[12.1699,55.0955],[12.1663,55.0921],[12.1591,55.0887],[12.1483,55.0853],[12.1267,55.0786],[12.1195,55.0735],[12.1267,55.0718],[12.1627,55.0228],[12.1627,55.0043],[12.1483,54.9941],[12.1267,54.9908],[12.1051,54.9891],[12.0907,54.9857],[12.0547,54.9705],[12.0331,54.9688],[11.9971,54.9773],[11.9431,55.006],[11.9107,55.0093],[11.9107,55.0043],[11.9143,55.0043],[11.9179,55.0026],[11.9107,55.0009],[11.9071,54.9992],[11.9035,54.9958],[11.8963,54.9958],[11.8999,54.9756],[11.8927,54.9654],[11.8855,54.9553],[11.8819,54.9401],[11.8891,54.93],[11.9035,54.9232],[11.9179,54.9215],[11.9323,54.9283],[11.9287,54.9317],[11.9251,54.9401],[11.9323,54.9418],[11.9575,54.9485],[11.9647,54.9418],[11.9791,54.9249],[11.9827,54.9198],[11.9899,54.9165],[12.0223,54.8979],[12.0403,54.8928]]]}},{"type":"Feature","properties":{},"geometry":{"type":"Polygon","coordinates":[[[5.6863,60.6762],[5.6863,60.612],[5.6863,60.5952],[5.6755,60.5462],[5.6755,60.5293],[5.6827,60.482],[5.6755,60.4736],[5.6647,60.4702],[5.6359,60.4719],[5.6251,60.4668],[5.6179,60.4567],[5.6107,60.4482],[5.6107,60.4432],[5.5279,60.4347],[5.5027,60.4364],[5.4847,60.4449],[5.4595,60.4668],[5.4451,60.4719],[5.4343,60.477],[5.3911,60.5124],[5.3227,60.5462],[5.3371,60.5512],[5.3875,60.5529],[5.4091,60.558],[5.4163,60.5614],[5.4235,60.5715],[5.4343,60.5783],[5.4739,60.5935],[5.5207,60.607],[5.5423,60.6171],[5.5711,60.6255],[5.5819,60.6323],[5.5891,60.6424],[5.5891,60.6661],[5.5927,60.6762],[5.6071,60.688],[5.6359,60.6931],[5.6647,60.688],[5.6863,60.6762]]]}}]}